# AURELIS Luxury Hobo Bag 3D Model
# Improved with Area-Weighted Smooth Normals, UV Mapping, and PBR Materials
mtllib aurelis_hobo_bag.mtl

v -0.1380 24.0000 0.1130
v -0.1390 24.0000 0.1050
v -0.1390 24.0000 0.0960
v -0.1390 24.0000 0.0880
v -0.1390 24.0000 0.0800
v -0.1390 24.0000 0.0720
v -0.1380 24.0000 0.0640
v -0.1370 24.0000 0.0570
v -0.1360 24.0000 0.0500
v -0.1350 24.0000 0.0430
v -0.1330 24.0000 0.0360
v -0.1310 24.0000 0.0290
v -0.1300 24.0000 0.0230
v -0.1280 24.0000 0.0160
v -0.1250 24.0000 0.0100
v -0.1230 24.0000 0.0040
v -0.1200 24.0000 -0.0010
v -0.1180 24.0000 -0.0070
v -0.1150 24.0000 -0.0120
v -0.1120 24.0000 -0.0170
v -0.1080 24.0000 -0.0220
v -0.1050 24.0000 -0.0270
v -0.1020 24.0000 -0.0310
v -0.0980 24.0000 -0.0360
v -0.0940 24.0000 -0.0400
v -0.0900 24.0000 -0.0440
v -0.0860 24.0000 -0.0470
v -0.0820 24.0000 -0.0510
v -0.0780 24.0000 -0.0540
v -0.0740 24.0000 -0.0570
v -0.0700 24.0000 -0.0600
v -0.0650 24.0000 -0.0630
v -0.0610 24.0000 -0.0660
v -0.0560 24.0000 -0.0680
v -0.0510 24.0000 -0.0700
v -0.0470 24.0000 -0.0720
v -0.0420 24.0000 -0.0740
v -0.0370 24.0000 -0.0750
v -0.0320 24.0000 -0.0770
v -0.0280 24.0000 -0.0780
v -0.0230 24.0000 -0.0790
v -0.0180 24.0000 -0.0790
v -0.0130 24.0000 -0.0800
v -0.0080 24.0000 -0.0800
v -0.0030 24.0000 -0.0810
v 0.0020 24.0000 -0.0800
v 0.0070 24.0000 -0.0800
v 0.0120 24.0000 -0.0800
v 0.0170 24.0000 -0.0790
v 0.0220 24.0000 -0.0780
v 0.0270 24.0000 -0.0770
v 0.0320 24.0000 -0.0760
v 0.0370 24.0000 -0.0750
v 0.0410 24.0000 -0.0730
v 0.0460 24.0000 -0.0710
v 0.0510 24.0000 -0.0690
v 0.0560 24.0000 -0.0670
v 0.0600 24.0000 -0.0640
v 0.0650 24.0000 -0.0620
v 0.0690 24.0000 -0.0590
v 0.0730 24.0000 -0.0560
v 0.0780 24.0000 -0.0530
v 0.0820 24.0000 -0.0490
v 0.0860 24.0000 -0.0450
v 0.0900 24.0000 -0.0420
v 0.0940 24.0000 -0.0380
v 0.0970 24.0000 -0.0330
v 0.1010 24.0000 -0.0290
v 0.1040 24.0000 -0.0240
v 0.1080 24.0000 -0.0190
v 0.1110 24.0000 -0.0140
v 0.1140 24.0000 -0.0090
v 0.1170 24.0000 -0.0040
v 0.1200 24.0000 0.0020
v 0.1220 24.0000 0.0080
v 0.1250 24.0000 0.0140
v 0.1270 24.0000 0.0200
v 0.1290 24.0000 0.0260
v 0.1310 24.0000 0.0330
v 0.1330 24.0000 0.0400
v 0.1340 24.0000 0.0470
v 0.1350 24.0000 0.0540
v 0.1360 24.0000 0.0620
v 0.1370 24.0000 0.0690
v 0.1380 24.0000 0.0770
v 0.1380 24.0000 0.0850
v 0.1390 24.0000 0.0930
v 0.1390 24.0000 0.1020
v 0.1380 24.0000 0.1110
v 0.1380 24.0000 0.1190
v 0.1360 24.0000 0.1150
v 0.1340 24.0000 0.1110
v 0.1320 24.0000 0.1080
v 0.1300 24.0000 0.1040
v 0.1270 24.0000 0.1000
v 0.1250 24.0000 0.0970
v 0.1230 24.0000 0.0930
v 0.1200 24.0000 0.0900
v 0.1180 24.0000 0.0870
v 0.1150 24.0000 0.0830
v 0.1130 24.0000 0.0800
v 0.1100 24.0000 0.0770
v 0.1070 24.0000 0.0740
v 0.1040 24.0000 0.0720
v 0.1010 24.0000 0.0690
v 0.0980 24.0000 0.0660
v 0.0950 24.0000 0.0640
v 0.0920 24.0000 0.0610
v 0.0890 24.0000 0.0590
v 0.0860 24.0000 0.0570
v 0.0830 24.0000 0.0540
v 0.0800 24.0000 0.0520
v 0.0770 24.0000 0.0500
v 0.0730 24.0000 0.0480
v 0.0700 24.0000 0.0470
v 0.0660 24.0000 0.0450
v 0.0630 24.0000 0.0430
v 0.0600 24.0000 0.0420
v 0.0560 24.0000 0.0400
v 0.0530 24.0000 0.0390
v 0.0490 24.0000 0.0370
v 0.0460 24.0000 0.0360
v 0.0420 24.0000 0.0350
v 0.0380 24.0000 0.0340
v 0.0350 24.0000 0.0330
v 0.0310 24.0000 0.0320
v 0.0270 24.0000 0.0310
v 0.0240 24.0000 0.0310
v 0.0200 24.0000 0.0300
v 0.0160 24.0000 0.0300
v 0.0130 24.0000 0.0290
v 0.0090 24.0000 0.0290
v 0.0050 24.0000 0.0290
v 0.0020 24.0000 0.0290
v -0.0020 24.0000 0.0290
v -0.0060 24.0000 0.0290
v -0.0100 24.0000 0.0290
v -0.0130 24.0000 0.0290
v -0.0170 24.0000 0.0290
v -0.0210 24.0000 0.0300
v -0.0240 24.0000 0.0300
v -0.0280 24.0000 0.0310
v -0.0320 24.0000 0.0310
v -0.0350 24.0000 0.0320
v -0.0390 24.0000 0.0330
v -0.0430 24.0000 0.0340
v -0.0460 24.0000 0.0350
v -0.0500 24.0000 0.0360
v -0.0530 24.0000 0.0370
v -0.0570 24.0000 0.0380
v -0.0600 24.0000 0.0400
v -0.0640 24.0000 0.0410
v -0.0670 24.0000 0.0430
v -0.0700 24.0000 0.0440
v -0.0740 24.0000 0.0460
v -0.0770 24.0000 0.0480
v -0.0800 24.0000 0.0500
v -0.0840 24.0000 0.0520
v -0.0870 24.0000 0.0540
v -0.0900 24.0000 0.0560
v -0.0930 24.0000 0.0580
v -0.0960 24.0000 0.0610
v -0.0990 24.0000 0.0630
v -0.1020 24.0000 0.0650
v -0.1050 24.0000 0.0680
v -0.1080 24.0000 0.0710
v -0.1100 24.0000 0.0730
v -0.1130 24.0000 0.0760
v -0.1160 24.0000 0.0790
v -0.1180 24.0000 0.0820
v -0.1210 24.0000 0.0850
v -0.1230 24.0000 0.0890
v -0.1260 24.0000 0.0920
v -0.1280 24.0000 0.0950
v -0.1300 24.0000 0.0990
v -0.1320 24.0000 0.1020
v -0.1340 24.0000 0.1060
v -0.1360 24.0000 0.1100
v -16.1820 23.8350 13.2660
v -16.2440 23.8350 12.2540
v -16.2770 23.8350 11.2640
v -16.2820 23.8350 10.2980
v -16.2600 23.8350 9.3550
v -16.2100 23.8350 8.4360
v -16.1340 23.8350 7.5390
v -16.0320 23.8350 6.6650
v -15.9050 23.8350 5.8140
v -15.7540 23.8350 4.9860
v -15.5800 23.8350 4.1810
v -15.3820 23.8350 3.4000
v -15.1620 23.8350 2.6410
v -14.9210 23.8350 1.9050
v -14.6580 23.8350 1.1930
v -14.3750 23.8350 0.5040
v -14.0720 23.8350 -0.1630
v -13.7510 23.8350 -0.8060
v -13.4110 23.8350 -1.4260
v -13.0530 23.8350 -2.0230
v -12.6790 23.8350 -2.5970
v -12.2880 23.8350 -3.1480
v -11.8820 23.8350 -3.6750
v -11.4600 23.8350 -4.1800
v -11.0240 23.8350 -4.6610
v -10.5750 23.8350 -5.1190
v -10.1120 23.8350 -5.5550
v -9.6370 23.8350 -5.9660
v -9.1510 23.8350 -6.3550
v -8.6540 23.8350 -6.7210
v -8.1460 23.8350 -7.0630
v -7.6280 23.8350 -7.3820
v -7.1020 23.8350 -7.6780
v -6.5670 23.8350 -7.9510
v -6.0250 23.8350 -8.2010
v -5.4750 23.8350 -8.4270
v -4.9200 23.8350 -8.6310
v -4.3580 23.8350 -8.8110
v -3.7920 23.8350 -8.9670
v -3.2210 23.8350 -9.1010
v -2.6470 23.8350 -9.2110
v -2.0690 23.8350 -9.2980
v -1.4890 23.8350 -9.3620
v -0.9080 23.8350 -9.4030
v -0.3260 23.8350 -9.4200
v 0.2570 23.8350 -9.4140
v 0.8390 23.8350 -9.3850
v 1.4210 23.8350 -9.3330
v 2.0010 23.8350 -9.2570
v 2.5780 23.8350 -9.1580
v 3.1520 23.8350 -9.0360
v 3.7230 23.8350 -8.8900
v 4.2900 23.8350 -8.7210
v 4.8510 23.8350 -8.5290
v 5.4070 23.8350 -8.3130
v 5.9560 23.8350 -8.0740
v 6.4990 23.8350 -7.8120
v 7.0330 23.8350 -7.5270
v 7.5600 23.8350 -7.2180
v 8.0770 23.8350 -6.8860
v 8.5850 23.8350 -6.5300
v 9.0820 23.8350 -6.1510
v 9.5690 23.8350 -5.7490
v 10.0440 23.8350 -5.3230
v 10.5060 23.8350 -4.8740
v 10.9560 23.8350 -4.4010
v 11.3920 23.8350 -3.9060
v 11.8130 23.8350 -3.3860
v 12.2200 23.8350 -2.8440
v 12.6100 23.8350 -2.2780
v 12.9850 23.8350 -1.6880
v 13.3420 23.8350 -1.0750
v 13.6820 23.8350 -0.4390
v 14.0040 23.8350 0.2210
v 14.3060 23.8350 0.9040
v 14.5890 23.8350 1.6100
v 14.8520 23.8350 2.3400
v 15.0940 23.8350 3.0940
v 15.3140 23.8350 3.8710
v 15.5110 23.8350 4.6710
v 15.6860 23.8350 5.4950
v 15.8370 23.8350 6.3430
v 15.9640 23.8350 7.2130
v 16.0650 23.8350 8.1080
v 16.1410 23.8350 9.0260
v 16.1910 23.8350 9.9670
v 16.2140 23.8350 10.9320
v 16.2090 23.8350 11.9200
v 16.1760 23.8350 12.9320
v 16.1130 23.8350 13.9680
v 15.8900 23.8350 13.5000
v 15.6570 23.8350 13.0420
v 15.4140 23.8350 12.5960
v 15.1630 23.8350 12.1590
v 14.9020 23.8350 11.7340
v 14.6330 23.8350 11.3190
v 14.3560 23.8350 10.9150
v 14.0700 23.8350 10.5210
v 13.7770 23.8350 10.1380
v 13.4750 23.8350 9.7650
v 13.1670 23.8350 9.4030
v 12.8510 23.8350 9.0520
v 12.5270 23.8350 8.7110
v 12.1970 23.8350 8.3810
v 11.8610 23.8350 8.0610
v 11.5180 23.8350 7.7520
v 11.1680 23.8350 7.4530
v 10.8130 23.8350 7.1650
v 10.4520 23.8350 6.8880
v 10.0850 23.8350 6.6210
v 9.7130 23.8350 6.3640
v 9.3360 23.8350 6.1180
v 8.9540 23.8350 5.8830
v 8.5670 23.8350 5.6580
v 8.1760 23.8350 5.4430
v 7.7800 23.8350 5.2390
v 7.3810 23.8350 5.0460
v 6.9780 23.8350 4.8620
v 6.5710 23.8350 4.6900
v 6.1600 23.8350 4.5280
v 5.7470 23.8350 4.3760
v 5.3300 23.8350 4.2350
v 4.9110 23.8350 4.1040
v 4.4900 23.8350 3.9840
v 4.0660 23.8350 3.8740
v 3.6400 23.8350 3.7740
v 3.2120 23.8350 3.6850
v 2.7820 23.8350 3.6070
v 2.3510 23.8350 3.5380
v 1.9190 23.8350 3.4800
v 1.4860 23.8350 3.4330
v 1.0520 23.8350 3.3960
v 0.6180 23.8350 3.3690
v 0.1830 23.8350 3.3530
v -0.2520 23.8350 3.3470
v -0.6860 23.8350 3.3520
v -1.1210 23.8350 3.3660
v -1.5550 23.8350 3.3920
v -1.9880 23.8350 3.4270
v -2.4200 23.8350 3.4730
v -2.8510 23.8350 3.5290
v -3.2800 23.8350 3.5960
v -3.7080 23.8350 3.6720
v -4.1340 23.8350 3.7600
v -4.5580 23.8350 3.8570
v -4.9800 23.8350 3.9650
v -5.3990 23.8350 4.0830
v -5.8150 23.8350 4.2110
v -6.2290 23.8350 4.3500
v -6.6390 23.8350 4.4990
v -7.0460 23.8350 4.6580
v -7.4490 23.8350 4.8280
v -7.8490 23.8350 5.0080
v -8.2440 23.8350 5.1980
v -8.6360 23.8350 5.3980
v -9.0220 23.8350 5.6080
v -9.4040 23.8350 5.8290
v -9.7820 23.8350 6.0600
v -10.1540 23.8350 6.3020
v -10.5200 23.8350 6.5530
v -10.8810 23.8350 6.8150
v -11.2370 23.8350 7.0870
v -11.5860 23.8350 7.3690
v -11.9290 23.8350 7.6610
v -12.2660 23.8350 7.9630
v -12.5960 23.8350 8.2760
v -12.9190 23.8350 8.5990
v -13.2350 23.8350 8.9320
v -13.5440 23.8350 9.2750
v -13.8450 23.8350 9.6290
v -14.1390 23.8350 9.9920
v -14.4240 23.8350 10.3660
v -14.7020 23.8350 10.7500
v -14.9710 23.8350 11.1440
v -15.2310 23.8350 11.5480
v -15.4830 23.8350 11.9620
v -15.7250 23.8350 12.3860
v -15.9580 23.8350 12.8210
v -32.0070 23.3480 26.2390
v -32.1300 23.3480 24.2370
v -32.1960 23.3480 22.2810
v -32.2060 23.3480 20.3700
v -32.1610 23.3480 18.5050
v -32.0620 23.3480 16.6850
v -31.9120 23.3480 14.9110
v -31.7110 23.3480 13.1820
v -31.4600 23.3480 11.4990
v -31.1610 23.3480 9.8620
v -30.8160 23.3480 8.2700
v -30.4250 23.3480 6.7240
v -29.9900 23.3480 5.2240
v -29.5120 23.3480 3.7690
v -28.9930 23.3480 2.3600
v -28.4330 23.3480 0.9960
v -27.8350 23.3480 -0.3220
v -27.1990 23.3480 -1.5940
v -26.5260 23.3480 -2.8210
v -25.8190 23.3480 -4.0020
v -25.0780 23.3480 -5.1370
v -24.3050 23.3480 -6.2260
v -23.5010 23.3480 -7.2700
v -22.6670 23.3480 -8.2680
v -21.8050 23.3480 -9.2200
v -20.9160 23.3480 -10.1260
v -20.0020 23.3480 -10.9870
v -19.0620 23.3480 -11.8010
v -18.1000 23.3480 -12.5700
v -17.1160 23.3480 -13.2930
v -16.1120 23.3480 -13.9710
v -15.0880 23.3480 -14.6020
v -14.0470 23.3480 -15.1880
v -12.9890 23.3480 -15.7270
v -11.9170 23.3480 -16.2210
v -10.8300 23.3480 -16.6690
v -9.7310 23.3480 -17.0710
v -8.6200 23.3480 -17.4270
v -7.5000 23.3480 -17.7370
v -6.3710 23.3480 -18.0010
v -5.2350 23.3480 -18.2200
v -4.0930 23.3480 -18.3920
v -2.9460 23.3480 -18.5180
v -1.7960 23.3480 -18.5990
v -0.6440 23.3480 -18.6330
v 0.5090 23.3480 -18.6210
v 1.6600 23.3480 -18.5630
v 2.8100 23.3480 -18.4600
v 3.9570 23.3480 -18.3100
v 5.0990 23.3480 -18.1140
v 6.2350 23.3480 -17.8720
v 7.3640 23.3480 -17.5840
v 8.4850 23.3480 -17.2500
v 9.5950 23.3480 -16.8700
v 10.6940 23.3480 -16.4430
v 11.7810 23.3480 -15.9710
v 12.8540 23.3480 -15.4520
v 13.9120 23.3480 -14.8870
v 14.9530 23.3480 -14.2760
v 15.9760 23.3480 -13.6190
v 16.9810 23.3480 -12.9160
v 17.9650 23.3480 -12.1660
v 18.9270 23.3480 -11.3710
v 19.8660 23.3480 -10.5290
v 20.7810 23.3480 -9.6400
v 21.6700 23.3480 -8.7060
v 22.5320 23.3480 -7.7250
v 23.3660 23.3480 -6.6980
v 24.1700 23.3480 -5.6250
v 24.9430 23.3480 -4.5050
v 25.6830 23.3480 -3.3390
v 26.3910 23.3480 -2.1270
v 27.0630 23.3480 -0.8690
v 27.6990 23.3480 0.4360
v 28.2970 23.3480 1.7880
v 28.8570 23.3480 3.1850
v 29.3760 23.3480 4.6290
v 29.8540 23.3480 6.1200
v 30.2890 23.3480 7.6560
v 30.6800 23.3480 9.2400
v 31.0260 23.3480 10.8690
v 31.3240 23.3480 12.5450
v 31.5750 23.3480 14.2680
v 31.7760 23.3480 16.0370
v 31.9270 23.3480 17.8520
v 32.0250 23.3480 19.7140
v 32.0700 23.3480 21.6230
v 32.0600 23.3480 23.5780
v 31.9950 23.3480 25.5790
v 31.8720 23.3480 27.6270
v 31.4290 23.3480 26.7020
v 30.9680 23.3480 25.7970
v 30.4880 23.3480 24.9130
v 29.9910 23.3480 24.0510
v 29.4760 23.3480 23.2090
v 28.9440 23.3480 22.3880
v 28.3950 23.3480 21.5890
v 27.8300 23.3480 20.8100
v 27.2500 23.3480 20.0520
v 26.6540 23.3480 19.3150
v 26.0430 23.3480 18.5990
v 25.4180 23.3480 17.9040
v 24.7790 23.3480 17.2300
v 24.1260 23.3480 16.5770
v 23.4600 23.3480 15.9450
v 22.7810 23.3480 15.3330
v 22.0900 23.3480 14.7420
v 21.3870 23.3480 14.1730
v 20.6730 23.3480 13.6240
v 19.9480 23.3480 13.0950
v 19.2120 23.3480 12.5880
v 18.4660 23.3480 12.1010
v 17.7100 23.3480 11.6360
v 16.9450 23.3480 11.1910
v 16.1710 23.3480 10.7660
v 15.3890 23.3480 10.3630
v 14.5990 23.3480 9.9800
v 13.8010 23.3480 9.6180
v 12.9960 23.3480 9.2760
v 12.1850 23.3480 8.9560
v 11.3670 23.3480 8.6560
v 10.5430 23.3480 8.3760
v 9.7140 23.3480 8.1180
v 8.8800 23.3480 7.8790
v 8.0420 23.3480 7.6620
v 7.1990 23.3480 7.4650
v 6.3530 23.3480 7.2890
v 5.5030 23.3480 7.1340
v 4.6510 23.3480 6.9990
v 3.7960 23.3480 6.8840
v 2.9400 23.3480 6.7900
v 2.0810 23.3480 6.7170
v 1.2220 23.3480 6.6640
v 0.3620 23.3480 6.6320
v -0.4980 23.3480 6.6200
v -1.3580 23.3480 6.6290
v -2.2170 23.3480 6.6580
v -3.0750 23.3480 6.7080
v -3.9320 23.3480 6.7780
v -4.7860 23.3480 6.8690
v -5.6390 23.3480 6.9800
v -6.4880 23.3480 7.1120
v -7.3350 23.3480 7.2640
v -8.1770 23.3480 7.4360
v -9.0160 23.3480 7.6290
v -9.8500 23.3480 7.8420
v -10.6790 23.3480 8.0760
v -11.5020 23.3480 8.3300
v -12.3200 23.3480 8.6040
v -13.1320 23.3480 8.8990
v -13.9370 23.3480 9.2140
v -14.7340 23.3480 9.5490
v -15.5250 23.3480 9.9050
v -16.3070 23.3480 10.2810
v -17.0810 23.3480 10.6770
v -17.8460 23.3480 11.0930
v -18.6010 23.3480 11.5300
v -19.3470 23.3480 11.9870
v -20.0830 23.3480 12.4640
v -20.8090 23.3480 12.9610
v -21.5230 23.3480 13.4790
v -22.2260 23.3480 14.0170
v -22.9170 23.3480 14.5750
v -23.5950 23.3480 15.1530
v -24.2610 23.3480 15.7510
v -24.9140 23.3480 16.3700
v -25.5530 23.3480 17.0080
v -26.1790 23.3480 17.6670
v -26.7890 23.3480 18.3460
v -27.3850 23.3480 19.0450
v -27.9660 23.3480 19.7640
v -28.5310 23.3480 20.5030
v -29.0790 23.3480 21.2630
v -29.6110 23.3480 22.0420
v -30.1260 23.3480 22.8410
v -30.6240 23.3480 23.6600
v -31.1030 23.3480 24.5000
v -31.5650 23.3480 25.3590
v -47.4000 22.5460 38.8570
v -47.5820 22.5460 35.8930
v -47.6800 22.5460 32.9960
v -47.6940 22.5460 30.1660
v -47.6270 22.5460 27.4040
v -47.4820 22.5460 24.7090
v -47.2590 22.5460 22.0820
v -46.9610 22.5460 19.5220
v -46.5900 22.5460 17.0300
v -46.1480 22.5460 14.6050
v -45.6360 22.5460 12.2480
v -45.0570 22.5460 9.9580
v -44.4130 22.5460 7.7360
v -43.7050 22.5460 5.5810
v -42.9360 22.5460 3.4940
v -42.1070 22.5460 1.4750
v -41.2210 22.5460 -0.4770
v -40.2790 22.5460 -2.3610
v -39.2830 22.5460 -4.1770
v -38.2360 22.5460 -5.9260
v -37.1390 22.5460 -7.6070
v -35.9940 22.5460 -9.2200
v -34.8030 22.5460 -10.7660
v -33.5690 22.5460 -12.2440
v -32.2920 22.5460 -13.6540
v -30.9750 22.5460 -14.9960
v -29.6210 22.5460 -16.2700
v -28.2300 22.5460 -17.4770
v -26.8050 22.5460 -18.6150
v -25.3480 22.5460 -19.6860
v -23.8600 22.5460 -20.6890
v -22.3450 22.5460 -21.6240
v -20.8030 22.5460 -22.4920
v -19.2360 22.5460 -23.2910
v -17.6480 22.5460 -24.0220
v -16.0380 22.5460 -24.6850
v -14.4100 22.5460 -25.2810
v -12.7660 22.5460 -25.8080
v -11.1070 22.5460 -26.2670
v -9.4350 22.5460 -26.6590
v -7.7520 22.5460 -26.9820
v -6.0610 22.5460 -27.2370
v -4.3630 22.5460 -27.4240
v -2.6600 22.5460 -27.5430
v -0.9540 22.5460 -27.5940
v 0.7530 22.5460 -27.5760
v 2.4590 22.5460 -27.4910
v 4.1620 22.5460 -27.3370
v 5.8600 22.5460 -27.1150
v 7.5520 22.5460 -26.8250
v 9.2340 22.5460 -26.4670
v 10.9060 22.5460 -26.0400
v 12.5650 22.5460 -25.5460
v 14.2090 22.5460 -24.9830
v 15.8370 22.5460 -24.3510
v 17.4470 22.5460 -23.6510
v 19.0360 22.5460 -22.8830
v 20.6020 22.5460 -22.0470
v 22.1440 22.5460 -21.1420
v 23.6600 22.5460 -20.1690
v 25.1470 22.5460 -19.1270
v 26.6040 22.5460 -18.0170
v 28.0290 22.5460 -16.8390
v 29.4200 22.5460 -15.5920
v 30.7750 22.5460 -14.2770
v 32.0910 22.5460 -12.8930
v 33.3680 22.5460 -11.4400
v 34.6030 22.5460 -9.9190
v 35.7930 22.5460 -8.3300
v 36.9380 22.5460 -6.6720
v 38.0350 22.5460 -4.9450
v 39.0820 22.5460 -3.1500
v 40.0780 22.5460 -1.2860
v 41.0200 22.5460 0.6460
v 41.9060 22.5460 2.6470
v 42.7350 22.5460 4.7170
v 43.5040 22.5460 6.8550
v 44.2120 22.5460 9.0630
v 44.8560 22.5460 11.3380
v 45.4350 22.5460 13.6830
v 45.9470 22.5460 16.0960
v 46.3890 22.5460 18.5790
v 46.7600 22.5460 21.1300
v 47.0580 22.5460 23.7490
v 47.2810 22.5460 26.4380
v 47.4260 22.5460 29.1950
v 47.4930 22.5460 32.0220
v 47.4790 22.5460 34.9170
v 47.3810 22.5460 37.8810
v 47.1990 22.5460 40.9140
v 46.5440 22.5460 39.5430
v 45.8610 22.5460 38.2030
v 45.1510 22.5460 36.8950
v 44.4140 22.5460 35.6170
v 43.6510 22.5460 34.3710
v 42.8630 22.5460 33.1550
v 42.0510 22.5460 31.9710
v 41.2140 22.5460 30.8180
v 40.3550 22.5460 29.6960
v 39.4720 22.5460 28.6040
v 38.5680 22.5460 27.5440
v 37.6420 22.5460 26.5150
v 36.6950 22.5460 25.5170
v 35.7280 22.5460 24.5490
v 34.7420 22.5460 23.6130
v 33.7370 22.5460 22.7070
v 32.7140 22.5460 21.8320
v 31.6730 22.5460 20.9880
v 30.6150 22.5460 20.1750
v 29.5410 22.5460 19.3930
v 28.4510 22.5460 18.6420
v 27.3460 22.5460 17.9210
v 26.2270 22.5460 17.2310
v 25.0940 22.5460 16.5720
v 23.9480 22.5460 15.9440
v 22.7900 22.5460 15.3460
v 21.6200 22.5460 14.7790
v 20.4380 22.5460 14.2430
v 19.2460 22.5460 13.7380
v 18.0450 22.5460 13.2630
v 16.8330 22.5460 12.8180
v 15.6140 22.5460 12.4050
v 14.3860 22.5460 12.0210
v 13.1510 22.5460 11.6690
v 11.9090 22.5460 11.3470
v 10.6610 22.5460 11.0560
v 9.4080 22.5460 10.7950
v 8.1500 22.5460 10.5640
v 6.8880 22.5460 10.3640
v 5.6220 22.5460 10.1950
v 4.3530 22.5460 10.0560
v 3.0820 22.5460 9.9470
v 1.8100 22.5460 9.8690
v 0.5360 22.5460 9.8220
v -0.7370 22.5460 9.8040
v -2.0110 22.5460 9.8170
v -3.2830 22.5460 9.8610
v -4.5540 22.5460 9.9340
v -5.8230 22.5460 10.0380
v -7.0880 22.5460 10.1730
v -8.3510 22.5460 10.3370
v -9.6090 22.5460 10.5320
v -10.8620 22.5460 10.7570
v -12.1100 22.5460 11.0130
v -13.3520 22.5460 11.2980
v -14.5870 22.5460 11.6140
v -15.8140 22.5460 11.9600
v -17.0340 22.5460 12.3360
v -18.2450 22.5460 12.7420
v -19.4470 22.5460 13.1790
v -20.6390 22.5460 13.6450
v -21.8210 22.5460 14.1420
v -22.9910 22.5460 14.6680
v -24.1490 22.5460 15.2250
v -25.2950 22.5460 15.8110
v -26.4280 22.5460 16.4280
v -27.5470 22.5460 17.0750
v -28.6520 22.5460 17.7520
v -29.7420 22.5460 18.4580
v -30.8160 22.5460 19.1950
v -31.8740 22.5460 19.9610
v -32.9140 22.5460 20.7580
v -33.9380 22.5460 21.5840
v -34.9430 22.5460 22.4400
v -35.9290 22.5460 23.3270
v -36.8960 22.5460 24.2420
v -37.8430 22.5460 25.1880
v -38.7680 22.5460 26.1640
v -39.6730 22.5460 27.1690
v -40.5550 22.5460 28.2040
v -41.4150 22.5460 29.2690
v -42.2520 22.5460 30.3640
v -43.0640 22.5460 31.4880
v -43.8520 22.5460 32.6420
v -44.6150 22.5460 33.8260
v -45.3510 22.5460 35.0390
v -46.0620 22.5460 36.2820
v -46.7450 22.5460 37.5550
v -62.1530 21.4400 50.9510
v -62.3920 21.4400 47.0640
v -62.5190 21.4400 43.2650
v -62.5380 21.4400 39.5550
v -62.4510 21.4400 35.9330
v -62.2600 21.4400 32.4000
v -61.9680 21.4400 28.9550
v -61.5770 21.4400 25.5980
v -61.0900 21.4400 22.3300
v -60.5100 21.4400 19.1510
v -59.8400 21.4400 16.0600
v -59.0800 21.4400 13.0570
v -58.2360 21.4400 10.1440
v -57.3080 21.4400 7.3180
v -56.2990 21.4400 4.5820
v -55.2120 21.4400 1.9340
v -54.0500 21.4400 -0.6250
v -52.8150 21.4400 -3.0960
v -51.5100 21.4400 -5.4770
v -50.1360 21.4400 -7.7700
v -48.6980 21.4400 -9.9750
v -47.1970 21.4400 -12.0900
v -45.6350 21.4400 -14.1170
v -44.0160 21.4400 -16.0540
v -42.3430 21.4400 -17.9030
v -40.6160 21.4400 -19.6630
v -38.8400 21.4400 -21.3340
v -37.0160 21.4400 -22.9160
v -35.1480 21.4400 -24.4090
v -33.2370 21.4400 -25.8130
v -31.2870 21.4400 -27.1290
v -29.2990 21.4400 -28.3550
v -27.2770 21.4400 -29.4920
v -25.2230 21.4400 -30.5400
v -23.1400 21.4400 -31.4990
v -21.0300 21.4400 -32.3680
v -18.8950 21.4400 -33.1490
v -16.7390 21.4400 -33.8410
v -14.5630 21.4400 -34.4430
v -12.3710 21.4400 -34.9560
v -10.1650 21.4400 -35.3800
v -7.9470 21.4400 -35.7140
v -5.7210 21.4400 -35.9590
v -3.4880 21.4400 -36.1150
v -1.2510 21.4400 -36.1820
v 0.9870 21.4400 -36.1590
v 3.2240 21.4400 -36.0470
v 5.4570 21.4400 -35.8460
v 7.6840 21.4400 -35.5550
v 9.9020 21.4400 -35.1740
v 12.1080 21.4400 -34.7050
v 14.3000 21.4400 -34.1450
v 16.4760 21.4400 -33.4960
v 18.6320 21.4400 -32.7580
v 20.7670 21.4400 -31.9300
v 22.8770 21.4400 -31.0130
v 24.9600 21.4400 -30.0060
v 27.0140 21.4400 -28.9090
v 29.0360 21.4400 -27.7220
v 31.0240 21.4400 -26.4460
v 32.9740 21.4400 -25.0810
v 34.8840 21.4400 -23.6250
v 36.7530 21.4400 -22.0800
v 38.5770 21.4400 -20.4450
v 40.3530 21.4400 -18.7200
v 42.0790 21.4400 -16.9050
v 43.7530 21.4400 -15.0010
v 45.3720 21.4400 -13.0070
v 46.9330 21.4400 -10.9230
v 48.4350 21.4400 -8.7490
v 49.8730 21.4400 -6.4850
v 51.2460 21.4400 -4.1310
v 52.5520 21.4400 -1.6870
v 53.7870 21.4400 0.8470
v 54.9490 21.4400 3.4710
v 56.0360 21.4400 6.1850
v 57.0440 21.4400 8.9890
v 57.9720 21.4400 11.8830
v 58.8170 21.4400 14.8670
v 59.5760 21.4400 17.9420
v 60.2470 21.4400 21.1060
v 60.8270 21.4400 24.3610
v 61.3140 21.4400 27.7060
v 61.7040 21.4400 31.1410
v 61.9960 21.4400 34.6660
v 62.1870 21.4400 38.2820
v 62.2750 21.4400 41.9880
v 62.2560 21.4400 45.7840
v 62.1280 21.4400 49.6710
v 61.8890 21.4400 53.6480
v 61.0300 21.4400 51.8500
v 60.1340 21.4400 50.0930
v 59.2030 21.4400 48.3780
v 58.2370 21.4400 46.7030
v 57.2370 21.4400 45.0680
v 56.2040 21.4400 43.4750
v 55.1390 21.4400 41.9220
v 54.0420 21.4400 40.4100
v 52.9140 21.4400 38.9380
v 51.7570 21.4400 37.5070
v 50.5710 21.4400 36.1170
v 49.3570 21.4400 34.7670
v 48.1160 21.4400 33.4580
v 46.8480 21.4400 32.1900
v 45.5550 21.4400 30.9620
v 44.2370 21.4400 29.7740
v 42.8950 21.4400 28.6270
v 41.5310 21.4400 27.5210
v 40.1440 21.4400 26.4550
v 38.7350 21.4400 25.4290
v 37.3060 21.4400 24.4440
v 35.8580 21.4400 23.4990
v 34.3900 21.4400 22.5940
v 32.9050 21.4400 21.7300
v 31.4020 21.4400 20.9060
v 29.8830 21.4400 20.1230
v 28.3490 21.4400 19.3790
v 26.8000 21.4400 18.6760
v 25.2370 21.4400 18.0130
v 23.6610 21.4400 17.3900
v 22.0730 21.4400 16.8080
v 20.4730 21.4400 16.2650
v 18.8630 21.4400 15.7630
v 17.2440 21.4400 15.3010
v 15.6160 21.4400 14.8790
v 13.9790 21.4400 14.4960
v 12.3360 21.4400 14.1540
v 10.6860 21.4400 13.8520
v 9.0310 21.4400 13.5900
v 7.3720 21.4400 13.3680
v 5.7080 21.4400 13.1860
v 4.0420 21.4400 13.0430
v 2.3730 21.4400 12.9410
v 0.7030 21.4400 12.8780
v -0.9670 21.4400 12.8560
v -2.6360 21.4400 12.8730
v -4.3050 21.4400 12.9300
v -5.9710 21.4400 13.0260
v -7.6350 21.4400 13.1630
v -9.2950 21.4400 13.3390
v -10.9500 21.4400 13.5550
v -12.5990 21.4400 13.8100
v -14.2430 21.4400 14.1050
v -15.8790 21.4400 14.4400
v -17.5070 21.4400 14.8150
v -19.1270 21.4400 15.2290
v -20.7370 21.4400 15.6820
v -22.3360 21.4400 16.1750
v -23.9240 21.4400 16.7080
v -25.5000 21.4400 17.2800
v -27.0630 21.4400 17.8920
v -28.6120 21.4400 18.5430
v -30.1460 21.4400 19.2330
v -31.6650 21.4400 19.9630
v -33.1680 21.4400 20.7330
v -34.6530 21.4400 21.5410
v -36.1210 21.4400 22.3890
v -37.5700 21.4400 23.2770
v -38.9980 21.4400 24.2030
v -40.4070 21.4400 25.1690
v -41.7940 21.4400 26.1740
v -43.1590 21.4400 27.2190
v -44.5010 21.4400 28.3020
v -45.8180 21.4400 29.4250
v -47.1120 21.4400 30.5870
v -48.3790 21.4400 31.7880
v -49.6210 21.4400 33.0280
v -50.8350 21.4400 34.3070
v -52.0210 21.4400 35.6250
v -53.1780 21.4400 36.9820
v -54.3050 21.4400 38.3790
v -55.4020 21.4400 39.8140
v -56.4670 21.4400 41.2880
v -57.5000 21.4400 42.8020
v -58.5000 21.4400 44.3540
v -59.4660 21.4400 45.9450
v -60.3980 21.4400 47.5750
v -61.2930 21.4400 49.2430
v -76.0660 20.0430 62.3570
v -76.3580 20.0430 57.6000
v -76.5140 20.0430 52.9500
v -76.5370 20.0430 48.4100
v -76.4310 20.0430 43.9770
v -76.1970 20.0430 39.6520
v -75.8390 20.0430 35.4360
v -75.3610 20.0430 31.3280
v -74.7660 20.0430 27.3290
v -74.0560 20.0430 23.4380
v -73.2350 20.0430 19.6550
v -72.3060 20.0430 15.9800
v -71.2720 20.0430 12.4140
v -70.1360 20.0430 8.9570
v -68.9020 20.0430 5.6070
v -67.5720 20.0430 2.3670
v -66.1500 20.0430 -0.7650
v -64.6380 20.0430 -3.7890
v -63.0400 20.0430 -6.7040
v -61.3600 20.0430 -9.5100
v -59.5990 20.0430 -12.2070
v -57.7620 20.0430 -14.7960
v -55.8510 20.0430 -17.2770
v -53.8700 20.0430 -19.6480
v -51.8210 20.0430 -21.9110
v -49.7080 20.0430 -24.0650
v -47.5340 20.0430 -26.1100
v -45.3020 20.0430 -28.0460
v -43.0160 20.0430 -29.8730
v -40.6770 20.0430 -31.5920
v -38.2910 20.0430 -33.2020
v -35.8580 20.0430 -34.7020
v -33.3840 20.0430 -36.0940
v -30.8700 20.0430 -37.3760
v -28.3200 20.0430 -38.5500
v -25.7370 20.0430 -39.6140
v -23.1250 20.0430 -40.5700
v -20.4860 20.0430 -41.4160
v -17.8240 20.0430 -42.1530
v -15.1410 20.0430 -42.7810
v -12.4410 20.0430 -43.3000
v -9.7260 20.0430 -43.7090
v -7.0010 20.0430 -44.0090
v -4.2680 20.0430 -44.2000
v -1.5310 20.0430 -44.2820
v 1.2090 20.0430 -44.2540
v 3.9460 20.0430 -44.1170
v 6.6790 20.0430 -43.8700
v 9.4040 20.0430 -43.5140
v 12.1180 20.0430 -43.0480
v 14.8190 20.0430 -42.4730
v 17.5010 20.0430 -41.7890
v 20.1640 20.0430 -40.9950
v 22.8030 20.0430 -40.0910
v 25.4150 20.0430 -39.0780
v 27.9980 20.0430 -37.9550
v 30.5480 20.0430 -36.7220
v 33.0610 20.0430 -35.3800
v 35.5360 20.0430 -33.9280
v 37.9680 20.0430 -32.3660
v 40.3550 20.0430 -30.6950
v 42.6940 20.0430 -28.9140
v 44.9800 20.0430 -27.0230
v 47.2120 20.0430 -25.0220
v 49.3860 20.0430 -22.9110
v 51.4990 20.0430 -20.6900
v 53.5480 20.0430 -18.3590
v 55.5290 20.0430 -15.9180
v 57.4400 20.0430 -13.3680
v 59.2770 20.0430 -10.7070
v 61.0380 20.0430 -7.9360
v 62.7180 20.0430 -5.0550
v 64.3160 20.0430 -2.0640
v 65.8270 20.0430 1.0370
v 67.2500 20.0430 4.2480
v 68.5800 20.0430 7.5700
v 69.8140 20.0430 11.0010
v 70.9500 20.0430 14.5430
v 71.9840 20.0430 18.1960
v 72.9130 20.0430 21.9580
v 73.7340 20.0430 25.8310
v 74.4440 20.0430 29.8140
v 75.0390 20.0430 33.9080
v 75.5170 20.0430 38.1120
v 75.8750 20.0430 42.4270
v 76.1080 20.0430 46.8520
v 76.2150 20.0430 51.3870
v 76.1920 20.0430 56.0330
v 76.0360 20.0430 60.7900
v 75.7440 20.0430 65.6570
v 74.6920 20.0430 63.4570
v 73.5960 20.0430 61.3070
v 72.4560 20.0430 59.2070
v 71.2740 20.0430 57.1570
v 70.0500 20.0430 55.1570
v 68.7850 20.0430 53.2070
v 67.4820 20.0430 51.3060
v 66.1390 20.0430 49.4560
v 64.7600 20.0430 47.6550
v 63.3440 20.0430 45.9030
v 61.8920 20.0430 44.2020
v 60.4060 20.0430 42.5500
v 58.8870 20.0430 40.9480
v 57.3360 20.0430 39.3960
v 55.7530 20.0430 37.8930
v 54.1400 20.0430 36.4400
v 52.4980 20.0430 35.0360
v 50.8270 20.0430 33.6820
v 49.1300 20.0430 32.3770
v 47.4060 20.0430 31.1220
v 45.6580 20.0430 29.9160
v 43.8850 20.0430 28.7590
v 42.0890 20.0430 27.6520
v 40.2710 20.0430 26.5950
v 38.4320 20.0430 25.5860
v 36.5730 20.0430 24.6270
v 34.6950 20.0430 23.7170
v 32.7990 20.0430 22.8570
v 30.8860 20.0430 22.0450
v 28.9570 20.0430 21.2830
v 27.0140 20.0430 20.5700
v 25.0560 20.0430 19.9060
v 23.0860 20.0430 19.2920
v 21.1040 20.0430 18.7260
v 19.1110 20.0430 18.2090
v 17.1090 20.0430 17.7410
v 15.0970 20.0430 17.3230
v 13.0790 20.0430 16.9530
v 11.0530 20.0430 16.6320
v 9.0220 20.0430 16.3600
v 6.9860 20.0430 16.1370
v 4.9460 20.0430 15.9630
v 2.9040 20.0430 15.8380
v 0.8610 20.0430 15.7610
v -1.1830 20.0430 15.7330
v -3.2270 20.0430 15.7540
v -5.2690 20.0430 15.8240
v -7.3080 20.0430 15.9420
v -9.3440 20.0430 16.1090
v -11.3750 20.0430 16.3250
v -13.4010 20.0430 16.5890
v -15.4200 20.0430 16.9020
v -17.4310 20.0430 17.2630
v -19.4330 20.0430 17.6730
v -21.4260 20.0430 18.1310
v -23.4080 20.0430 18.6380
v -25.3780 20.0430 19.1930
v -27.3360 20.0430 19.7960
v -29.2790 20.0430 20.4480
v -31.2080 20.0430 21.1480
v -33.1210 20.0430 21.8970
v -35.0170 20.0430 22.6940
v -36.8950 20.0430 23.5390
v -38.7540 20.0430 24.4320
v -40.5930 20.0430 25.3740
v -42.4110 20.0430 26.3630
v -44.2070 20.0430 27.4010
v -45.9800 20.0430 28.4870
v -47.7280 20.0430 29.6210
v -49.4520 20.0430 30.8030
v -51.1500 20.0430 32.0330
v -52.8200 20.0430 33.3120
v -54.4620 20.0430 34.6380
v -56.0750 20.0430 36.0120
v -57.6580 20.0430 37.4340
v -59.2090 20.0430 38.9030
v -60.7280 20.0430 40.4210
v -62.2140 20.0430 41.9870
v -63.6660 20.0430 43.6000
v -65.0820 20.0430 45.2610
v -66.4620 20.0430 46.9700
v -67.8040 20.0430 48.7270
v -69.1080 20.0430 50.5310
v -70.3720 20.0430 52.3830
v -71.5960 20.0430 54.2830
v -72.7780 20.0430 56.2300
v -73.9180 20.0430 58.2250
v -75.0140 20.0430 60.2670
v -88.9520 18.3760 72.9200
v -89.2940 18.3760 67.3570
v -89.4760 18.3760 61.9200
v -89.5030 18.3760 56.6100
v -89.3780 18.3760 51.4270
v -89.1050 18.3760 46.3700
v -88.6870 18.3760 41.4390
v -88.1280 18.3760 36.6360
v -87.4310 18.3760 31.9580
v -86.6010 18.3760 27.4080
v -85.6410 18.3760 22.9840
v -84.5550 18.3760 18.6870
v -83.3460 18.3760 14.5170
v -82.0180 18.3760 10.4740
v -80.5740 18.3760 6.5570
v -79.0190 18.3760 2.7680
v -77.3560 18.3760 -0.8950
v -75.5880 18.3760 -4.4300
v -73.7200 18.3760 -7.8390
v -71.7540 18.3760 -11.1210
v -69.6960 18.3760 -14.2750
v -67.5470 18.3760 -17.3030
v -65.3130 18.3760 -20.2030
v -62.9960 18.3760 -22.9770
v -60.6000 18.3760 -25.6230
v -58.1290 18.3760 -28.1410
v -55.5870 18.3760 -30.5330
v -52.9770 18.3760 -32.7970
v -50.3030 18.3760 -34.9340
v -47.5680 18.3760 -36.9440
v -44.7770 18.3760 -38.8260
v -41.9330 18.3760 -40.5810
v -39.0390 18.3760 -42.2080
v -36.0990 18.3760 -43.7080
v -33.1180 18.3760 -45.0800
v -30.0980 18.3760 -46.3250
v -27.0430 18.3760 -47.4420
v -23.9570 18.3760 -48.4320
v -20.8430 18.3760 -49.2940
v -17.7060 18.3760 -50.0280
v -14.5480 18.3760 -50.6350
v -11.3740 18.3760 -51.1130
v -8.1870 18.3760 -51.4640
v -4.9910 18.3760 -51.6880
v -1.7900 18.3760 -51.7830
v 1.4130 18.3760 -51.7510
v 4.6150 18.3760 -51.5900
v 7.8110 18.3760 -51.3020
v 10.9970 18.3760 -50.8850
v 14.1710 18.3760 -50.3410
v 17.3290 18.3760 -49.6690
v 20.4660 18.3760 -48.8680
v 23.5800 18.3760 -47.9390
v 26.6660 18.3760 -46.8830
v 29.7210 18.3760 -45.6980
v 32.7410 18.3760 -44.3850
v 35.7230 18.3760 -42.9430
v 38.6620 18.3760 -41.3740
v 41.5560 18.3760 -39.6760
v 44.4000 18.3760 -37.8490
v 47.1920 18.3760 -35.8950
v 49.9260 18.3760 -33.8120
v 52.6000 18.3760 -31.6000
v 55.2100 18.3760 -29.2600
v 57.7520 18.3760 -26.7920
v 60.2230 18.3760 -24.1950
v 62.6190 18.3760 -21.4690
v 64.9360 18.3760 -18.6150
v 67.1700 18.3760 -15.6320
v 69.3190 18.3760 -12.5210
v 71.3780 18.3760 -9.2810
v 73.3430 18.3760 -5.9120
v 75.2110 18.3760 -2.4140
v 76.9790 18.3760 1.2120
v 78.6420 18.3760 4.9680
v 80.1970 18.3760 8.8520
v 81.6410 18.3760 12.8650
v 82.9690 18.3760 17.0070
v 84.1780 18.3760 21.2780
v 85.2650 18.3760 25.6780
v 86.2250 18.3760 30.2070
v 87.0550 18.3760 34.8650
v 87.7510 18.3760 39.6520
v 88.3100 18.3760 44.5680
v 88.7280 18.3760 49.6140
v 89.0010 18.3760 54.7880
v 89.1260 18.3760 60.0920
v 89.1000 18.3760 65.5250
v 88.9170 18.3760 71.0880
v 88.5750 18.3760 76.7790
v 87.3450 18.3760 74.2070
v 86.0630 18.3760 71.6930
v 84.7300 18.3760 69.2370
v 83.3480 18.3760 66.8400
v 81.9170 18.3760 64.5010
v 80.4380 18.3760 62.2200
v 78.9130 18.3760 59.9980
v 77.3440 18.3760 57.8340
v 75.7300 18.3760 55.7280
v 74.0740 18.3760 53.6800
v 72.3770 18.3760 51.6900
v 70.6390 18.3760 49.7580
v 68.8630 18.3760 47.8850
v 67.0490 18.3760 46.0700
v 65.1980 18.3760 44.3120
v 63.3120 18.3760 42.6130
v 61.3910 18.3760 40.9710
v 59.4380 18.3760 39.3870
v 57.4530 18.3760 37.8620
v 55.4370 18.3760 36.3940
v 53.3920 18.3760 34.9840
v 51.3190 18.3760 33.6310
v 49.2190 18.3760 32.3370
v 47.0930 18.3760 31.1000
v 44.9420 18.3760 29.9210
v 42.7680 18.3760 28.7990
v 40.5720 18.3760 27.7350
v 38.3550 18.3760 26.7290
v 36.1180 18.3760 25.7800
v 33.8630 18.3760 24.8890
v 31.5900 18.3760 24.0550
v 29.3010 18.3760 23.2790
v 26.9970 18.3760 22.5600
v 24.6790 18.3760 21.8980
v 22.3490 18.3760 21.2940
v 20.0070 18.3760 20.7470
v 17.6550 18.3760 20.2570
v 15.2940 18.3760 19.8250
v 12.9250 18.3760 19.4500
v 10.5500 18.3760 19.1320
v 8.1690 18.3760 18.8710
v 5.7840 18.3760 18.6670
v 3.3960 18.3760 18.5210
v 1.0070 18.3760 18.4310
v -1.3840 18.3760 18.3990
v -3.7730 18.3760 18.4230
v -6.1610 18.3760 18.5050
v -8.5460 18.3760 18.6430
v -10.9270 18.3760 18.8380
v -13.3020 18.3760 19.0900
v -15.6710 18.3760 19.3990
v -18.0320 18.3760 19.7650
v -20.3840 18.3760 20.1870
v -22.7260 18.3760 20.6670
v -25.0560 18.3760 21.2020
v -27.3740 18.3760 21.7950
v -29.6780 18.3760 22.4440
v -31.9670 18.3760 23.1500
v -34.2400 18.3760 23.9120
v -36.4950 18.3760 24.7310
v -38.7320 18.3760 25.6060
v -40.9490 18.3760 26.5380
v -43.1450 18.3760 27.5270
v -45.3190 18.3760 28.5710
v -47.4690 18.3760 29.6720
v -49.5950 18.3760 30.8290
v -51.6960 18.3760 32.0430
v -53.7690 18.3760 33.3130
v -55.8140 18.3760 34.6390
v -57.8300 18.3760 36.0220
v -59.8150 18.3760 37.4600
v -61.7680 18.3760 38.9550
v -63.6880 18.3760 40.5050
v -65.5740 18.3760 42.1120
v -67.4250 18.3760 43.7750
v -69.2400 18.3760 45.4940
v -71.0160 18.3760 47.2690
v -72.7540 18.3760 49.0990
v -74.4510 18.3760 50.9860
v -76.1070 18.3760 52.9290
v -77.7200 18.3760 54.9270
v -79.2900 18.3760 56.9810
v -80.8150 18.3760 59.0910
v -82.2930 18.3760 61.2570
v -83.7250 18.3760 63.4780
v -85.1070 18.3760 65.7550
v -86.4400 18.3760 68.0880
v -87.7220 18.3760 70.4760
v -100.6360 16.4610 82.4990
v -101.0230 16.4610 76.2050
v -101.2300 16.4610 70.0540
v -101.2600 16.4610 64.0470
v -101.1190 16.4610 58.1820
v -100.8090 16.4610 52.4610
v -100.3360 16.4610 46.8830
v -99.7040 16.4610 41.4480
v -98.9160 16.4610 36.1560
v -97.9770 16.4610 31.0080
v -96.8910 16.4610 26.0030
v -95.6620 16.4610 21.1420
v -94.2940 16.4610 16.4240
v -92.7910 16.4610 11.8500
v -91.1580 16.4610 7.4190
v -89.3990 16.4610 3.1310
v -87.5170 16.4610 -1.0120
v -85.5170 16.4610 -5.0120
v -83.4030 16.4610 -8.8690
v -81.1800 16.4610 -12.5820
v -78.8510 16.4610 -16.1510
v -76.4200 16.4610 -19.5760
v -73.8920 16.4610 -22.8570
v -71.2700 16.4610 -25.9950
v -68.5600 16.4610 -28.9880
v -65.7650 16.4610 -31.8380
v -62.8890 16.4610 -34.5440
v -59.9360 16.4610 -37.1050
v -56.9100 16.4610 -39.5230
v -53.8170 16.4610 -41.7970
v -50.6590 16.4610 -43.9260
v -47.4410 16.4610 -45.9110
v -44.1670 16.4610 -47.7520
v -40.8410 16.4610 -49.4490
v -37.4680 16.4610 -51.0020
v -34.0510 16.4610 -52.4100
v -30.5950 16.4610 -53.6740
v -27.1030 16.4610 -54.7940
v -23.5810 16.4610 -55.7690
v -20.0310 16.4610 -56.6000
v -16.4590 16.4610 -57.2860
v -12.8680 16.4610 -57.8280
v -9.2630 16.4610 -58.2250
v -5.6470 16.4610 -58.4770
v -2.0250 16.4610 -58.5850
v 1.5990 16.4610 -58.5480
v 5.2210 16.4610 -58.3670
v 8.8370 16.4610 -58.0410
v 12.4420 16.4610 -57.5690
v 16.0330 16.4610 -56.9540
v 19.6050 16.4610 -56.1930
v 23.1550 16.4610 -55.2870
v 26.6770 16.4610 -54.2370
v 30.1690 16.4610 -53.0410
v 33.6250 16.4610 -51.7010
v 37.0420 16.4610 -50.2150
v 40.4150 16.4610 -48.5840
v 43.7410 16.4610 -46.8080
v 47.0150 16.4610 -44.8870
v 50.2330 16.4610 -42.8210
v 53.3910 16.4610 -40.6100
v 56.4840 16.4610 -38.2530
v 59.5100 16.4610 -35.7510
v 62.4620 16.4610 -33.1040
v 65.3380 16.4610 -30.3110
v 68.1340 16.4610 -27.3730
v 70.8440 16.4610 -24.2890
v 73.4660 16.4610 -21.0600
v 75.9940 16.4610 -17.6860
v 78.4240 16.4610 -14.1660
v 80.7540 16.4610 -10.5000
v 82.9770 16.4610 -6.6880
v 85.0910 16.4610 -2.7310
v 87.0910 16.4610 1.3720
v 88.9720 16.4610 5.6200
v 90.7320 16.4610 10.0150
v 92.3650 16.4610 14.5550
v 93.8680 16.4610 19.2410
v 95.2360 16.4610 24.0730
v 96.4650 16.4610 29.0510
v 97.5510 16.4610 34.1750
v 98.4900 16.4610 39.4450
v 99.2780 16.4610 44.8610
v 99.9100 16.4610 50.4230
v 100.3830 16.4610 56.1310
v 100.6920 16.4610 61.9850
v 100.8340 16.4610 67.9860
v 100.8030 16.4610 74.1330
v 100.5970 16.4610 80.4260
v 100.2100 16.4610 86.8650
v 98.8190 16.4610 83.9550
v 97.3680 16.4610 81.1100
v 95.8600 16.4610 78.3320
v 94.2960 16.4610 75.6200
v 92.6770 16.4610 72.9730
v 91.0040 16.4610 70.3930
v 89.2790 16.4610 67.8790
v 87.5030 16.4610 65.4300
v 85.6780 16.4610 63.0480
v 83.8040 16.4610 60.7310
v 81.8840 16.4610 58.4800
v 79.9180 16.4610 56.2950
v 77.9080 16.4610 54.1750
v 75.8560 16.4610 52.1210
v 73.7620 16.4610 50.1330
v 71.6280 16.4610 48.2100
v 69.4550 16.4610 46.3530
v 67.2450 16.4610 44.5610
v 65.0000 16.4610 42.8350
v 62.7190 16.4610 41.1740
v 60.4060 16.4610 39.5790
v 58.0600 16.4610 38.0490
v 55.6840 16.4610 36.5840
v 53.2790 16.4610 35.1850
v 50.8460 16.4610 33.8510
v 48.3860 16.4610 32.5820
v 45.9020 16.4610 31.3780
v 43.3930 16.4610 30.2400
v 40.8630 16.4610 29.1660
v 38.3110 16.4610 28.1580
v 35.7400 16.4610 27.2150
v 33.1500 16.4610 26.3360
v 30.5430 16.4610 25.5230
v 27.9210 16.4610 24.7750
v 25.2840 16.4610 24.0910
v 22.6350 16.4610 23.4720
v 19.9740 16.4610 22.9180
v 17.3030 16.4610 22.4290
v 14.6230 16.4610 22.0050
v 11.9360 16.4610 21.6450
v 9.2420 16.4610 21.3500
v 6.5440 16.4610 21.1200
v 3.8430 16.4610 20.9540
v 1.1390 16.4610 20.8520
v -1.5650 16.4610 20.8160
v -4.2690 16.4610 20.8430
v -6.9710 16.4610 20.9350
v -9.6690 16.4610 21.0920
v -12.3620 16.4610 21.3130
v -15.0500 16.4610 21.5980
v -17.7290 16.4610 21.9470
v -20.4000 16.4610 22.3610
v -23.0610 16.4610 22.8390
v -25.7110 16.4610 23.3810
v -28.3470 16.4610 23.9880
v -30.9690 16.4610 24.6580
v -33.5760 16.4610 25.3920
v -36.1660 16.4610 26.1910
v -38.7370 16.4610 27.0530
v -41.2890 16.4610 27.9800
v -43.8200 16.4610 28.9700
v -46.3280 16.4610 30.0240
v -48.8120 16.4610 31.1420
v -51.2720 16.4610 32.3240
v -53.7050 16.4610 33.5700
v -56.1100 16.4610 34.8790
v -58.4860 16.4610 36.2520
v -60.8320 16.4610 37.6890
v -63.1450 16.4610 39.1890
v -65.4260 16.4610 40.7530
v -67.6720 16.4610 42.3810
v -69.8820 16.4610 44.0720
v -72.0540 16.4610 45.8260
v -74.1880 16.4610 47.6440
v -76.2820 16.4610 49.5250
v -78.3350 16.4610 51.4700
v -80.3450 16.4610 53.4780
v -82.3100 16.4610 55.5490
v -84.2310 16.4610 57.6840
v -86.1040 16.4610 59.8810
v -87.9300 16.4610 62.1420
v -89.7050 16.4610 64.4660
v -91.4300 16.4610 66.8530
v -93.1030 16.4610 69.3030
v -94.7220 16.4610 71.8170
v -96.2870 16.4610 74.3930
v -97.7950 16.4610 77.0320
v -99.2450 16.4610 79.7340
v -110.9620 14.3240 90.9630
v -111.3880 14.3240 84.0240
v -111.6160 14.3240 77.2420
v -111.6490 14.3240 70.6180
v -111.4930 14.3240 64.1520
v -111.1520 14.3240 57.8430
v -110.6310 14.3240 51.6930
v -109.9340 14.3240 45.7000
v -109.0650 14.3240 39.8660
v -108.0300 14.3240 34.1900
v -106.8320 14.3240 28.6710
v -105.4770 14.3240 23.3110
v -103.9680 14.3240 18.1090
v -102.3120 14.3240 13.0650
v -100.5110 14.3240 8.1800
v -98.5710 14.3240 3.4530
v -96.4960 14.3240 -1.1160
v -94.2910 14.3240 -5.5270
v -91.9610 14.3240 -9.7790
v -89.5090 14.3240 -13.8720
v -86.9410 14.3240 -17.8080
v -84.2610 14.3240 -21.5840
v -81.4730 14.3240 -25.2020
v -78.5830 14.3240 -28.6620
v -75.5940 14.3240 -31.9620
v -72.5120 14.3240 -35.1050
v -69.3410 14.3240 -38.0880
v -66.0850 14.3240 -40.9120
v -62.7490 14.3240 -43.5780
v -59.3380 14.3240 -46.0850
v -55.8560 14.3240 -48.4330
v -52.3080 14.3240 -50.6220
v -48.6990 14.3240 -52.6520
v -45.0320 14.3240 -54.5230
v -41.3120 14.3240 -56.2350
v -37.5450 14.3240 -57.7880
v -33.7340 14.3240 -59.1810
v -29.8840 14.3240 -60.4160
v -26.0000 14.3240 -61.4910
v -22.0870 14.3240 -62.4070
v -18.1480 14.3240 -63.1630
v -14.1890 14.3240 -63.7610
v -10.2130 14.3240 -64.1990
v -6.2270 14.3240 -64.4770
v -2.2330 14.3240 -64.5960
v 1.7630 14.3240 -64.5550
v 5.7570 14.3240 -64.3550
v 9.7430 14.3240 -63.9960
v 13.7190 14.3240 -63.4760
v 17.6780 14.3240 -62.7970
v 21.6170 14.3240 -61.9580
v 25.5300 14.3240 -60.9600
v 29.4140 14.3240 -59.8010
v 33.2640 14.3240 -58.4830
v 37.0750 14.3240 -57.0050
v 40.8420 14.3240 -55.3670
v 44.5620 14.3240 -53.5690
v 48.2290 14.3240 -51.6110
v 51.8380 14.3240 -49.4930
v 55.3860 14.3240 -47.2150
v 58.8680 14.3240 -44.7760
v 62.2790 14.3240 -42.1780
v 65.6150 14.3240 -39.4190
v 68.8710 14.3240 -36.5000
v 72.0420 14.3240 -33.4210
v 75.1240 14.3240 -30.1810
v 78.1130 14.3240 -26.7820
v 81.0030 14.3240 -23.2210
v 83.7910 14.3240 -19.5000
v 86.4710 14.3240 -15.6190
v 89.0390 14.3240 -11.5770
v 91.4910 14.3240 -7.3740
v 93.8210 14.3240 -3.0110
v 96.0260 14.3240 1.5120
v 98.1010 14.3240 6.1970
v 100.0410 14.3240 11.0420
v 101.8420 14.3240 16.0480
v 103.4980 14.3240 21.2150
v 105.0070 14.3240 26.5430
v 106.3620 14.3240 32.0320
v 107.5600 14.3240 37.6810
v 108.5950 14.3240 43.4920
v 109.4640 14.3240 49.4630
v 110.1610 14.3240 55.5960
v 110.6820 14.3240 61.8900
v 111.0230 14.3240 68.3450
v 111.1790 14.3240 74.9610
v 111.1460 14.3240 81.7390
v 110.9180 14.3240 88.6770
v 110.4920 14.3240 95.7770
v 108.9570 14.3240 92.5680
v 107.3580 14.3240 89.4320
v 105.6960 14.3240 86.3690
v 103.9710 14.3240 83.3780
v 102.1860 14.3240 80.4610
v 100.3410 14.3240 77.6160
v 98.4390 14.3240 74.8430
v 96.4810 14.3240 72.1440
v 94.4680 14.3240 69.5160
v 92.4030 14.3240 66.9620
v 90.2850 14.3240 64.4800
v 88.1180 14.3240 62.0700
v 85.9020 14.3240 59.7330
v 83.6390 14.3240 57.4690
v 81.3300 14.3240 55.2760
v 78.9770 14.3240 53.1560
v 76.5820 14.3240 51.1090
v 74.1450 14.3240 49.1330
v 71.6690 14.3240 47.2300
v 69.1540 14.3240 45.3990
v 66.6030 14.3240 43.6400
v 64.0170 14.3240 41.9530
v 61.3970 14.3240 40.3380
v 58.7450 14.3240 38.7950
v 56.0620 14.3240 37.3240
v 53.3510 14.3240 35.9250
v 50.6110 14.3240 34.5980
v 47.8450 14.3240 33.3430
v 45.0550 14.3240 32.1590
v 42.2420 14.3240 31.0470
v 39.4060 14.3240 30.0070
v 36.5510 14.3240 29.0390
v 33.6770 14.3240 28.1420
v 30.7860 14.3240 27.3160
v 27.8790 14.3240 26.5630
v 24.9570 14.3240 25.8810
v 22.0240 14.3240 25.2700
v 19.0780 14.3240 24.7300
v 16.1240 14.3240 24.2620
v 13.1610 14.3240 23.8660
v 10.1910 14.3240 23.5400
v 7.2160 14.3240 23.2860
v 4.2370 14.3240 23.1040
v 1.2560 14.3240 22.9920
v -1.7260 14.3240 22.9510
v -4.7070 14.3240 22.9820
v -7.6860 14.3240 23.0830
v -10.6610 14.3240 23.2560
v -13.6310 14.3240 23.4990
v -16.5940 14.3240 23.8140
v -19.5480 14.3240 24.1990
v -22.4940 14.3240 24.6550
v -25.4270 14.3240 25.1820
v -28.3490 14.3240 25.7800
v -31.2560 14.3240 26.4490
v -34.1470 14.3240 27.1880
v -37.0210 14.3240 27.9980
v -39.8760 14.3240 28.8780
v -42.7120 14.3240 29.8290
v -45.5250 14.3240 30.8500
v -48.3150 14.3240 31.9420
v -51.0810 14.3240 33.1050
v -53.8210 14.3240 34.3380
v -56.5320 14.3240 35.6410
v -59.2150 14.3240 37.0140
v -61.8670 14.3240 38.4580
v -64.4870 14.3240 39.9720
v -67.0730 14.3240 41.5560
v -69.6240 14.3240 43.2100
v -72.1390 14.3240 44.9340
v -74.6150 14.3240 46.7290
v -77.0520 14.3240 48.5930
v -79.4470 14.3240 50.5280
v -81.8000 14.3240 52.5320
v -84.1090 14.3240 54.6060
v -86.3720 14.3240 56.7510
v -88.5880 14.3240 58.9650
v -90.7550 14.3240 61.2480
v -92.8730 14.3240 63.6020
v -94.9380 14.3240 66.0250
v -96.9510 14.3240 68.5180
v -98.9090 14.3240 71.0800
v -100.8110 14.3240 73.7120
v -102.6560 14.3240 76.4140
v -104.4410 14.3240 79.1850
v -106.1660 14.3240 82.0250
v -107.8280 14.3240 84.9350
v -109.4270 14.3240 87.9150
v -119.7880 11.9930 98.1990
v -120.2490 11.9930 90.7070
v -120.4950 11.9930 83.3860
v -120.5310 11.9930 76.2350
v -120.3620 11.9930 69.2550
v -119.9940 11.9930 62.4440
v -119.4310 11.9930 55.8050
v -118.6780 11.9930 49.3360
v -117.7410 11.9930 43.0370
v -116.6230 11.9930 36.9090
v -115.3300 11.9930 30.9520
v -113.8670 11.9930 25.1660
v -112.2390 11.9930 19.5500
v -110.4500 11.9930 14.1050
v -108.5060 11.9930 8.8310
v -106.4120 11.9930 3.7270
v -104.1720 11.9930 -1.2050
v -101.7920 11.9930 -5.9660
v -99.2760 11.9930 -10.5570
v -96.6290 11.9930 -14.9760
v -93.8570 11.9930 -19.2240
v -90.9630 11.9930 -23.3010
v -87.9540 11.9930 -27.2070
v -84.8340 11.9930 -30.9420
v -81.6080 11.9930 -34.5050
v -78.2800 11.9930 -37.8970
v -74.8570 11.9930 -41.1180
v -71.3420 11.9930 -44.1670
v -67.7410 11.9930 -47.0450
v -64.0590 11.9930 -49.7510
v -60.3000 11.9930 -52.2860
v -56.4690 11.9930 -54.6490
v -52.5720 11.9930 -56.8400
v -48.6140 11.9930 -58.8600
v -44.5980 11.9930 -60.7080
v -40.5310 11.9930 -62.3840
v -36.4170 11.9930 -63.8890
v -32.2610 11.9930 -65.2220
v -28.0680 11.9930 -66.3820
v -23.8440 11.9930 -67.3710
v -19.5910 11.9930 -68.1880
v -15.3170 11.9930 -68.8330
v -11.0260 11.9930 -69.3050
v -6.7220 11.9930 -69.6060
v -2.4110 11.9930 -69.7340
v 1.9030 11.9930 -69.6910
v 6.2140 11.9930 -69.4740
v 10.5180 11.9930 -69.0860
v 14.8100 11.9930 -68.5250
v 19.0840 11.9930 -67.7920
v 23.3360 11.9930 -66.8870
v 27.5610 11.9930 -65.8090
v 31.7540 11.9930 -64.5580
v 35.9100 11.9930 -63.1350
v 40.0240 11.9930 -61.5400
v 44.0910 11.9930 -59.7710
v 48.1060 11.9930 -57.8300
v 52.0650 11.9930 -55.7160
v 55.9620 11.9930 -53.4300
v 59.7920 11.9930 -50.9710
v 63.5510 11.9930 -48.3380
v 67.2340 11.9930 -45.5330
v 70.8350 11.9930 -42.5550
v 74.3490 11.9930 -39.4040
v 77.7730 11.9930 -36.0800
v 81.1000 11.9930 -32.5820
v 84.3260 11.9930 -28.9120
v 87.4470 11.9930 -25.0680
v 90.4560 11.9930 -21.0510
v 93.3490 11.9930 -16.8610
v 96.1220 11.9930 -12.4980
v 98.7680 11.9930 -7.9610
v 101.2840 11.9930 -3.2510
v 103.6650 11.9930 1.6330
v 105.9050 11.9930 6.6900
v 107.9990 11.9930 11.9210
v 109.9430 11.9930 17.3250
v 111.7310 11.9930 22.9030
v 113.3600 11.9930 28.6540
v 114.8230 11.9930 34.5800
v 116.1160 11.9930 40.6790
v 117.2330 11.9930 46.9510
v 118.1710 11.9930 53.3980
v 118.9240 11.9930 60.0190
v 119.4870 11.9930 66.8130
v 119.8550 11.9930 73.7820
v 120.0230 11.9930 80.9240
v 119.9870 11.9930 88.2410
v 119.7410 11.9930 95.7310
v 119.2810 11.9930 103.3960
v 117.6250 11.9930 99.9320
v 115.8980 11.9930 96.5460
v 114.1030 11.9930 93.2390
v 112.2410 11.9930 90.0110
v 110.3140 11.9930 86.8610
v 108.3230 11.9930 83.7900
v 106.2700 11.9930 80.7970
v 104.1560 11.9930 77.8820
v 101.9830 11.9930 75.0460
v 99.7530 11.9930 72.2890
v 97.4670 11.9930 69.6090
v 95.1270 11.9930 67.0080
v 92.7350 11.9930 64.4850
v 90.2920 11.9930 62.0400
v 87.7990 11.9930 59.6730
v 85.2590 11.9930 57.3850
v 82.6730 11.9930 55.1740
v 80.0430 11.9930 53.0420
v 77.3700 11.9930 50.9870
v 74.6550 11.9930 49.0100
v 71.9010 11.9930 47.1110
v 69.1090 11.9930 45.2900
v 66.2810 11.9930 43.5470
v 63.4180 11.9930 41.8810
v 60.5220 11.9930 40.2930
v 57.5940 11.9930 38.7830
v 54.6370 11.9930 37.3500
v 51.6510 11.9930 35.9950
v 48.6390 11.9930 34.7170
v 45.6020 11.9930 33.5170
v 42.5410 11.9930 32.3940
v 39.4590 11.9930 31.3480
v 36.3560 11.9930 30.3800
v 33.2350 11.9930 29.4890
v 30.0960 11.9930 28.6760
v 26.9430 11.9930 27.9390
v 23.7750 11.9930 27.2800
v 20.5960 11.9930 26.6980
v 17.4060 11.9930 26.1920
v 14.2070 11.9930 25.7640
v 11.0010 11.9930 25.4130
v 7.7900 11.9930 25.1390
v 4.5740 11.9930 24.9410
v 1.3560 11.9930 24.8210
v -1.8630 11.9930 24.7770
v -5.0810 11.9930 24.8100
v -8.2970 11.9930 24.9200
v -11.5090 11.9930 25.1060
v -14.7150 11.9930 25.3690
v -17.9140 11.9930 25.7080
v -21.1030 11.9930 26.1240
v -24.2830 11.9930 26.6170
v -27.4500 11.9930 27.1860
v -30.6040 11.9930 27.8310
v -33.7420 11.9930 28.5530
v -36.8630 11.9930 29.3510
v -39.9660 11.9930 30.2250
v -43.0480 11.9930 31.1750
v -46.1090 11.9930 32.2020
v -49.1470 11.9930 33.3050
v -52.1590 11.9930 34.4830
v -55.1440 11.9930 35.7380
v -58.1020 11.9930 37.0690
v -61.0290 11.9930 38.4760
v -63.9250 11.9930 39.9580
v -66.7880 11.9930 41.5170
v -69.6170 11.9930 43.1510
v -72.4090 11.9930 44.8610
v -75.1630 11.9930 46.6470
v -77.8770 11.9930 48.5090
v -80.5500 11.9930 50.4460
v -83.1810 11.9930 52.4590
v -85.7670 11.9930 54.5470
v -88.3070 11.9930 56.7110
v -90.7990 11.9930 58.9500
v -93.2420 11.9930 61.2650
v -95.6350 11.9930 63.6550
v -97.9750 11.9930 66.1200
v -100.2600 11.9930 68.6610
v -102.4900 11.9930 71.2770
v -104.6630 11.9930 73.9680
v -106.7770 11.9930 76.7340
v -108.8300 11.9930 79.5760
v -110.8210 11.9930 82.4920
v -112.7490 11.9930 85.4840
v -114.6110 11.9930 88.5500
v -116.4060 11.9930 91.6920
v -118.1320 11.9930 94.9080
v -126.9970 9.5000 104.1090
v -127.4850 9.5000 96.1660
v -127.7460 9.5000 88.4040
v -127.7840 9.5000 80.8230
v -127.6060 9.5000 73.4220
v -127.2150 9.5000 66.2020
v -126.6190 9.5000 59.1630
v -125.8200 9.5000 52.3050
v -124.8260 9.5000 45.6270
v -123.6410 9.5000 39.1310
v -122.2710 9.5000 32.8150
v -120.7190 9.5000 26.6800
v -118.9930 9.5000 20.7260
v -117.0970 9.5000 14.9540
v -115.0360 9.5000 9.3620
v -112.8160 9.5000 3.9520
v -110.4410 9.5000 -1.2770
v -107.9170 9.5000 -6.3250
v -105.2500 9.5000 -11.1920
v -102.4440 9.5000 -15.8770
v -99.5050 9.5000 -20.3810
v -96.4370 9.5000 -24.7030
v -93.2470 9.5000 -28.8440
v -89.9390 9.5000 -32.8040
v -86.5190 9.5000 -36.5810
v -82.9910 9.5000 -40.1780
v -79.3620 9.5000 -43.5920
v -75.6350 9.5000 -46.8250
v -71.8180 9.5000 -49.8760
v -67.9140 9.5000 -52.7450
v -63.9280 9.5000 -55.4320
v -59.8680 9.5000 -57.9370
v -55.7360 9.5000 -60.2610
v -51.5390 9.5000 -62.4020
v -47.2820 9.5000 -64.3610
v -42.9700 9.5000 -66.1390
v -38.6090 9.5000 -67.7340
v -34.2030 9.5000 -69.1460
v -29.7580 9.5000 -70.3770
v -25.2780 9.5000 -71.4250
v -20.7700 9.5000 -72.2910
v -16.2390 9.5000 -72.9750
v -11.6890 9.5000 -73.4760
v -7.1260 9.5000 -73.7950
v -2.5560 9.5000 -73.9310
v 2.0180 9.5000 -73.8840
v 6.5880 9.5000 -73.6550
v 11.1510 9.5000 -73.2440
v 15.7010 9.5000 -72.6490
v 20.2330 9.5000 -71.8720
v 24.7410 9.5000 -70.9120
v 29.2200 9.5000 -69.7690
v 33.6650 9.5000 -68.4430
v 38.0710 9.5000 -66.9350
v 42.4320 9.5000 -65.2430
v 46.7440 9.5000 -63.3680
v 51.0010 9.5000 -61.3100
v 55.1980 9.5000 -59.0690
v 59.3300 9.5000 -56.6450
v 63.3910 9.5000 -54.0380
v 67.3760 9.5000 -51.2470
v 71.2800 9.5000 -48.2730
v 75.0970 9.5000 -45.1160
v 78.8240 9.5000 -41.7750
v 82.4530 9.5000 -38.2510
v 85.9810 9.5000 -34.5430
v 89.4010 9.5000 -30.6520
v 92.7090 9.5000 -26.5770
v 95.8990 9.5000 -22.3180
v 98.9670 9.5000 -17.8760
v 101.9060 9.5000 -13.2500
v 104.7120 9.5000 -8.4400
v 107.3800 9.5000 -3.4470
v 109.9030 9.5000 1.7310
v 112.2780 9.5000 7.0920
v 114.4980 9.5000 12.6380
v 116.5590 9.5000 18.3670
v 118.4550 9.5000 24.2810
v 120.1820 9.5000 30.3790
v 121.7330 9.5000 36.6600
v 123.1030 9.5000 43.1270
v 124.2880 9.5000 49.7770
v 125.2830 9.5000 56.6110
v 126.0810 9.5000 63.6300
v 126.6780 9.5000 70.8340
v 127.0680 9.5000 78.2220
v 127.2460 9.5000 85.7940
v 127.2080 9.5000 93.5510
v 126.9470 9.5000 101.4920
v 126.4590 9.5000 109.6180
v 124.7030 9.5000 105.9460
v 122.8730 9.5000 102.3560
v 120.9700 9.5000 98.8500
v 118.9960 9.5000 95.4280
v 116.9530 9.5000 92.0880
v 114.8420 9.5000 88.8320
v 112.6650 9.5000 85.6590
v 110.4240 9.5000 82.5690
v 108.1200 9.5000 79.5620
v 105.7560 9.5000 76.6390
v 103.3330 9.5000 73.7980
v 100.8520 9.5000 71.0400
v 98.3160 9.5000 68.3660
v 95.7260 9.5000 65.7740
v 93.0830 9.5000 63.2650
v 90.3900 9.5000 60.8380
v 87.6490 9.5000 58.4950
v 84.8600 9.5000 56.2340
v 82.0260 9.5000 54.0550
v 79.1480 9.5000 51.9600
v 76.2280 9.5000 49.9460
v 73.2680 9.5000 48.0160
v 70.2700 9.5000 46.1670
v 67.2350 9.5000 44.4010
v 64.1640 9.5000 42.7180
v 61.0600 9.5000 41.1170
v 57.9250 9.5000 39.5980
v 54.7600 9.5000 38.1610
v 51.5660 9.5000 36.8060
v 48.3460 9.5000 35.5340
v 45.1010 9.5000 34.3430
v 41.8330 9.5000 33.2350
v 38.5440 9.5000 32.2090
v 35.2350 9.5000 31.2640
v 31.9070 9.5000 30.4010
v 28.5640 9.5000 29.6210
v 25.2060 9.5000 28.9220
v 21.8360 9.5000 28.3040
v 18.4540 9.5000 27.7690
v 15.0620 9.5000 27.3150
v 11.6630 9.5000 26.9420
v 8.2580 9.5000 26.6520
v 4.8490 9.5000 26.4420
v 1.4370 9.5000 26.3140
v -1.9750 9.5000 26.2680
v -5.3870 9.5000 26.3030
v -8.7960 9.5000 26.4190
v -12.2010 9.5000 26.6170
v -15.6000 9.5000 26.8950
v -18.9920 9.5000 27.2550
v -22.3730 9.5000 27.6960
v -25.7440 9.5000 28.2180
v -29.1020 9.5000 28.8220
v -32.4450 9.5000 29.5060
v -35.7720 9.5000 30.2710
v -39.0820 9.5000 31.1170
v -42.3710 9.5000 32.0440
v -45.6390 9.5000 33.0510
v -48.8840 9.5000 34.1400
v -52.1040 9.5000 35.3090
v -55.2980 9.5000 36.5580
v -58.4630 9.5000 37.8890
v -61.5980 9.5000 39.3000
v -64.7020 9.5000 40.7910
v -67.7720 9.5000 42.3630
v -70.8080 9.5000 44.0150
v -73.8060 9.5000 45.7480
v -76.7660 9.5000 47.5610
v -79.6860 9.5000 49.4550
v -82.5640 9.5000 51.4280
v -85.3980 9.5000 53.4820
v -88.1860 9.5000 55.6160
v -90.9280 9.5000 57.8300
v -93.6210 9.5000 60.1240
v -96.2630 9.5000 62.4980
v -98.8540 9.5000 64.9520
v -101.3900 9.5000 67.4860
v -103.8710 9.5000 70.1000
v -106.2940 9.5000 72.7930
v -108.6580 9.5000 75.5660
v -110.9620 9.5000 78.4200
v -113.2030 9.5000 81.3520
v -115.3800 9.5000 84.3650
v -117.4910 9.5000 87.4570
v -119.5340 9.5000 90.6280
v -121.5080 9.5000 93.8790
v -123.4110 9.5000 97.2100
v -125.2410 9.5000 100.6190
v -132.4900 6.8790 108.6120
v -133.0000 6.8790 100.3260
v -133.2720 6.8790 92.2280
v -133.3120 6.8790 84.3190
v -133.1260 6.8790 76.5980
v -132.7180 6.8790 69.0660
v -132.0960 6.8790 61.7220
v -131.2630 6.8790 54.5670
v -130.2260 6.8790 47.6010
v -128.9900 6.8790 40.8230
v -127.5600 6.8790 34.2340
v -125.9410 6.8790 27.8340
v -124.1400 6.8790 21.6230
v -122.1620 6.8790 15.6000
v -120.0120 6.8790 9.7670
v -117.6960 6.8790 4.1230
v -115.2180 6.8790 -1.3330
v -112.5860 6.8790 -6.5990
v -109.8030 6.8790 -11.6760
v -106.8760 6.8790 -16.5640
v -103.8090 6.8790 -21.2630
v -100.6090 6.8790 -25.7720
v -97.2810 6.8790 -30.0920
v -93.8300 6.8790 -34.2230
v -90.2610 6.8790 -38.1640
v -86.5810 6.8790 -41.9160
v -82.7950 6.8790 -45.4780
v -78.9070 6.8790 -48.8500
v -74.9240 6.8790 -52.0330
v -70.8510 6.8790 -55.0260
v -66.6940 6.8790 -57.8300
v -62.4570 6.8790 -60.4440
v -58.1470 6.8790 -62.8670
v -53.7690 6.8790 -65.1010
v -49.3280 6.8790 -67.1460
v -44.8290 6.8790 -69.0000
v -40.2790 6.8790 -70.6640
v -35.6820 6.8790 -72.1380
v -31.0450 6.8790 -73.4210
v -26.3720 6.8790 -74.5150
v -21.6690 6.8790 -75.4180
v -16.9410 6.8790 -76.1320
v -12.1950 6.8790 -76.6540
v -7.4350 6.8790 -76.9870
v -2.6660 6.8790 -77.1290
v 2.1050 6.8790 -77.0800
v 6.8730 6.8790 -76.8420
v 11.6340 6.8790 -76.4120
v 16.3800 6.8790 -75.7920
v 21.1080 6.8790 -74.9810
v 25.8110 6.8790 -73.9800
v 30.4840 6.8790 -72.7870
v 35.1210 6.8790 -71.4040
v 39.7180 6.8790 -69.8300
v 44.2680 6.8790 -68.0650
v 48.7660 6.8790 -66.1090
v 53.2070 6.8790 -63.9630
v 57.5860 6.8790 -61.6250
v 61.8960 6.8790 -59.0960
v 66.1330 6.8790 -56.3750
v 70.2900 6.8790 -53.4640
v 74.3630 6.8790 -50.3610
v 78.3460 6.8790 -47.0670
v 82.2330 6.8790 -43.5820
v 86.0200 6.8790 -39.9050
v 89.7000 6.8790 -36.0370
v 93.2680 6.8790 -31.9780
v 96.7190 6.8790 -27.7260
v 100.0480 6.8790 -23.2840
v 103.2480 6.8790 -18.6490
v 106.3140 6.8790 -13.8230
v 109.2420 6.8790 -8.8050
v 112.0250 6.8790 -3.5960
v 114.6570 6.8790 1.8060
v 117.1350 6.8790 7.3990
v 119.4510 6.8790 13.1850
v 121.6010 6.8790 19.1620
v 123.5790 6.8790 25.3310
v 125.3800 6.8790 31.6930
v 126.9980 6.8790 38.2460
v 128.4280 6.8790 44.9920
v 129.6650 6.8790 51.9300
v 130.7020 6.8790 59.0600
v 131.5350 6.8790 66.3830
v 132.1570 6.8790 73.8980
v 132.5640 6.8790 81.6050
v 132.7510 6.8790 89.5050
v 132.7110 6.8790 97.5980
v 132.4390 6.8790 105.8830
v 131.9290 6.8790 114.3600
v 130.0980 6.8790 110.5290
v 128.1880 6.8790 106.7840
v 126.2030 6.8790 103.1260
v 124.1430 6.8790 99.5550
v 122.0120 6.8790 96.0720
v 119.8090 6.8790 92.6750
v 117.5380 6.8790 89.3640
v 115.2000 6.8790 86.1410
v 112.7970 6.8790 83.0040
v 110.3310 6.8790 79.9540
v 107.8030 6.8790 76.9900
v 105.2150 6.8790 74.1130
v 102.5690 6.8790 71.3230
v 99.8660 6.8790 68.6190
v 97.1100 6.8790 66.0010
v 94.3000 6.8790 63.4700
v 91.4400 6.8790 61.0250
v 88.5310 6.8790 58.6660
v 85.5740 6.8790 56.3940
v 82.5720 6.8790 54.2070
v 79.5260 6.8790 52.1070
v 76.4380 6.8790 50.0930
v 73.3090 6.8790 48.1640
v 70.1430 6.8790 46.3220
v 66.9400 6.8790 44.5660
v 63.7020 6.8790 42.8950
v 60.4310 6.8790 41.3110
v 57.1290 6.8790 39.8120
v 53.7970 6.8790 38.3980
v 50.4370 6.8790 37.0710
v 47.0520 6.8790 35.8290
v 43.6430 6.8790 34.6730
v 40.2110 6.8790 33.6020
v 36.7590 6.8790 32.6160
v 33.2880 6.8790 31.7160
v 29.8000 6.8790 30.9020
v 26.2970 6.8790 30.1730
v 22.7800 6.8790 29.5290
v 19.2520 6.8790 28.9700
v 15.7140 6.8790 28.4960
v 12.1680 6.8790 28.1080
v 8.6160 6.8790 27.8040
v 5.0590 6.8790 27.5860
v 1.5000 6.8790 27.4530
v -2.0610 6.8790 27.4040
v -5.6200 6.8790 27.4410
v -9.1770 6.8790 27.5620
v -12.7290 6.8790 27.7680
v -16.2750 6.8790 28.0590
v -19.8130 6.8790 28.4340
v -23.3410 6.8790 28.8940
v -26.8580 6.8790 29.4390
v -30.3610 6.8790 30.0680
v -33.8490 6.8790 30.7820
v -37.3200 6.8790 31.5800
v -40.7720 6.8790 32.4630
v -44.2040 6.8790 33.4300
v -47.6130 6.8790 34.4810
v -50.9990 6.8790 35.6160
v -54.3580 6.8790 36.8360
v -57.6900 6.8790 38.1400
v -60.9920 6.8790 39.5280
v -64.2630 6.8790 41.0000
v -67.5010 6.8790 42.5560
v -70.7040 6.8790 44.1960
v -73.8710 6.8790 45.9190
v -76.9990 6.8790 47.7270
v -80.0870 6.8790 49.6190
v -83.1330 6.8790 51.5940
v -86.1350 6.8790 53.6530
v -89.0920 6.8790 55.7950
v -92.0010 6.8790 58.0220
v -94.8610 6.8790 60.3310
v -97.6710 6.8790 62.7250
v -100.4280 6.8790 65.2010
v -103.1300 6.8790 67.7610
v -105.7760 6.8790 70.4050
v -108.3640 6.8790 73.1320
v -110.8920 6.8790 75.9420
v -113.3590 6.8790 78.8350
v -115.7620 6.8790 81.8120
v -118.1000 6.8790 84.8710
v -120.3710 6.8790 88.0140
v -122.5730 6.8790 91.2400
v -124.7050 6.8790 94.5480
v -126.7640 6.8790 97.9400
v -128.7490 6.8790 101.4150
v -130.6590 6.8790 104.9720
v -136.1950 4.1650 111.6480
v -136.7180 4.1650 103.1310
v -136.9980 4.1650 94.8070
v -137.0390 4.1650 86.6760
v -136.8470 4.1650 78.7400
v -136.4290 4.1650 70.9970
v -135.7890 4.1650 63.4480
v -134.9330 4.1650 56.0930
v -133.8670 4.1650 48.9320
v -132.5960 4.1650 41.9650
v -131.1260 4.1650 35.1910
v -129.4620 4.1650 28.6120
v -127.6110 4.1650 22.2270
v -125.5780 4.1650 16.0370
v -123.3670 4.1650 10.0400
v -120.9860 4.1650 4.2380
v -118.4400 4.1650 -1.3700
v -115.7330 4.1650 -6.7830
v -112.8730 4.1650 -12.0030
v -109.8630 4.1650 -17.0270
v -106.7110 4.1650 -21.8570
v -103.4220 4.1650 -26.4930
v -100.0000 4.1650 -30.9330
v -96.4530 4.1650 -35.1790
v -92.7850 4.1650 -39.2310
v -89.0020 4.1650 -43.0870
v -85.1090 4.1650 -46.7490
v -81.1130 4.1650 -50.2160
v -77.0190 4.1650 -53.4880
v -72.8320 4.1650 -56.5650
v -68.5580 4.1650 -59.4470
v -64.2030 4.1650 -62.1330
v -59.7730 4.1650 -64.6250
v -55.2720 4.1650 -66.9220
v -50.7070 4.1650 -69.0230
v -46.0820 4.1650 -70.9290
v -41.4050 4.1650 -72.6390
v -36.6800 4.1650 -74.1540
v -31.9130 4.1650 -75.4740
v -27.1090 4.1650 -76.5980
v -22.2750 4.1650 -77.5270
v -17.4150 4.1650 -78.2600
v -12.5360 4.1650 -78.7980
v -7.6420 4.1650 -79.1390
v -2.7410 4.1650 -79.2850
v 2.1640 4.1650 -79.2350
v 7.0660 4.1650 -78.9900
v 11.9590 4.1650 -78.5480
v 16.8380 4.1650 -77.9110
v 21.6980 4.1650 -77.0770
v 26.5320 4.1650 -76.0480
v 31.3360 4.1650 -74.8220
v 36.1030 4.1650 -73.4000
v 40.8280 4.1650 -71.7820
v 45.5060 4.1650 -69.9680
v 50.1300 4.1650 -67.9580
v 54.6950 4.1650 -65.7510
v 59.1960 4.1650 -63.3470
v 63.6270 4.1650 -60.7480
v 67.9820 4.1650 -57.9520
v 72.2550 4.1650 -54.9590
v 76.4420 4.1650 -51.7690
v 80.5360 4.1650 -48.3830
v 84.5320 4.1650 -44.8010
v 88.4250 4.1650 -41.0210
v 92.2080 4.1650 -37.0450
v 95.8760 4.1650 -32.8720
v 99.4230 4.1650 -28.5020
v 102.8450 4.1650 -23.9350
v 106.1340 4.1650 -19.1710
v 109.2870 4.1650 -14.2100
v 112.2960 4.1650 -9.0510
v 115.1560 4.1650 -3.6960
v 117.8630 4.1650 1.8560
v 120.4090 4.1650 7.6060
v 122.7910 4.1650 13.5530
v 125.0010 4.1650 19.6980
v 127.0340 4.1650 26.0390
v 128.8860 4.1650 32.5790
v 130.5490 4.1650 39.3160
v 132.0190 4.1650 46.2500
v 133.2900 4.1650 53.3820
v 134.3560 4.1650 60.7110
v 135.2120 4.1650 68.2390
v 135.8520 4.1650 75.9640
v 136.2710 4.1650 83.8870
v 136.4620 4.1650 92.0080
v 136.4210 4.1650 100.3260
v 136.1410 4.1650 108.8430
v 135.6180 4.1650 117.5570
v 133.7350 4.1650 113.6190
v 131.7720 4.1650 109.7690
v 129.7310 4.1650 106.0090
v 127.6140 4.1650 102.3390
v 125.4230 4.1650 98.7580
v 123.1590 4.1650 95.2660
v 120.8250 4.1650 91.8630
v 118.4210 4.1650 88.5490
v 115.9510 4.1650 85.3250
v 113.4150 4.1650 82.1890
v 110.8170 4.1650 79.1430
v 108.1560 4.1650 76.1850
v 105.4360 4.1650 73.3170
v 102.6580 4.1650 70.5370
v 99.8250 4.1650 67.8460
v 96.9370 4.1650 65.2440
v 93.9960 4.1650 62.7310
v 91.0060 4.1650 60.3060
v 87.9660 4.1650 57.9700
v 84.8800 4.1650 55.7230
v 81.7490 4.1650 53.5640
v 78.5750 4.1650 51.4930
v 75.3590 4.1650 49.5110
v 72.1040 4.1650 47.6170
v 68.8110 4.1650 45.8120
v 65.4830 4.1650 44.0950
v 62.1200 4.1650 42.4660
v 58.7260 4.1650 40.9250
v 55.3010 4.1650 39.4720
v 51.8470 4.1650 38.1070
v 48.3680 4.1650 36.8310
v 44.8630 4.1650 35.6420
v 41.3350 4.1650 34.5410
v 37.7860 4.1650 33.5280
v 34.2180 4.1650 32.6030
v 30.6330 4.1650 31.7660
v 27.0320 4.1650 31.0160
v 23.4170 4.1650 30.3540
v 19.7900 4.1650 29.7800
v 16.1530 4.1650 29.2930
v 12.5080 4.1650 28.8940
v 8.8570 4.1650 28.5820
v 5.2000 4.1650 28.3570
v 1.5410 4.1650 28.2200
v -2.1180 4.1650 28.1700
v -5.7770 4.1650 28.2080
v -9.4330 4.1650 28.3330
v -13.0850 4.1650 28.5440
v -16.7300 4.1650 28.8430
v -20.3670 4.1650 29.2290
v -23.9940 4.1650 29.7020
v -27.6090 4.1650 30.2620
v -31.2100 4.1650 30.9090
v -34.7950 4.1650 31.6430
v -38.3630 4.1650 32.4630
v -41.9120 4.1650 33.3700
v -45.4400 4.1650 34.3640
v -48.9440 4.1650 35.4450
v -52.4240 4.1650 36.6120
v -55.8780 4.1650 37.8660
v -59.3030 4.1650 39.2060
v -62.6970 4.1650 40.6330
v -66.0600 4.1650 42.1460
v -69.3880 4.1650 43.7450
v -72.6810 4.1650 45.4310
v -75.9360 4.1650 47.2030
v -79.1510 4.1650 49.0610
v -82.3260 4.1650 51.0060
v -85.4570 4.1650 53.0360
v -88.5430 4.1650 55.1530
v -91.5830 4.1650 57.3550
v -94.5730 4.1650 59.6440
v -97.5140 4.1650 62.0180
v -100.4010 4.1650 64.4780
v -103.2350 4.1650 67.0240
v -106.0130 4.1650 69.6560
v -108.7330 4.1650 72.3730
v -111.3930 4.1650 75.1760
v -113.9920 4.1650 78.0650
v -116.5280 4.1650 81.0390
v -118.9980 4.1650 84.0990
v -121.4010 4.1650 87.2440
v -123.7360 4.1650 90.4750
v -126.0000 4.1650 93.7910
v -128.1910 4.1650 97.1920
v -130.3080 4.1650 100.6780
v -132.3490 4.1650 104.2500
v -134.3120 4.1650 107.9070
v -138.0590 1.3950 113.1770
v -138.5900 1.3950 104.5430
v -138.8730 1.3950 96.1050
v -138.9150 1.3950 87.8630
v -138.7210 1.3950 79.8180
v -138.2970 1.3950 71.9690
v -137.6480 1.3950 64.3170
v -136.7800 1.3950 56.8610
v -135.6990 1.3950 49.6020
v -134.4110 1.3950 42.5390
v -132.9210 1.3950 35.6730
v -131.2350 1.3950 29.0040
v -129.3580 1.3950 22.5320
v -127.2970 1.3950 16.2560
v -125.0570 1.3950 10.1780
v -122.6430 1.3950 4.2960
v -120.0610 1.3950 -1.3890
v -117.3180 1.3950 -6.8760
v -114.4180 1.3950 -12.1670
v -111.3680 1.3950 -17.2600
v -108.1720 1.3950 -22.1560
v -104.8380 1.3950 -26.8550
v -101.3690 1.3950 -31.3570
v -97.7730 1.3950 -35.6610
v -94.0550 1.3950 -39.7680
v -90.2200 1.3950 -43.6770
v -86.2750 1.3950 -47.3890
v -82.2240 1.3950 -50.9040
v -78.0730 1.3950 -54.2200
v -73.8290 1.3950 -57.3390
v -69.4970 1.3950 -60.2610
v -65.0820 1.3950 -62.9840
v -60.5910 1.3950 -65.5100
v -56.0290 1.3950 -67.8380
v -51.4010 1.3950 -69.9680
v -46.7130 1.3950 -71.9000
v -41.9720 1.3950 -73.6340
v -37.1820 1.3950 -75.1700
v -32.3500 1.3950 -76.5070
v -27.4800 1.3950 -77.6470
v -22.5800 1.3950 -78.5880
v -17.6530 1.3950 -79.3320
v -12.7070 1.3950 -79.8760
v -7.7470 1.3950 -80.2230
v -2.7780 1.3950 -80.3710
v 2.1930 1.3950 -80.3200
v 7.1620 1.3950 -80.0710
v 12.1230 1.3950 -79.6240
v 17.0690 1.3950 -78.9770
v 21.9950 1.3950 -78.1330
v 26.8960 1.3950 -77.0890
v 31.7650 1.3950 -75.8470
v 36.5970 1.3950 -74.4050
v 41.3870 1.3950 -72.7650
v 46.1290 1.3950 -70.9260
v 50.8160 1.3950 -68.8880
v 55.4440 1.3950 -66.6510
v 60.0060 1.3950 -64.2150
v 64.4980 1.3950 -61.5790
v 68.9120 1.3950 -58.7450
v 73.2440 1.3950 -55.7110
v 77.4890 1.3950 -52.4780
v 81.6390 1.3950 -49.0460
v 85.6900 1.3950 -45.4140
v 89.6350 1.3950 -41.5830
v 93.4700 1.3950 -37.5520
v 97.1890 1.3950 -33.3220
v 100.7850 1.3950 -28.8920
v 104.2530 1.3950 -24.2620
v 107.5870 1.3950 -19.4330
v 110.7830 1.3950 -14.4040
v 113.8330 1.3950 -9.1750
v 116.7330 1.3950 -3.7470
v 119.4760 1.3950 1.8820
v 122.0580 1.3950 7.7100
v 124.4720 1.3950 13.7390
v 126.7120 1.3950 19.9670
v 128.7730 1.3950 26.3960
v 130.6500 1.3950 33.0250
v 132.3360 1.3950 39.8540
v 133.8260 1.3950 46.8830
v 135.1150 1.3950 54.1130
v 136.1950 1.3950 61.5430
v 137.0630 1.3950 69.1730
v 137.7120 1.3950 77.0040
v 138.1360 1.3950 85.0350
v 138.3300 1.3950 93.2670
v 138.2890 1.3950 101.7000
v 138.0050 1.3950 110.3330
v 137.4740 1.3950 119.1670
v 135.5660 1.3950 115.1740
v 133.5760 1.3950 111.2720
v 131.5070 1.3950 107.4610
v 129.3610 1.3950 103.7400
v 127.1400 1.3950 100.1100
v 124.8450 1.3950 96.5700
v 122.4790 1.3950 93.1200
v 120.0420 1.3950 89.7620
v 117.5380 1.3950 86.4930
v 114.9680 1.3950 83.3150
v 112.3340 1.3950 80.2260
v 109.6370 1.3950 77.2290
v 106.8800 1.3950 74.3210
v 104.0640 1.3950 71.5030
v 101.1910 1.3950 68.7750
v 98.2640 1.3950 66.1380
v 95.2830 1.3950 63.5900
v 92.2520 1.3950 61.1320
v 89.1710 1.3950 58.7640
v 86.0420 1.3950 56.4860
v 82.8680 1.3950 54.2970
v 79.6500 1.3950 52.1980
v 76.3910 1.3950 50.1890
v 73.0910 1.3950 48.2690
v 69.7530 1.3950 46.4390
v 66.3790 1.3950 44.6980
v 62.9710 1.3950 43.0470
v 59.5300 1.3950 41.4850
v 56.0580 1.3950 40.0120
v 52.5570 1.3950 38.6290
v 49.0300 1.3950 37.3350
v 45.4770 1.3950 36.1300
v 41.9010 1.3950 35.0140
v 38.3040 1.3950 33.9870
v 34.6870 1.3950 33.0500
v 31.0520 1.3950 32.2010
v 27.4020 1.3950 31.4410
v 23.7380 1.3950 30.7700
v 20.0610 1.3950 30.1870
v 16.3740 1.3950 29.6940
v 12.6790 1.3950 29.2890
v 8.9780 1.3950 28.9730
v 5.2720 1.3950 28.7460
v 1.5630 1.3950 28.6070
v -2.1470 1.3950 28.5560
v -5.8560 1.3950 28.5940
v -9.5630 1.3950 28.7200
v -13.2640 1.3950 28.9350
v -16.9590 1.3950 29.2380
v -20.6460 1.3950 29.6290
v -24.3220 1.3950 30.1090
v -27.9870 1.3950 30.6760
v -31.6370 1.3950 31.3320
v -35.2720 1.3950 32.0760
v -38.8890 1.3950 32.9080
v -42.4860 1.3950 33.8270
v -46.0620 1.3950 34.8350
v -49.6150 1.3950 35.9300
v -53.1420 1.3950 37.1130
v -56.6430 1.3950 38.3840
v -60.1140 1.3950 39.7430
v -63.5560 1.3950 41.1890
v -66.9640 1.3950 42.7230
v -70.3380 1.3950 44.3440
v -73.6760 1.3950 46.0530
v -76.9760 1.3950 47.8490
v -80.2350 1.3950 49.7330
v -83.4530 1.3950 51.7040
v -86.6270 1.3950 53.7620
v -89.7550 1.3950 55.9080
v -92.8360 1.3950 58.1400
v -95.8680 1.3950 60.4600
v -98.8490 1.3950 62.8670
v -101.7760 1.3950 65.3610
v -104.6490 1.3950 67.9420
v -107.4640 1.3950 70.6100
v -110.2220 1.3950 73.3640
v -112.9180 1.3950 76.2060
v -115.5530 1.3950 79.1340
v -118.1230 1.3950 82.1490
v -120.6270 1.3950 85.2500
v -123.0640 1.3950 88.4390
v -125.4300 1.3950 91.7130
v -127.7250 1.3950 95.0750
v -129.9460 1.3950 98.5220
v -132.0920 1.3950 102.0570
v -134.1610 1.3950 105.6770
v -136.1500 1.3950 109.3840
v -138.0590 -1.3950 113.1770
v -138.5900 -1.3950 104.5430
v -138.8730 -1.3950 96.1050
v -138.9150 -1.3950 87.8630
v -138.7210 -1.3950 79.8180
v -138.2970 -1.3950 71.9690
v -137.6480 -1.3950 64.3170
v -136.7800 -1.3950 56.8610
v -135.6990 -1.3950 49.6020
v -134.4110 -1.3950 42.5390
v -132.9210 -1.3950 35.6730
v -131.2350 -1.3950 29.0040
v -129.3580 -1.3950 22.5320
v -127.2970 -1.3950 16.2560
v -125.0570 -1.3950 10.1780
v -122.6430 -1.3950 4.2960
v -120.0610 -1.3950 -1.3890
v -117.3180 -1.3950 -6.8760
v -114.4180 -1.3950 -12.1670
v -111.3680 -1.3950 -17.2600
v -108.1720 -1.3950 -22.1560
v -104.8380 -1.3950 -26.8550
v -101.3690 -1.3950 -31.3570
v -97.7730 -1.3950 -35.6610
v -94.0550 -1.3950 -39.7680
v -90.2200 -1.3950 -43.6770
v -86.2750 -1.3950 -47.3890
v -82.2240 -1.3950 -50.9040
v -78.0730 -1.3950 -54.2200
v -73.8290 -1.3950 -57.3390
v -69.4970 -1.3950 -60.2610
v -65.0820 -1.3950 -62.9840
v -60.5910 -1.3950 -65.5100
v -56.0290 -1.3950 -67.8380
v -51.4010 -1.3950 -69.9680
v -46.7130 -1.3950 -71.9000
v -41.9720 -1.3950 -73.6340
v -37.1820 -1.3950 -75.1700
v -32.3500 -1.3950 -76.5070
v -27.4800 -1.3950 -77.6470
v -22.5800 -1.3950 -78.5880
v -17.6530 -1.3950 -79.3320
v -12.7070 -1.3950 -79.8760
v -7.7470 -1.3950 -80.2230
v -2.7780 -1.3950 -80.3710
v 2.1930 -1.3950 -80.3200
v 7.1620 -1.3950 -80.0710
v 12.1230 -1.3950 -79.6240
v 17.0690 -1.3950 -78.9770
v 21.9950 -1.3950 -78.1330
v 26.8960 -1.3950 -77.0890
v 31.7650 -1.3950 -75.8470
v 36.5970 -1.3950 -74.4050
v 41.3870 -1.3950 -72.7650
v 46.1290 -1.3950 -70.9260
v 50.8160 -1.3950 -68.8880
v 55.4440 -1.3950 -66.6510
v 60.0060 -1.3950 -64.2150
v 64.4980 -1.3950 -61.5790
v 68.9120 -1.3950 -58.7450
v 73.2440 -1.3950 -55.7110
v 77.4890 -1.3950 -52.4780
v 81.6390 -1.3950 -49.0460
v 85.6900 -1.3950 -45.4140
v 89.6350 -1.3950 -41.5830
v 93.4700 -1.3950 -37.5520
v 97.1890 -1.3950 -33.3220
v 100.7850 -1.3950 -28.8920
v 104.2530 -1.3950 -24.2620
v 107.5870 -1.3950 -19.4330
v 110.7830 -1.3950 -14.4040
v 113.8330 -1.3950 -9.1750
v 116.7330 -1.3950 -3.7470
v 119.4760 -1.3950 1.8820
v 122.0580 -1.3950 7.7100
v 124.4720 -1.3950 13.7390
v 126.7120 -1.3950 19.9670
v 128.7730 -1.3950 26.3960
v 130.6500 -1.3950 33.0250
v 132.3360 -1.3950 39.8540
v 133.8260 -1.3950 46.8830
v 135.1150 -1.3950 54.1130
v 136.1950 -1.3950 61.5430
v 137.0630 -1.3950 69.1730
v 137.7120 -1.3950 77.0040
v 138.1360 -1.3950 85.0350
v 138.3300 -1.3950 93.2670
v 138.2890 -1.3950 101.7000
v 138.0050 -1.3950 110.3330
v 137.4740 -1.3950 119.1670
v 135.5660 -1.3950 115.1740
v 133.5760 -1.3950 111.2720
v 131.5070 -1.3950 107.4610
v 129.3610 -1.3950 103.7400
v 127.1400 -1.3950 100.1100
v 124.8450 -1.3950 96.5700
v 122.4790 -1.3950 93.1200
v 120.0420 -1.3950 89.7620
v 117.5380 -1.3950 86.4930
v 114.9680 -1.3950 83.3150
v 112.3340 -1.3950 80.2260
v 109.6370 -1.3950 77.2290
v 106.8800 -1.3950 74.3210
v 104.0640 -1.3950 71.5030
v 101.1910 -1.3950 68.7750
v 98.2640 -1.3950 66.1380
v 95.2830 -1.3950 63.5900
v 92.2520 -1.3950 61.1320
v 89.1710 -1.3950 58.7640
v 86.0420 -1.3950 56.4860
v 82.8680 -1.3950 54.2970
v 79.6500 -1.3950 52.1980
v 76.3910 -1.3950 50.1890
v 73.0910 -1.3950 48.2690
v 69.7530 -1.3950 46.4390
v 66.3790 -1.3950 44.6980
v 62.9710 -1.3950 43.0470
v 59.5300 -1.3950 41.4850
v 56.0580 -1.3950 40.0120
v 52.5570 -1.3950 38.6290
v 49.0300 -1.3950 37.3350
v 45.4770 -1.3950 36.1300
v 41.9010 -1.3950 35.0140
v 38.3040 -1.3950 33.9870
v 34.6870 -1.3950 33.0500
v 31.0520 -1.3950 32.2010
v 27.4020 -1.3950 31.4410
v 23.7380 -1.3950 30.7700
v 20.0610 -1.3950 30.1870
v 16.3740 -1.3950 29.6940
v 12.6790 -1.3950 29.2890
v 8.9780 -1.3950 28.9730
v 5.2720 -1.3950 28.7460
v 1.5630 -1.3950 28.6070
v -2.1470 -1.3950 28.5560
v -5.8560 -1.3950 28.5940
v -9.5630 -1.3950 28.7200
v -13.2640 -1.3950 28.9350
v -16.9590 -1.3950 29.2380
v -20.6460 -1.3950 29.6290
v -24.3220 -1.3950 30.1090
v -27.9870 -1.3950 30.6760
v -31.6370 -1.3950 31.3320
v -35.2720 -1.3950 32.0760
v -38.8890 -1.3950 32.9080
v -42.4860 -1.3950 33.8270
v -46.0620 -1.3950 34.8350
v -49.6150 -1.3950 35.9300
v -53.1420 -1.3950 37.1130
v -56.6430 -1.3950 38.3840
v -60.1140 -1.3950 39.7430
v -63.5560 -1.3950 41.1890
v -66.9640 -1.3950 42.7230
v -70.3380 -1.3950 44.3440
v -73.6760 -1.3950 46.0530
v -76.9760 -1.3950 47.8490
v -80.2350 -1.3950 49.7330
v -83.4530 -1.3950 51.7040
v -86.6270 -1.3950 53.7620
v -89.7550 -1.3950 55.9080
v -92.8360 -1.3950 58.1400
v -95.8680 -1.3950 60.4600
v -98.8490 -1.3950 62.8670
v -101.7760 -1.3950 65.3610
v -104.6490 -1.3950 67.9420
v -107.4640 -1.3950 70.6100
v -110.2220 -1.3950 73.3640
v -112.9180 -1.3950 76.2060
v -115.5530 -1.3950 79.1340
v -118.1230 -1.3950 82.1490
v -120.6270 -1.3950 85.2500
v -123.0640 -1.3950 88.4390
v -125.4300 -1.3950 91.7130
v -127.7250 -1.3950 95.0750
v -129.9460 -1.3950 98.5220
v -132.0920 -1.3950 102.0570
v -134.1610 -1.3950 105.6770
v -136.1500 -1.3950 109.3840
v -136.1950 -4.1650 111.6480
v -136.7180 -4.1650 103.1310
v -136.9980 -4.1650 94.8070
v -137.0390 -4.1650 86.6760
v -136.8470 -4.1650 78.7400
v -136.4290 -4.1650 70.9970
v -135.7890 -4.1650 63.4480
v -134.9330 -4.1650 56.0930
v -133.8670 -4.1650 48.9320
v -132.5960 -4.1650 41.9650
v -131.1260 -4.1650 35.1910
v -129.4620 -4.1650 28.6120
v -127.6110 -4.1650 22.2270
v -125.5780 -4.1650 16.0370
v -123.3670 -4.1650 10.0400
v -120.9860 -4.1650 4.2380
v -118.4400 -4.1650 -1.3700
v -115.7330 -4.1650 -6.7830
v -112.8730 -4.1650 -12.0030
v -109.8630 -4.1650 -17.0270
v -106.7110 -4.1650 -21.8570
v -103.4220 -4.1650 -26.4930
v -100.0000 -4.1650 -30.9330
v -96.4530 -4.1650 -35.1790
v -92.7850 -4.1650 -39.2310
v -89.0020 -4.1650 -43.0870
v -85.1090 -4.1650 -46.7490
v -81.1130 -4.1650 -50.2160
v -77.0190 -4.1650 -53.4880
v -72.8320 -4.1650 -56.5650
v -68.5580 -4.1650 -59.4470
v -64.2030 -4.1650 -62.1330
v -59.7730 -4.1650 -64.6250
v -55.2720 -4.1650 -66.9220
v -50.7070 -4.1650 -69.0230
v -46.0820 -4.1650 -70.9290
v -41.4050 -4.1650 -72.6390
v -36.6800 -4.1650 -74.1540
v -31.9130 -4.1650 -75.4740
v -27.1090 -4.1650 -76.5980
v -22.2750 -4.1650 -77.5270
v -17.4150 -4.1650 -78.2600
v -12.5360 -4.1650 -78.7980
v -7.6420 -4.1650 -79.1390
v -2.7410 -4.1650 -79.2850
v 2.1640 -4.1650 -79.2350
v 7.0660 -4.1650 -78.9900
v 11.9590 -4.1650 -78.5480
v 16.8380 -4.1650 -77.9110
v 21.6980 -4.1650 -77.0770
v 26.5320 -4.1650 -76.0480
v 31.3360 -4.1650 -74.8220
v 36.1030 -4.1650 -73.4000
v 40.8280 -4.1650 -71.7820
v 45.5060 -4.1650 -69.9680
v 50.1300 -4.1650 -67.9580
v 54.6950 -4.1650 -65.7510
v 59.1960 -4.1650 -63.3470
v 63.6270 -4.1650 -60.7480
v 67.9820 -4.1650 -57.9520
v 72.2550 -4.1650 -54.9590
v 76.4420 -4.1650 -51.7690
v 80.5360 -4.1650 -48.3830
v 84.5320 -4.1650 -44.8010
v 88.4250 -4.1650 -41.0210
v 92.2080 -4.1650 -37.0450
v 95.8760 -4.1650 -32.8720
v 99.4230 -4.1650 -28.5020
v 102.8450 -4.1650 -23.9350
v 106.1340 -4.1650 -19.1710
v 109.2870 -4.1650 -14.2100
v 112.2960 -4.1650 -9.0510
v 115.1560 -4.1650 -3.6960
v 117.8630 -4.1650 1.8560
v 120.4090 -4.1650 7.6060
v 122.7910 -4.1650 13.5530
v 125.0010 -4.1650 19.6980
v 127.0340 -4.1650 26.0390
v 128.8860 -4.1650 32.5790
v 130.5490 -4.1650 39.3160
v 132.0190 -4.1650 46.2500
v 133.2900 -4.1650 53.3820
v 134.3560 -4.1650 60.7110
v 135.2120 -4.1650 68.2390
v 135.8520 -4.1650 75.9640
v 136.2710 -4.1650 83.8870
v 136.4620 -4.1650 92.0080
v 136.4210 -4.1650 100.3260
v 136.1410 -4.1650 108.8430
v 135.6180 -4.1650 117.5570
v 133.7350 -4.1650 113.6190
v 131.7720 -4.1650 109.7690
v 129.7310 -4.1650 106.0090
v 127.6140 -4.1650 102.3390
v 125.4230 -4.1650 98.7580
v 123.1590 -4.1650 95.2660
v 120.8250 -4.1650 91.8630
v 118.4210 -4.1650 88.5490
v 115.9510 -4.1650 85.3250
v 113.4150 -4.1650 82.1890
v 110.8170 -4.1650 79.1430
v 108.1560 -4.1650 76.1850
v 105.4360 -4.1650 73.3170
v 102.6580 -4.1650 70.5370
v 99.8250 -4.1650 67.8460
v 96.9370 -4.1650 65.2440
v 93.9960 -4.1650 62.7310
v 91.0060 -4.1650 60.3060
v 87.9660 -4.1650 57.9700
v 84.8800 -4.1650 55.7230
v 81.7490 -4.1650 53.5640
v 78.5750 -4.1650 51.4930
v 75.3590 -4.1650 49.5110
v 72.1040 -4.1650 47.6170
v 68.8110 -4.1650 45.8120
v 65.4830 -4.1650 44.0950
v 62.1200 -4.1650 42.4660
v 58.7260 -4.1650 40.9250
v 55.3010 -4.1650 39.4720
v 51.8470 -4.1650 38.1070
v 48.3680 -4.1650 36.8310
v 44.8630 -4.1650 35.6420
v 41.3350 -4.1650 34.5410
v 37.7860 -4.1650 33.5280
v 34.2180 -4.1650 32.6030
v 30.6330 -4.1650 31.7660
v 27.0320 -4.1650 31.0160
v 23.4170 -4.1650 30.3540
v 19.7900 -4.1650 29.7800
v 16.1530 -4.1650 29.2930
v 12.5080 -4.1650 28.8940
v 8.8570 -4.1650 28.5820
v 5.2000 -4.1650 28.3570
v 1.5410 -4.1650 28.2200
v -2.1180 -4.1650 28.1700
v -5.7770 -4.1650 28.2080
v -9.4330 -4.1650 28.3330
v -13.0850 -4.1650 28.5440
v -16.7300 -4.1650 28.8430
v -20.3670 -4.1650 29.2290
v -23.9940 -4.1650 29.7020
v -27.6090 -4.1650 30.2620
v -31.2100 -4.1650 30.9090
v -34.7950 -4.1650 31.6430
v -38.3630 -4.1650 32.4630
v -41.9120 -4.1650 33.3700
v -45.4400 -4.1650 34.3640
v -48.9440 -4.1650 35.4450
v -52.4240 -4.1650 36.6120
v -55.8780 -4.1650 37.8660
v -59.3030 -4.1650 39.2060
v -62.6970 -4.1650 40.6330
v -66.0600 -4.1650 42.1460
v -69.3880 -4.1650 43.7450
v -72.6810 -4.1650 45.4310
v -75.9360 -4.1650 47.2030
v -79.1510 -4.1650 49.0610
v -82.3260 -4.1650 51.0060
v -85.4570 -4.1650 53.0360
v -88.5430 -4.1650 55.1530
v -91.5830 -4.1650 57.3550
v -94.5730 -4.1650 59.6440
v -97.5140 -4.1650 62.0180
v -100.4010 -4.1650 64.4780
v -103.2350 -4.1650 67.0240
v -106.0130 -4.1650 69.6560
v -108.7330 -4.1650 72.3730
v -111.3930 -4.1650 75.1760
v -113.9920 -4.1650 78.0650
v -116.5280 -4.1650 81.0390
v -118.9980 -4.1650 84.0990
v -121.4010 -4.1650 87.2440
v -123.7360 -4.1650 90.4750
v -126.0000 -4.1650 93.7910
v -128.1910 -4.1650 97.1920
v -130.3080 -4.1650 100.6780
v -132.3490 -4.1650 104.2500
v -134.3120 -4.1650 107.9070
v -132.4900 -6.8790 108.6120
v -133.0000 -6.8790 100.3260
v -133.2720 -6.8790 92.2280
v -133.3120 -6.8790 84.3190
v -133.1260 -6.8790 76.5980
v -132.7180 -6.8790 69.0660
v -132.0960 -6.8790 61.7220
v -131.2630 -6.8790 54.5670
v -130.2260 -6.8790 47.6010
v -128.9900 -6.8790 40.8230
v -127.5600 -6.8790 34.2340
v -125.9410 -6.8790 27.8340
v -124.1400 -6.8790 21.6230
v -122.1620 -6.8790 15.6000
v -120.0120 -6.8790 9.7670
v -117.6960 -6.8790 4.1230
v -115.2180 -6.8790 -1.3330
v -112.5860 -6.8790 -6.5990
v -109.8030 -6.8790 -11.6760
v -106.8760 -6.8790 -16.5640
v -103.8090 -6.8790 -21.2630
v -100.6090 -6.8790 -25.7720
v -97.2810 -6.8790 -30.0920
v -93.8300 -6.8790 -34.2230
v -90.2610 -6.8790 -38.1640
v -86.5810 -6.8790 -41.9160
v -82.7950 -6.8790 -45.4780
v -78.9070 -6.8790 -48.8500
v -74.9240 -6.8790 -52.0330
v -70.8510 -6.8790 -55.0260
v -66.6940 -6.8790 -57.8300
v -62.4570 -6.8790 -60.4440
v -58.1470 -6.8790 -62.8670
v -53.7690 -6.8790 -65.1010
v -49.3280 -6.8790 -67.1460
v -44.8290 -6.8790 -69.0000
v -40.2790 -6.8790 -70.6640
v -35.6820 -6.8790 -72.1380
v -31.0450 -6.8790 -73.4210
v -26.3720 -6.8790 -74.5150
v -21.6690 -6.8790 -75.4180
v -16.9410 -6.8790 -76.1320
v -12.1950 -6.8790 -76.6540
v -7.4350 -6.8790 -76.9870
v -2.6660 -6.8790 -77.1290
v 2.1050 -6.8790 -77.0800
v 6.8730 -6.8790 -76.8420
v 11.6340 -6.8790 -76.4120
v 16.3800 -6.8790 -75.7920
v 21.1080 -6.8790 -74.9810
v 25.8110 -6.8790 -73.9800
v 30.4840 -6.8790 -72.7870
v 35.1210 -6.8790 -71.4040
v 39.7180 -6.8790 -69.8300
v 44.2680 -6.8790 -68.0650
v 48.7660 -6.8790 -66.1090
v 53.2070 -6.8790 -63.9630
v 57.5860 -6.8790 -61.6250
v 61.8960 -6.8790 -59.0960
v 66.1330 -6.8790 -56.3750
v 70.2900 -6.8790 -53.4640
v 74.3630 -6.8790 -50.3610
v 78.3460 -6.8790 -47.0670
v 82.2330 -6.8790 -43.5820
v 86.0200 -6.8790 -39.9050
v 89.7000 -6.8790 -36.0370
v 93.2680 -6.8790 -31.9780
v 96.7190 -6.8790 -27.7260
v 100.0480 -6.8790 -23.2840
v 103.2480 -6.8790 -18.6490
v 106.3140 -6.8790 -13.8230
v 109.2420 -6.8790 -8.8050
v 112.0250 -6.8790 -3.5960
v 114.6570 -6.8790 1.8060
v 117.1350 -6.8790 7.3990
v 119.4510 -6.8790 13.1850
v 121.6010 -6.8790 19.1620
v 123.5790 -6.8790 25.3310
v 125.3800 -6.8790 31.6930
v 126.9980 -6.8790 38.2460
v 128.4280 -6.8790 44.9920
v 129.6650 -6.8790 51.9300
v 130.7020 -6.8790 59.0600
v 131.5350 -6.8790 66.3830
v 132.1570 -6.8790 73.8980
v 132.5640 -6.8790 81.6050
v 132.7510 -6.8790 89.5050
v 132.7110 -6.8790 97.5980
v 132.4390 -6.8790 105.8830
v 131.9290 -6.8790 114.3600
v 130.0980 -6.8790 110.5290
v 128.1880 -6.8790 106.7840
v 126.2030 -6.8790 103.1260
v 124.1430 -6.8790 99.5550
v 122.0120 -6.8790 96.0720
v 119.8090 -6.8790 92.6750
v 117.5380 -6.8790 89.3640
v 115.2000 -6.8790 86.1410
v 112.7970 -6.8790 83.0040
v 110.3310 -6.8790 79.9540
v 107.8030 -6.8790 76.9900
v 105.2150 -6.8790 74.1130
v 102.5690 -6.8790 71.3230
v 99.8660 -6.8790 68.6190
v 97.1100 -6.8790 66.0010
v 94.3000 -6.8790 63.4700
v 91.4400 -6.8790 61.0250
v 88.5310 -6.8790 58.6660
v 85.5740 -6.8790 56.3940
v 82.5720 -6.8790 54.2070
v 79.5260 -6.8790 52.1070
v 76.4380 -6.8790 50.0930
v 73.3090 -6.8790 48.1640
v 70.1430 -6.8790 46.3220
v 66.9400 -6.8790 44.5660
v 63.7020 -6.8790 42.8950
v 60.4310 -6.8790 41.3110
v 57.1290 -6.8790 39.8120
v 53.7970 -6.8790 38.3980
v 50.4370 -6.8790 37.0710
v 47.0520 -6.8790 35.8290
v 43.6430 -6.8790 34.6730
v 40.2110 -6.8790 33.6020
v 36.7590 -6.8790 32.6160
v 33.2880 -6.8790 31.7160
v 29.8000 -6.8790 30.9020
v 26.2970 -6.8790 30.1730
v 22.7800 -6.8790 29.5290
v 19.2520 -6.8790 28.9700
v 15.7140 -6.8790 28.4960
v 12.1680 -6.8790 28.1080
v 8.6160 -6.8790 27.8040
v 5.0590 -6.8790 27.5860
v 1.5000 -6.8790 27.4530
v -2.0610 -6.8790 27.4040
v -5.6200 -6.8790 27.4410
v -9.1770 -6.8790 27.5620
v -12.7290 -6.8790 27.7680
v -16.2750 -6.8790 28.0590
v -19.8130 -6.8790 28.4340
v -23.3410 -6.8790 28.8940
v -26.8580 -6.8790 29.4390
v -30.3610 -6.8790 30.0680
v -33.8490 -6.8790 30.7820
v -37.3200 -6.8790 31.5800
v -40.7720 -6.8790 32.4630
v -44.2040 -6.8790 33.4300
v -47.6130 -6.8790 34.4810
v -50.9990 -6.8790 35.6160
v -54.3580 -6.8790 36.8360
v -57.6900 -6.8790 38.1400
v -60.9920 -6.8790 39.5280
v -64.2630 -6.8790 41.0000
v -67.5010 -6.8790 42.5560
v -70.7040 -6.8790 44.1960
v -73.8710 -6.8790 45.9190
v -76.9990 -6.8790 47.7270
v -80.0870 -6.8790 49.6190
v -83.1330 -6.8790 51.5940
v -86.1350 -6.8790 53.6530
v -89.0920 -6.8790 55.7950
v -92.0010 -6.8790 58.0220
v -94.8610 -6.8790 60.3310
v -97.6710 -6.8790 62.7250
v -100.4280 -6.8790 65.2010
v -103.1300 -6.8790 67.7610
v -105.7760 -6.8790 70.4050
v -108.3640 -6.8790 73.1320
v -110.8920 -6.8790 75.9420
v -113.3590 -6.8790 78.8350
v -115.7620 -6.8790 81.8120
v -118.1000 -6.8790 84.8710
v -120.3710 -6.8790 88.0140
v -122.5730 -6.8790 91.2400
v -124.7050 -6.8790 94.5480
v -126.7640 -6.8790 97.9400
v -128.7490 -6.8790 101.4150
v -130.6590 -6.8790 104.9720
v -126.9970 -9.5000 104.1090
v -127.4850 -9.5000 96.1660
v -127.7460 -9.5000 88.4040
v -127.7840 -9.5000 80.8230
v -127.6060 -9.5000 73.4220
v -127.2150 -9.5000 66.2020
v -126.6190 -9.5000 59.1630
v -125.8200 -9.5000 52.3050
v -124.8260 -9.5000 45.6270
v -123.6410 -9.5000 39.1310
v -122.2710 -9.5000 32.8150
v -120.7190 -9.5000 26.6800
v -118.9930 -9.5000 20.7260
v -117.0970 -9.5000 14.9540
v -115.0360 -9.5000 9.3620
v -112.8160 -9.5000 3.9520
v -110.4410 -9.5000 -1.2770
v -107.9170 -9.5000 -6.3250
v -105.2500 -9.5000 -11.1920
v -102.4440 -9.5000 -15.8770
v -99.5050 -9.5000 -20.3810
v -96.4370 -9.5000 -24.7030
v -93.2470 -9.5000 -28.8440
v -89.9390 -9.5000 -32.8040
v -86.5190 -9.5000 -36.5810
v -82.9910 -9.5000 -40.1780
v -79.3620 -9.5000 -43.5920
v -75.6350 -9.5000 -46.8250
v -71.8180 -9.5000 -49.8760
v -67.9140 -9.5000 -52.7450
v -63.9280 -9.5000 -55.4320
v -59.8680 -9.5000 -57.9370
v -55.7360 -9.5000 -60.2610
v -51.5390 -9.5000 -62.4020
v -47.2820 -9.5000 -64.3610
v -42.9700 -9.5000 -66.1390
v -38.6090 -9.5000 -67.7340
v -34.2030 -9.5000 -69.1460
v -29.7580 -9.5000 -70.3770
v -25.2780 -9.5000 -71.4250
v -20.7700 -9.5000 -72.2910
v -16.2390 -9.5000 -72.9750
v -11.6890 -9.5000 -73.4760
v -7.1260 -9.5000 -73.7950
v -2.5560 -9.5000 -73.9310
v 2.0180 -9.5000 -73.8840
v 6.5880 -9.5000 -73.6550
v 11.1510 -9.5000 -73.2440
v 15.7010 -9.5000 -72.6490
v 20.2330 -9.5000 -71.8720
v 24.7410 -9.5000 -70.9120
v 29.2200 -9.5000 -69.7690
v 33.6650 -9.5000 -68.4430
v 38.0710 -9.5000 -66.9350
v 42.4320 -9.5000 -65.2430
v 46.7440 -9.5000 -63.3680
v 51.0010 -9.5000 -61.3100
v 55.1980 -9.5000 -59.0690
v 59.3300 -9.5000 -56.6450
v 63.3910 -9.5000 -54.0380
v 67.3760 -9.5000 -51.2470
v 71.2800 -9.5000 -48.2730
v 75.0970 -9.5000 -45.1160
v 78.8240 -9.5000 -41.7750
v 82.4530 -9.5000 -38.2510
v 85.9810 -9.5000 -34.5430
v 89.4010 -9.5000 -30.6520
v 92.7090 -9.5000 -26.5770
v 95.8990 -9.5000 -22.3180
v 98.9670 -9.5000 -17.8760
v 101.9060 -9.5000 -13.2500
v 104.7120 -9.5000 -8.4400
v 107.3800 -9.5000 -3.4470
v 109.9030 -9.5000 1.7310
v 112.2780 -9.5000 7.0920
v 114.4980 -9.5000 12.6380
v 116.5590 -9.5000 18.3670
v 118.4550 -9.5000 24.2810
v 120.1820 -9.5000 30.3790
v 121.7330 -9.5000 36.6600
v 123.1030 -9.5000 43.1270
v 124.2880 -9.5000 49.7770
v 125.2830 -9.5000 56.6110
v 126.0810 -9.5000 63.6300
v 126.6780 -9.5000 70.8340
v 127.0680 -9.5000 78.2220
v 127.2460 -9.5000 85.7940
v 127.2080 -9.5000 93.5510
v 126.9470 -9.5000 101.4920
v 126.4590 -9.5000 109.6180
v 124.7030 -9.5000 105.9460
v 122.8730 -9.5000 102.3560
v 120.9700 -9.5000 98.8500
v 118.9960 -9.5000 95.4280
v 116.9530 -9.5000 92.0880
v 114.8420 -9.5000 88.8320
v 112.6650 -9.5000 85.6590
v 110.4240 -9.5000 82.5690
v 108.1200 -9.5000 79.5620
v 105.7560 -9.5000 76.6390
v 103.3330 -9.5000 73.7980
v 100.8520 -9.5000 71.0400
v 98.3160 -9.5000 68.3660
v 95.7260 -9.5000 65.7740
v 93.0830 -9.5000 63.2650
v 90.3900 -9.5000 60.8380
v 87.6490 -9.5000 58.4950
v 84.8600 -9.5000 56.2340
v 82.0260 -9.5000 54.0550
v 79.1480 -9.5000 51.9600
v 76.2280 -9.5000 49.9460
v 73.2680 -9.5000 48.0160
v 70.2700 -9.5000 46.1670
v 67.2350 -9.5000 44.4010
v 64.1640 -9.5000 42.7180
v 61.0600 -9.5000 41.1170
v 57.9250 -9.5000 39.5980
v 54.7600 -9.5000 38.1610
v 51.5660 -9.5000 36.8060
v 48.3460 -9.5000 35.5340
v 45.1010 -9.5000 34.3430
v 41.8330 -9.5000 33.2350
v 38.5440 -9.5000 32.2090
v 35.2350 -9.5000 31.2640
v 31.9070 -9.5000 30.4010
v 28.5640 -9.5000 29.6210
v 25.2060 -9.5000 28.9220
v 21.8360 -9.5000 28.3040
v 18.4540 -9.5000 27.7690
v 15.0620 -9.5000 27.3150
v 11.6630 -9.5000 26.9420
v 8.2580 -9.5000 26.6520
v 4.8490 -9.5000 26.4420
v 1.4370 -9.5000 26.3140
v -1.9750 -9.5000 26.2680
v -5.3870 -9.5000 26.3030
v -8.7960 -9.5000 26.4190
v -12.2010 -9.5000 26.6170
v -15.6000 -9.5000 26.8950
v -18.9920 -9.5000 27.2550
v -22.3730 -9.5000 27.6960
v -25.7440 -9.5000 28.2180
v -29.1020 -9.5000 28.8220
v -32.4450 -9.5000 29.5060
v -35.7720 -9.5000 30.2710
v -39.0820 -9.5000 31.1170
v -42.3710 -9.5000 32.0440
v -45.6390 -9.5000 33.0510
v -48.8840 -9.5000 34.1400
v -52.1040 -9.5000 35.3090
v -55.2980 -9.5000 36.5580
v -58.4630 -9.5000 37.8890
v -61.5980 -9.5000 39.3000
v -64.7020 -9.5000 40.7910
v -67.7720 -9.5000 42.3630
v -70.8080 -9.5000 44.0150
v -73.8060 -9.5000 45.7480
v -76.7660 -9.5000 47.5610
v -79.6860 -9.5000 49.4550
v -82.5640 -9.5000 51.4280
v -85.3980 -9.5000 53.4820
v -88.1860 -9.5000 55.6160
v -90.9280 -9.5000 57.8300
v -93.6210 -9.5000 60.1240
v -96.2630 -9.5000 62.4980
v -98.8540 -9.5000 64.9520
v -101.3900 -9.5000 67.4860
v -103.8710 -9.5000 70.1000
v -106.2940 -9.5000 72.7930
v -108.6580 -9.5000 75.5660
v -110.9620 -9.5000 78.4200
v -113.2030 -9.5000 81.3520
v -115.3800 -9.5000 84.3650
v -117.4910 -9.5000 87.4570
v -119.5340 -9.5000 90.6280
v -121.5080 -9.5000 93.8790
v -123.4110 -9.5000 97.2100
v -125.2410 -9.5000 100.6190
v -119.7880 -11.9930 98.1990
v -120.2490 -11.9930 90.7070
v -120.4950 -11.9930 83.3860
v -120.5310 -11.9930 76.2350
v -120.3620 -11.9930 69.2550
v -119.9940 -11.9930 62.4440
v -119.4310 -11.9930 55.8050
v -118.6780 -11.9930 49.3360
v -117.7410 -11.9930 43.0370
v -116.6230 -11.9930 36.9090
v -115.3300 -11.9930 30.9520
v -113.8670 -11.9930 25.1660
v -112.2390 -11.9930 19.5500
v -110.4500 -11.9930 14.1050
v -108.5060 -11.9930 8.8310
v -106.4120 -11.9930 3.7270
v -104.1720 -11.9930 -1.2050
v -101.7920 -11.9930 -5.9660
v -99.2760 -11.9930 -10.5570
v -96.6290 -11.9930 -14.9760
v -93.8570 -11.9930 -19.2240
v -90.9630 -11.9930 -23.3010
v -87.9540 -11.9930 -27.2070
v -84.8340 -11.9930 -30.9420
v -81.6080 -11.9930 -34.5050
v -78.2800 -11.9930 -37.8970
v -74.8570 -11.9930 -41.1180
v -71.3420 -11.9930 -44.1670
v -67.7410 -11.9930 -47.0450
v -64.0590 -11.9930 -49.7510
v -60.3000 -11.9930 -52.2860
v -56.4690 -11.9930 -54.6490
v -52.5720 -11.9930 -56.8400
v -48.6140 -11.9930 -58.8600
v -44.5980 -11.9930 -60.7080
v -40.5310 -11.9930 -62.3840
v -36.4170 -11.9930 -63.8890
v -32.2610 -11.9930 -65.2220
v -28.0680 -11.9930 -66.3820
v -23.8440 -11.9930 -67.3710
v -19.5910 -11.9930 -68.1880
v -15.3170 -11.9930 -68.8330
v -11.0260 -11.9930 -69.3050
v -6.7220 -11.9930 -69.6060
v -2.4110 -11.9930 -69.7340
v 1.9030 -11.9930 -69.6910
v 6.2140 -11.9930 -69.4740
v 10.5180 -11.9930 -69.0860
v 14.8100 -11.9930 -68.5250
v 19.0840 -11.9930 -67.7920
v 23.3360 -11.9930 -66.8870
v 27.5610 -11.9930 -65.8090
v 31.7540 -11.9930 -64.5580
v 35.9100 -11.9930 -63.1350
v 40.0240 -11.9930 -61.5400
v 44.0910 -11.9930 -59.7710
v 48.1060 -11.9930 -57.8300
v 52.0650 -11.9930 -55.7160
v 55.9620 -11.9930 -53.4300
v 59.7920 -11.9930 -50.9710
v 63.5510 -11.9930 -48.3380
v 67.2340 -11.9930 -45.5330
v 70.8350 -11.9930 -42.5550
v 74.3490 -11.9930 -39.4040
v 77.7730 -11.9930 -36.0800
v 81.1000 -11.9930 -32.5820
v 84.3260 -11.9930 -28.9120
v 87.4470 -11.9930 -25.0680
v 90.4560 -11.9930 -21.0510
v 93.3490 -11.9930 -16.8610
v 96.1220 -11.9930 -12.4980
v 98.7680 -11.9930 -7.9610
v 101.2840 -11.9930 -3.2510
v 103.6650 -11.9930 1.6330
v 105.9050 -11.9930 6.6900
v 107.9990 -11.9930 11.9210
v 109.9430 -11.9930 17.3250
v 111.7310 -11.9930 22.9030
v 113.3600 -11.9930 28.6540
v 114.8230 -11.9930 34.5800
v 116.1160 -11.9930 40.6790
v 117.2330 -11.9930 46.9510
v 118.1710 -11.9930 53.3980
v 118.9240 -11.9930 60.0190
v 119.4870 -11.9930 66.8130
v 119.8550 -11.9930 73.7820
v 120.0230 -11.9930 80.9240
v 119.9870 -11.9930 88.2410
v 119.7410 -11.9930 95.7310
v 119.2810 -11.9930 103.3960
v 117.6250 -11.9930 99.9320
v 115.8980 -11.9930 96.5460
v 114.1030 -11.9930 93.2390
v 112.2410 -11.9930 90.0110
v 110.3140 -11.9930 86.8610
v 108.3230 -11.9930 83.7900
v 106.2700 -11.9930 80.7970
v 104.1560 -11.9930 77.8820
v 101.9830 -11.9930 75.0460
v 99.7530 -11.9930 72.2890
v 97.4670 -11.9930 69.6090
v 95.1270 -11.9930 67.0080
v 92.7350 -11.9930 64.4850
v 90.2920 -11.9930 62.0400
v 87.7990 -11.9930 59.6730
v 85.2590 -11.9930 57.3850
v 82.6730 -11.9930 55.1740
v 80.0430 -11.9930 53.0420
v 77.3700 -11.9930 50.9870
v 74.6550 -11.9930 49.0100
v 71.9010 -11.9930 47.1110
v 69.1090 -11.9930 45.2900
v 66.2810 -11.9930 43.5470
v 63.4180 -11.9930 41.8810
v 60.5220 -11.9930 40.2930
v 57.5940 -11.9930 38.7830
v 54.6370 -11.9930 37.3500
v 51.6510 -11.9930 35.9950
v 48.6390 -11.9930 34.7170
v 45.6020 -11.9930 33.5170
v 42.5410 -11.9930 32.3940
v 39.4590 -11.9930 31.3480
v 36.3560 -11.9930 30.3800
v 33.2350 -11.9930 29.4890
v 30.0960 -11.9930 28.6760
v 26.9430 -11.9930 27.9390
v 23.7750 -11.9930 27.2800
v 20.5960 -11.9930 26.6980
v 17.4060 -11.9930 26.1920
v 14.2070 -11.9930 25.7640
v 11.0010 -11.9930 25.4130
v 7.7900 -11.9930 25.1390
v 4.5740 -11.9930 24.9410
v 1.3560 -11.9930 24.8210
v -1.8630 -11.9930 24.7770
v -5.0810 -11.9930 24.8100
v -8.2970 -11.9930 24.9200
v -11.5090 -11.9930 25.1060
v -14.7150 -11.9930 25.3690
v -17.9140 -11.9930 25.7080
v -21.1030 -11.9930 26.1240
v -24.2830 -11.9930 26.6170
v -27.4500 -11.9930 27.1860
v -30.6040 -11.9930 27.8310
v -33.7420 -11.9930 28.5530
v -36.8630 -11.9930 29.3510
v -39.9660 -11.9930 30.2250
v -43.0480 -11.9930 31.1750
v -46.1090 -11.9930 32.2020
v -49.1470 -11.9930 33.3050
v -52.1590 -11.9930 34.4830
v -55.1440 -11.9930 35.7380
v -58.1020 -11.9930 37.0690
v -61.0290 -11.9930 38.4760
v -63.9250 -11.9930 39.9580
v -66.7880 -11.9930 41.5170
v -69.6170 -11.9930 43.1510
v -72.4090 -11.9930 44.8610
v -75.1630 -11.9930 46.6470
v -77.8770 -11.9930 48.5090
v -80.5500 -11.9930 50.4460
v -83.1810 -11.9930 52.4590
v -85.7670 -11.9930 54.5470
v -88.3070 -11.9930 56.7110
v -90.7990 -11.9930 58.9500
v -93.2420 -11.9930 61.2650
v -95.6350 -11.9930 63.6550
v -97.9750 -11.9930 66.1200
v -100.2600 -11.9930 68.6610
v -102.4900 -11.9930 71.2770
v -104.6630 -11.9930 73.9680
v -106.7770 -11.9930 76.7340
v -108.8300 -11.9930 79.5760
v -110.8210 -11.9930 82.4920
v -112.7490 -11.9930 85.4840
v -114.6110 -11.9930 88.5500
v -116.4060 -11.9930 91.6920
v -118.1320 -11.9930 94.9080
v -110.9620 -14.3240 90.9630
v -111.3880 -14.3240 84.0240
v -111.6160 -14.3240 77.2420
v -111.6490 -14.3240 70.6180
v -111.4930 -14.3240 64.1520
v -111.1520 -14.3240 57.8430
v -110.6310 -14.3240 51.6930
v -109.9340 -14.3240 45.7000
v -109.0650 -14.3240 39.8660
v -108.0300 -14.3240 34.1900
v -106.8320 -14.3240 28.6710
v -105.4770 -14.3240 23.3110
v -103.9680 -14.3240 18.1090
v -102.3120 -14.3240 13.0650
v -100.5110 -14.3240 8.1800
v -98.5710 -14.3240 3.4530
v -96.4960 -14.3240 -1.1160
v -94.2910 -14.3240 -5.5270
v -91.9610 -14.3240 -9.7790
v -89.5090 -14.3240 -13.8720
v -86.9410 -14.3240 -17.8080
v -84.2610 -14.3240 -21.5840
v -81.4730 -14.3240 -25.2020
v -78.5830 -14.3240 -28.6620
v -75.5940 -14.3240 -31.9620
v -72.5120 -14.3240 -35.1050
v -69.3410 -14.3240 -38.0880
v -66.0850 -14.3240 -40.9120
v -62.7490 -14.3240 -43.5780
v -59.3380 -14.3240 -46.0850
v -55.8560 -14.3240 -48.4330
v -52.3080 -14.3240 -50.6220
v -48.6990 -14.3240 -52.6520
v -45.0320 -14.3240 -54.5230
v -41.3120 -14.3240 -56.2350
v -37.5450 -14.3240 -57.7880
v -33.7340 -14.3240 -59.1810
v -29.8840 -14.3240 -60.4160
v -26.0000 -14.3240 -61.4910
v -22.0870 -14.3240 -62.4070
v -18.1480 -14.3240 -63.1630
v -14.1890 -14.3240 -63.7610
v -10.2130 -14.3240 -64.1990
v -6.2270 -14.3240 -64.4770
v -2.2330 -14.3240 -64.5960
v 1.7630 -14.3240 -64.5550
v 5.7570 -14.3240 -64.3550
v 9.7430 -14.3240 -63.9960
v 13.7190 -14.3240 -63.4760
v 17.6780 -14.3240 -62.7970
v 21.6170 -14.3240 -61.9580
v 25.5300 -14.3240 -60.9600
v 29.4140 -14.3240 -59.8010
v 33.2640 -14.3240 -58.4830
v 37.0750 -14.3240 -57.0050
v 40.8420 -14.3240 -55.3670
v 44.5620 -14.3240 -53.5690
v 48.2290 -14.3240 -51.6110
v 51.8380 -14.3240 -49.4930
v 55.3860 -14.3240 -47.2150
v 58.8680 -14.3240 -44.7760
v 62.2790 -14.3240 -42.1780
v 65.6150 -14.3240 -39.4190
v 68.8710 -14.3240 -36.5000
v 72.0420 -14.3240 -33.4210
v 75.1240 -14.3240 -30.1810
v 78.1130 -14.3240 -26.7820
v 81.0030 -14.3240 -23.2210
v 83.7910 -14.3240 -19.5000
v 86.4710 -14.3240 -15.6190
v 89.0390 -14.3240 -11.5770
v 91.4910 -14.3240 -7.3740
v 93.8210 -14.3240 -3.0110
v 96.0260 -14.3240 1.5120
v 98.1010 -14.3240 6.1970
v 100.0410 -14.3240 11.0420
v 101.8420 -14.3240 16.0480
v 103.4980 -14.3240 21.2150
v 105.0070 -14.3240 26.5430
v 106.3620 -14.3240 32.0320
v 107.5600 -14.3240 37.6810
v 108.5950 -14.3240 43.4920
v 109.4640 -14.3240 49.4630
v 110.1610 -14.3240 55.5960
v 110.6820 -14.3240 61.8900
v 111.0230 -14.3240 68.3450
v 111.1790 -14.3240 74.9610
v 111.1460 -14.3240 81.7390
v 110.9180 -14.3240 88.6770
v 110.4920 -14.3240 95.7770
v 108.9570 -14.3240 92.5680
v 107.3580 -14.3240 89.4320
v 105.6960 -14.3240 86.3690
v 103.9710 -14.3240 83.3780
v 102.1860 -14.3240 80.4610
v 100.3410 -14.3240 77.6160
v 98.4390 -14.3240 74.8430
v 96.4810 -14.3240 72.1440
v 94.4680 -14.3240 69.5160
v 92.4030 -14.3240 66.9620
v 90.2850 -14.3240 64.4800
v 88.1180 -14.3240 62.0700
v 85.9020 -14.3240 59.7330
v 83.6390 -14.3240 57.4690
v 81.3300 -14.3240 55.2760
v 78.9770 -14.3240 53.1560
v 76.5820 -14.3240 51.1090
v 74.1450 -14.3240 49.1330
v 71.6690 -14.3240 47.2300
v 69.1540 -14.3240 45.3990
v 66.6030 -14.3240 43.6400
v 64.0170 -14.3240 41.9530
v 61.3970 -14.3240 40.3380
v 58.7450 -14.3240 38.7950
v 56.0620 -14.3240 37.3240
v 53.3510 -14.3240 35.9250
v 50.6110 -14.3240 34.5980
v 47.8450 -14.3240 33.3430
v 45.0550 -14.3240 32.1590
v 42.2420 -14.3240 31.0470
v 39.4060 -14.3240 30.0070
v 36.5510 -14.3240 29.0390
v 33.6770 -14.3240 28.1420
v 30.7860 -14.3240 27.3160
v 27.8790 -14.3240 26.5630
v 24.9570 -14.3240 25.8810
v 22.0240 -14.3240 25.2700
v 19.0780 -14.3240 24.7300
v 16.1240 -14.3240 24.2620
v 13.1610 -14.3240 23.8660
v 10.1910 -14.3240 23.5400
v 7.2160 -14.3240 23.2860
v 4.2370 -14.3240 23.1040
v 1.2560 -14.3240 22.9920
v -1.7260 -14.3240 22.9510
v -4.7070 -14.3240 22.9820
v -7.6860 -14.3240 23.0830
v -10.6610 -14.3240 23.2560
v -13.6310 -14.3240 23.4990
v -16.5940 -14.3240 23.8140
v -19.5480 -14.3240 24.1990
v -22.4940 -14.3240 24.6550
v -25.4270 -14.3240 25.1820
v -28.3490 -14.3240 25.7800
v -31.2560 -14.3240 26.4490
v -34.1470 -14.3240 27.1880
v -37.0210 -14.3240 27.9980
v -39.8760 -14.3240 28.8780
v -42.7120 -14.3240 29.8290
v -45.5250 -14.3240 30.8500
v -48.3150 -14.3240 31.9420
v -51.0810 -14.3240 33.1050
v -53.8210 -14.3240 34.3380
v -56.5320 -14.3240 35.6410
v -59.2150 -14.3240 37.0140
v -61.8670 -14.3240 38.4580
v -64.4870 -14.3240 39.9720
v -67.0730 -14.3240 41.5560
v -69.6240 -14.3240 43.2100
v -72.1390 -14.3240 44.9340
v -74.6150 -14.3240 46.7290
v -77.0520 -14.3240 48.5930
v -79.4470 -14.3240 50.5280
v -81.8000 -14.3240 52.5320
v -84.1090 -14.3240 54.6060
v -86.3720 -14.3240 56.7510
v -88.5880 -14.3240 58.9650
v -90.7550 -14.3240 61.2480
v -92.8730 -14.3240 63.6020
v -94.9380 -14.3240 66.0250
v -96.9510 -14.3240 68.5180
v -98.9090 -14.3240 71.0800
v -100.8110 -14.3240 73.7120
v -102.6560 -14.3240 76.4140
v -104.4410 -14.3240 79.1850
v -106.1660 -14.3240 82.0250
v -107.8280 -14.3240 84.9350
v -109.4270 -14.3240 87.9150
v -100.6360 -16.4610 82.4990
v -101.0230 -16.4610 76.2050
v -101.2300 -16.4610 70.0540
v -101.2600 -16.4610 64.0470
v -101.1190 -16.4610 58.1820
v -100.8090 -16.4610 52.4610
v -100.3360 -16.4610 46.8830
v -99.7040 -16.4610 41.4480
v -98.9160 -16.4610 36.1560
v -97.9770 -16.4610 31.0080
v -96.8910 -16.4610 26.0030
v -95.6620 -16.4610 21.1420
v -94.2940 -16.4610 16.4240
v -92.7910 -16.4610 11.8500
v -91.1580 -16.4610 7.4190
v -89.3990 -16.4610 3.1310
v -87.5170 -16.4610 -1.0120
v -85.5170 -16.4610 -5.0120
v -83.4030 -16.4610 -8.8690
v -81.1800 -16.4610 -12.5820
v -78.8510 -16.4610 -16.1510
v -76.4200 -16.4610 -19.5760
v -73.8920 -16.4610 -22.8570
v -71.2700 -16.4610 -25.9950
v -68.5600 -16.4610 -28.9880
v -65.7650 -16.4610 -31.8380
v -62.8890 -16.4610 -34.5440
v -59.9360 -16.4610 -37.1050
v -56.9100 -16.4610 -39.5230
v -53.8170 -16.4610 -41.7970
v -50.6590 -16.4610 -43.9260
v -47.4410 -16.4610 -45.9110
v -44.1670 -16.4610 -47.7520
v -40.8410 -16.4610 -49.4490
v -37.4680 -16.4610 -51.0020
v -34.0510 -16.4610 -52.4100
v -30.5950 -16.4610 -53.6740
v -27.1030 -16.4610 -54.7940
v -23.5810 -16.4610 -55.7690
v -20.0310 -16.4610 -56.6000
v -16.4590 -16.4610 -57.2860
v -12.8680 -16.4610 -57.8280
v -9.2630 -16.4610 -58.2250
v -5.6470 -16.4610 -58.4770
v -2.0250 -16.4610 -58.5850
v 1.5990 -16.4610 -58.5480
v 5.2210 -16.4610 -58.3670
v 8.8370 -16.4610 -58.0410
v 12.4420 -16.4610 -57.5690
v 16.0330 -16.4610 -56.9540
v 19.6050 -16.4610 -56.1930
v 23.1550 -16.4610 -55.2870
v 26.6770 -16.4610 -54.2370
v 30.1690 -16.4610 -53.0410
v 33.6250 -16.4610 -51.7010
v 37.0420 -16.4610 -50.2150
v 40.4150 -16.4610 -48.5840
v 43.7410 -16.4610 -46.8080
v 47.0150 -16.4610 -44.8870
v 50.2330 -16.4610 -42.8210
v 53.3910 -16.4610 -40.6100
v 56.4840 -16.4610 -38.2530
v 59.5100 -16.4610 -35.7510
v 62.4620 -16.4610 -33.1040
v 65.3380 -16.4610 -30.3110
v 68.1340 -16.4610 -27.3730
v 70.8440 -16.4610 -24.2890
v 73.4660 -16.4610 -21.0600
v 75.9940 -16.4610 -17.6860
v 78.4240 -16.4610 -14.1660
v 80.7540 -16.4610 -10.5000
v 82.9770 -16.4610 -6.6880
v 85.0910 -16.4610 -2.7310
v 87.0910 -16.4610 1.3720
v 88.9720 -16.4610 5.6200
v 90.7320 -16.4610 10.0150
v 92.3650 -16.4610 14.5550
v 93.8680 -16.4610 19.2410
v 95.2360 -16.4610 24.0730
v 96.4650 -16.4610 29.0510
v 97.5510 -16.4610 34.1750
v 98.4900 -16.4610 39.4450
v 99.2780 -16.4610 44.8610
v 99.9100 -16.4610 50.4230
v 100.3830 -16.4610 56.1310
v 100.6920 -16.4610 61.9850
v 100.8340 -16.4610 67.9860
v 100.8030 -16.4610 74.1330
v 100.5970 -16.4610 80.4260
v 100.2100 -16.4610 86.8650
v 98.8190 -16.4610 83.9550
v 97.3680 -16.4610 81.1100
v 95.8600 -16.4610 78.3320
v 94.2960 -16.4610 75.6200
v 92.6770 -16.4610 72.9730
v 91.0040 -16.4610 70.3930
v 89.2790 -16.4610 67.8790
v 87.5030 -16.4610 65.4300
v 85.6780 -16.4610 63.0480
v 83.8040 -16.4610 60.7310
v 81.8840 -16.4610 58.4800
v 79.9180 -16.4610 56.2950
v 77.9080 -16.4610 54.1750
v 75.8560 -16.4610 52.1210
v 73.7620 -16.4610 50.1330
v 71.6280 -16.4610 48.2100
v 69.4550 -16.4610 46.3530
v 67.2450 -16.4610 44.5610
v 65.0000 -16.4610 42.8350
v 62.7190 -16.4610 41.1740
v 60.4060 -16.4610 39.5790
v 58.0600 -16.4610 38.0490
v 55.6840 -16.4610 36.5840
v 53.2790 -16.4610 35.1850
v 50.8460 -16.4610 33.8510
v 48.3860 -16.4610 32.5820
v 45.9020 -16.4610 31.3780
v 43.3930 -16.4610 30.2400
v 40.8630 -16.4610 29.1660
v 38.3110 -16.4610 28.1580
v 35.7400 -16.4610 27.2150
v 33.1500 -16.4610 26.3360
v 30.5430 -16.4610 25.5230
v 27.9210 -16.4610 24.7750
v 25.2840 -16.4610 24.0910
v 22.6350 -16.4610 23.4720
v 19.9740 -16.4610 22.9180
v 17.3030 -16.4610 22.4290
v 14.6230 -16.4610 22.0050
v 11.9360 -16.4610 21.6450
v 9.2420 -16.4610 21.3500
v 6.5440 -16.4610 21.1200
v 3.8430 -16.4610 20.9540
v 1.1390 -16.4610 20.8520
v -1.5650 -16.4610 20.8160
v -4.2690 -16.4610 20.8430
v -6.9710 -16.4610 20.9350
v -9.6690 -16.4610 21.0920
v -12.3620 -16.4610 21.3130
v -15.0500 -16.4610 21.5980
v -17.7290 -16.4610 21.9470
v -20.4000 -16.4610 22.3610
v -23.0610 -16.4610 22.8390
v -25.7110 -16.4610 23.3810
v -28.3470 -16.4610 23.9880
v -30.9690 -16.4610 24.6580
v -33.5760 -16.4610 25.3920
v -36.1660 -16.4610 26.1910
v -38.7370 -16.4610 27.0530
v -41.2890 -16.4610 27.9800
v -43.8200 -16.4610 28.9700
v -46.3280 -16.4610 30.0240
v -48.8120 -16.4610 31.1420
v -51.2720 -16.4610 32.3240
v -53.7050 -16.4610 33.5700
v -56.1100 -16.4610 34.8790
v -58.4860 -16.4610 36.2520
v -60.8320 -16.4610 37.6890
v -63.1450 -16.4610 39.1890
v -65.4260 -16.4610 40.7530
v -67.6720 -16.4610 42.3810
v -69.8820 -16.4610 44.0720
v -72.0540 -16.4610 45.8260
v -74.1880 -16.4610 47.6440
v -76.2820 -16.4610 49.5250
v -78.3350 -16.4610 51.4700
v -80.3450 -16.4610 53.4780
v -82.3100 -16.4610 55.5490
v -84.2310 -16.4610 57.6840
v -86.1040 -16.4610 59.8810
v -87.9300 -16.4610 62.1420
v -89.7050 -16.4610 64.4660
v -91.4300 -16.4610 66.8530
v -93.1030 -16.4610 69.3030
v -94.7220 -16.4610 71.8170
v -96.2870 -16.4610 74.3930
v -97.7950 -16.4610 77.0320
v -99.2450 -16.4610 79.7340
v -88.9520 -18.3760 72.9200
v -89.2940 -18.3760 67.3570
v -89.4760 -18.3760 61.9200
v -89.5030 -18.3760 56.6100
v -89.3780 -18.3760 51.4270
v -89.1050 -18.3760 46.3700
v -88.6870 -18.3760 41.4390
v -88.1280 -18.3760 36.6360
v -87.4310 -18.3760 31.9580
v -86.6010 -18.3760 27.4080
v -85.6410 -18.3760 22.9840
v -84.5550 -18.3760 18.6870
v -83.3460 -18.3760 14.5170
v -82.0180 -18.3760 10.4740
v -80.5740 -18.3760 6.5570
v -79.0190 -18.3760 2.7680
v -77.3560 -18.3760 -0.8950
v -75.5880 -18.3760 -4.4300
v -73.7200 -18.3760 -7.8390
v -71.7540 -18.3760 -11.1210
v -69.6960 -18.3760 -14.2750
v -67.5470 -18.3760 -17.3030
v -65.3130 -18.3760 -20.2030
v -62.9960 -18.3760 -22.9770
v -60.6000 -18.3760 -25.6230
v -58.1290 -18.3760 -28.1410
v -55.5870 -18.3760 -30.5330
v -52.9770 -18.3760 -32.7970
v -50.3030 -18.3760 -34.9340
v -47.5680 -18.3760 -36.9440
v -44.7770 -18.3760 -38.8260
v -41.9330 -18.3760 -40.5810
v -39.0390 -18.3760 -42.2080
v -36.0990 -18.3760 -43.7080
v -33.1180 -18.3760 -45.0800
v -30.0980 -18.3760 -46.3250
v -27.0430 -18.3760 -47.4420
v -23.9570 -18.3760 -48.4320
v -20.8430 -18.3760 -49.2940
v -17.7060 -18.3760 -50.0280
v -14.5480 -18.3760 -50.6350
v -11.3740 -18.3760 -51.1130
v -8.1870 -18.3760 -51.4640
v -4.9910 -18.3760 -51.6880
v -1.7900 -18.3760 -51.7830
v 1.4130 -18.3760 -51.7510
v 4.6150 -18.3760 -51.5900
v 7.8110 -18.3760 -51.3020
v 10.9970 -18.3760 -50.8850
v 14.1710 -18.3760 -50.3410
v 17.3290 -18.3760 -49.6690
v 20.4660 -18.3760 -48.8680
v 23.5800 -18.3760 -47.9390
v 26.6660 -18.3760 -46.8830
v 29.7210 -18.3760 -45.6980
v 32.7410 -18.3760 -44.3850
v 35.7230 -18.3760 -42.9430
v 38.6620 -18.3760 -41.3740
v 41.5560 -18.3760 -39.6760
v 44.4000 -18.3760 -37.8490
v 47.1920 -18.3760 -35.8950
v 49.9260 -18.3760 -33.8120
v 52.6000 -18.3760 -31.6000
v 55.2100 -18.3760 -29.2600
v 57.7520 -18.3760 -26.7920
v 60.2230 -18.3760 -24.1950
v 62.6190 -18.3760 -21.4690
v 64.9360 -18.3760 -18.6150
v 67.1700 -18.3760 -15.6320
v 69.3190 -18.3760 -12.5210
v 71.3780 -18.3760 -9.2810
v 73.3430 -18.3760 -5.9120
v 75.2110 -18.3760 -2.4140
v 76.9790 -18.3760 1.2120
v 78.6420 -18.3760 4.9680
v 80.1970 -18.3760 8.8520
v 81.6410 -18.3760 12.8650
v 82.9690 -18.3760 17.0070
v 84.1780 -18.3760 21.2780
v 85.2650 -18.3760 25.6780
v 86.2250 -18.3760 30.2070
v 87.0550 -18.3760 34.8650
v 87.7510 -18.3760 39.6520
v 88.3100 -18.3760 44.5680
v 88.7280 -18.3760 49.6140
v 89.0010 -18.3760 54.7880
v 89.1260 -18.3760 60.0920
v 89.1000 -18.3760 65.5250
v 88.9170 -18.3760 71.0880
v 88.5750 -18.3760 76.7790
v 87.3450 -18.3760 74.2070
v 86.0630 -18.3760 71.6930
v 84.7300 -18.3760 69.2370
v 83.3480 -18.3760 66.8400
v 81.9170 -18.3760 64.5010
v 80.4380 -18.3760 62.2200
v 78.9130 -18.3760 59.9980
v 77.3440 -18.3760 57.8340
v 75.7300 -18.3760 55.7280
v 74.0740 -18.3760 53.6800
v 72.3770 -18.3760 51.6900
v 70.6390 -18.3760 49.7580
v 68.8630 -18.3760 47.8850
v 67.0490 -18.3760 46.0700
v 65.1980 -18.3760 44.3120
v 63.3120 -18.3760 42.6130
v 61.3910 -18.3760 40.9710
v 59.4380 -18.3760 39.3870
v 57.4530 -18.3760 37.8620
v 55.4370 -18.3760 36.3940
v 53.3920 -18.3760 34.9840
v 51.3190 -18.3760 33.6310
v 49.2190 -18.3760 32.3370
v 47.0930 -18.3760 31.1000
v 44.9420 -18.3760 29.9210
v 42.7680 -18.3760 28.7990
v 40.5720 -18.3760 27.7350
v 38.3550 -18.3760 26.7290
v 36.1180 -18.3760 25.7800
v 33.8630 -18.3760 24.8890
v 31.5900 -18.3760 24.0550
v 29.3010 -18.3760 23.2790
v 26.9970 -18.3760 22.5600
v 24.6790 -18.3760 21.8980
v 22.3490 -18.3760 21.2940
v 20.0070 -18.3760 20.7470
v 17.6550 -18.3760 20.2570
v 15.2940 -18.3760 19.8250
v 12.9250 -18.3760 19.4500
v 10.5500 -18.3760 19.1320
v 8.1690 -18.3760 18.8710
v 5.7840 -18.3760 18.6670
v 3.3960 -18.3760 18.5210
v 1.0070 -18.3760 18.4310
v -1.3840 -18.3760 18.3990
v -3.7730 -18.3760 18.4230
v -6.1610 -18.3760 18.5050
v -8.5460 -18.3760 18.6430
v -10.9270 -18.3760 18.8380
v -13.3020 -18.3760 19.0900
v -15.6710 -18.3760 19.3990
v -18.0320 -18.3760 19.7650
v -20.3840 -18.3760 20.1870
v -22.7260 -18.3760 20.6670
v -25.0560 -18.3760 21.2020
v -27.3740 -18.3760 21.7950
v -29.6780 -18.3760 22.4440
v -31.9670 -18.3760 23.1500
v -34.2400 -18.3760 23.9120
v -36.4950 -18.3760 24.7310
v -38.7320 -18.3760 25.6060
v -40.9490 -18.3760 26.5380
v -43.1450 -18.3760 27.5270
v -45.3190 -18.3760 28.5710
v -47.4690 -18.3760 29.6720
v -49.5950 -18.3760 30.8290
v -51.6960 -18.3760 32.0430
v -53.7690 -18.3760 33.3130
v -55.8140 -18.3760 34.6390
v -57.8300 -18.3760 36.0220
v -59.8150 -18.3760 37.4600
v -61.7680 -18.3760 38.9550
v -63.6880 -18.3760 40.5050
v -65.5740 -18.3760 42.1120
v -67.4250 -18.3760 43.7750
v -69.2400 -18.3760 45.4940
v -71.0160 -18.3760 47.2690
v -72.7540 -18.3760 49.0990
v -74.4510 -18.3760 50.9860
v -76.1070 -18.3760 52.9290
v -77.7200 -18.3760 54.9270
v -79.2900 -18.3760 56.9810
v -80.8150 -18.3760 59.0910
v -82.2930 -18.3760 61.2570
v -83.7250 -18.3760 63.4780
v -85.1070 -18.3760 65.7550
v -86.4400 -18.3760 68.0880
v -87.7220 -18.3760 70.4760
v -76.0660 -20.0430 62.3570
v -76.3580 -20.0430 57.6000
v -76.5140 -20.0430 52.9500
v -76.5370 -20.0430 48.4100
v -76.4310 -20.0430 43.9770
v -76.1970 -20.0430 39.6520
v -75.8390 -20.0430 35.4360
v -75.3610 -20.0430 31.3280
v -74.7660 -20.0430 27.3290
v -74.0560 -20.0430 23.4380
v -73.2350 -20.0430 19.6550
v -72.3060 -20.0430 15.9800
v -71.2720 -20.0430 12.4140
v -70.1360 -20.0430 8.9570
v -68.9020 -20.0430 5.6070
v -67.5720 -20.0430 2.3670
v -66.1500 -20.0430 -0.7650
v -64.6380 -20.0430 -3.7890
v -63.0400 -20.0430 -6.7040
v -61.3600 -20.0430 -9.5100
v -59.5990 -20.0430 -12.2070
v -57.7620 -20.0430 -14.7960
v -55.8510 -20.0430 -17.2770
v -53.8700 -20.0430 -19.6480
v -51.8210 -20.0430 -21.9110
v -49.7080 -20.0430 -24.0650
v -47.5340 -20.0430 -26.1100
v -45.3020 -20.0430 -28.0460
v -43.0160 -20.0430 -29.8730
v -40.6770 -20.0430 -31.5920
v -38.2910 -20.0430 -33.2020
v -35.8580 -20.0430 -34.7020
v -33.3840 -20.0430 -36.0940
v -30.8700 -20.0430 -37.3760
v -28.3200 -20.0430 -38.5500
v -25.7370 -20.0430 -39.6140
v -23.1250 -20.0430 -40.5700
v -20.4860 -20.0430 -41.4160
v -17.8240 -20.0430 -42.1530
v -15.1410 -20.0430 -42.7810
v -12.4410 -20.0430 -43.3000
v -9.7260 -20.0430 -43.7090
v -7.0010 -20.0430 -44.0090
v -4.2680 -20.0430 -44.2000
v -1.5310 -20.0430 -44.2820
v 1.2090 -20.0430 -44.2540
v 3.9460 -20.0430 -44.1170
v 6.6790 -20.0430 -43.8700
v 9.4040 -20.0430 -43.5140
v 12.1180 -20.0430 -43.0480
v 14.8190 -20.0430 -42.4730
v 17.5010 -20.0430 -41.7890
v 20.1640 -20.0430 -40.9950
v 22.8030 -20.0430 -40.0910
v 25.4150 -20.0430 -39.0780
v 27.9980 -20.0430 -37.9550
v 30.5480 -20.0430 -36.7220
v 33.0610 -20.0430 -35.3800
v 35.5360 -20.0430 -33.9280
v 37.9680 -20.0430 -32.3660
v 40.3550 -20.0430 -30.6950
v 42.6940 -20.0430 -28.9140
v 44.9800 -20.0430 -27.0230
v 47.2120 -20.0430 -25.0220
v 49.3860 -20.0430 -22.9110
v 51.4990 -20.0430 -20.6900
v 53.5480 -20.0430 -18.3590
v 55.5290 -20.0430 -15.9180
v 57.4400 -20.0430 -13.3680
v 59.2770 -20.0430 -10.7070
v 61.0380 -20.0430 -7.9360
v 62.7180 -20.0430 -5.0550
v 64.3160 -20.0430 -2.0640
v 65.8270 -20.0430 1.0370
v 67.2500 -20.0430 4.2480
v 68.5800 -20.0430 7.5700
v 69.8140 -20.0430 11.0010
v 70.9500 -20.0430 14.5430
v 71.9840 -20.0430 18.1960
v 72.9130 -20.0430 21.9580
v 73.7340 -20.0430 25.8310
v 74.4440 -20.0430 29.8140
v 75.0390 -20.0430 33.9080
v 75.5170 -20.0430 38.1120
v 75.8750 -20.0430 42.4270
v 76.1080 -20.0430 46.8520
v 76.2150 -20.0430 51.3870
v 76.1920 -20.0430 56.0330
v 76.0360 -20.0430 60.7900
v 75.7440 -20.0430 65.6570
v 74.6920 -20.0430 63.4570
v 73.5960 -20.0430 61.3070
v 72.4560 -20.0430 59.2070
v 71.2740 -20.0430 57.1570
v 70.0500 -20.0430 55.1570
v 68.7850 -20.0430 53.2070
v 67.4820 -20.0430 51.3060
v 66.1390 -20.0430 49.4560
v 64.7600 -20.0430 47.6550
v 63.3440 -20.0430 45.9030
v 61.8920 -20.0430 44.2020
v 60.4060 -20.0430 42.5500
v 58.8870 -20.0430 40.9480
v 57.3360 -20.0430 39.3960
v 55.7530 -20.0430 37.8930
v 54.1400 -20.0430 36.4400
v 52.4980 -20.0430 35.0360
v 50.8270 -20.0430 33.6820
v 49.1300 -20.0430 32.3770
v 47.4060 -20.0430 31.1220
v 45.6580 -20.0430 29.9160
v 43.8850 -20.0430 28.7590
v 42.0890 -20.0430 27.6520
v 40.2710 -20.0430 26.5950
v 38.4320 -20.0430 25.5860
v 36.5730 -20.0430 24.6270
v 34.6950 -20.0430 23.7170
v 32.7990 -20.0430 22.8570
v 30.8860 -20.0430 22.0450
v 28.9570 -20.0430 21.2830
v 27.0140 -20.0430 20.5700
v 25.0560 -20.0430 19.9060
v 23.0860 -20.0430 19.2920
v 21.1040 -20.0430 18.7260
v 19.1110 -20.0430 18.2090
v 17.1090 -20.0430 17.7410
v 15.0970 -20.0430 17.3230
v 13.0790 -20.0430 16.9530
v 11.0530 -20.0430 16.6320
v 9.0220 -20.0430 16.3600
v 6.9860 -20.0430 16.1370
v 4.9460 -20.0430 15.9630
v 2.9040 -20.0430 15.8380
v 0.8610 -20.0430 15.7610
v -1.1830 -20.0430 15.7330
v -3.2270 -20.0430 15.7540
v -5.2690 -20.0430 15.8240
v -7.3080 -20.0430 15.9420
v -9.3440 -20.0430 16.1090
v -11.3750 -20.0430 16.3250
v -13.4010 -20.0430 16.5890
v -15.4200 -20.0430 16.9020
v -17.4310 -20.0430 17.2630
v -19.4330 -20.0430 17.6730
v -21.4260 -20.0430 18.1310
v -23.4080 -20.0430 18.6380
v -25.3780 -20.0430 19.1930
v -27.3360 -20.0430 19.7960
v -29.2790 -20.0430 20.4480
v -31.2080 -20.0430 21.1480
v -33.1210 -20.0430 21.8970
v -35.0170 -20.0430 22.6940
v -36.8950 -20.0430 23.5390
v -38.7540 -20.0430 24.4320
v -40.5930 -20.0430 25.3740
v -42.4110 -20.0430 26.3630
v -44.2070 -20.0430 27.4010
v -45.9800 -20.0430 28.4870
v -47.7280 -20.0430 29.6210
v -49.4520 -20.0430 30.8030
v -51.1500 -20.0430 32.0330
v -52.8200 -20.0430 33.3120
v -54.4620 -20.0430 34.6380
v -56.0750 -20.0430 36.0120
v -57.6580 -20.0430 37.4340
v -59.2090 -20.0430 38.9030
v -60.7280 -20.0430 40.4210
v -62.2140 -20.0430 41.9870
v -63.6660 -20.0430 43.6000
v -65.0820 -20.0430 45.2610
v -66.4620 -20.0430 46.9700
v -67.8040 -20.0430 48.7270
v -69.1080 -20.0430 50.5310
v -70.3720 -20.0430 52.3830
v -71.5960 -20.0430 54.2830
v -72.7780 -20.0430 56.2300
v -73.9180 -20.0430 58.2250
v -75.0140 -20.0430 60.2670
v -62.1530 -21.4400 50.9510
v -62.3920 -21.4400 47.0640
v -62.5190 -21.4400 43.2650
v -62.5380 -21.4400 39.5550
v -62.4510 -21.4400 35.9330
v -62.2600 -21.4400 32.4000
v -61.9680 -21.4400 28.9550
v -61.5770 -21.4400 25.5980
v -61.0900 -21.4400 22.3300
v -60.5100 -21.4400 19.1510
v -59.8400 -21.4400 16.0600
v -59.0800 -21.4400 13.0570
v -58.2360 -21.4400 10.1440
v -57.3080 -21.4400 7.3180
v -56.2990 -21.4400 4.5820
v -55.2120 -21.4400 1.9340
v -54.0500 -21.4400 -0.6250
v -52.8150 -21.4400 -3.0960
v -51.5100 -21.4400 -5.4770
v -50.1360 -21.4400 -7.7700
v -48.6980 -21.4400 -9.9750
v -47.1970 -21.4400 -12.0900
v -45.6350 -21.4400 -14.1170
v -44.0160 -21.4400 -16.0540
v -42.3430 -21.4400 -17.9030
v -40.6160 -21.4400 -19.6630
v -38.8400 -21.4400 -21.3340
v -37.0160 -21.4400 -22.9160
v -35.1480 -21.4400 -24.4090
v -33.2370 -21.4400 -25.8130
v -31.2870 -21.4400 -27.1290
v -29.2990 -21.4400 -28.3550
v -27.2770 -21.4400 -29.4920
v -25.2230 -21.4400 -30.5400
v -23.1400 -21.4400 -31.4990
v -21.0300 -21.4400 -32.3680
v -18.8950 -21.4400 -33.1490
v -16.7390 -21.4400 -33.8410
v -14.5630 -21.4400 -34.4430
v -12.3710 -21.4400 -34.9560
v -10.1650 -21.4400 -35.3800
v -7.9470 -21.4400 -35.7140
v -5.7210 -21.4400 -35.9590
v -3.4880 -21.4400 -36.1150
v -1.2510 -21.4400 -36.1820
v 0.9870 -21.4400 -36.1590
v 3.2240 -21.4400 -36.0470
v 5.4570 -21.4400 -35.8460
v 7.6840 -21.4400 -35.5550
v 9.9020 -21.4400 -35.1740
v 12.1080 -21.4400 -34.7050
v 14.3000 -21.4400 -34.1450
v 16.4760 -21.4400 -33.4960
v 18.6320 -21.4400 -32.7580
v 20.7670 -21.4400 -31.9300
v 22.8770 -21.4400 -31.0130
v 24.9600 -21.4400 -30.0060
v 27.0140 -21.4400 -28.9090
v 29.0360 -21.4400 -27.7220
v 31.0240 -21.4400 -26.4460
v 32.9740 -21.4400 -25.0810
v 34.8840 -21.4400 -23.6250
v 36.7530 -21.4400 -22.0800
v 38.5770 -21.4400 -20.4450
v 40.3530 -21.4400 -18.7200
v 42.0790 -21.4400 -16.9050
v 43.7530 -21.4400 -15.0010
v 45.3720 -21.4400 -13.0070
v 46.9330 -21.4400 -10.9230
v 48.4350 -21.4400 -8.7490
v 49.8730 -21.4400 -6.4850
v 51.2460 -21.4400 -4.1310
v 52.5520 -21.4400 -1.6870
v 53.7870 -21.4400 0.8470
v 54.9490 -21.4400 3.4710
v 56.0360 -21.4400 6.1850
v 57.0440 -21.4400 8.9890
v 57.9720 -21.4400 11.8830
v 58.8170 -21.4400 14.8670
v 59.5760 -21.4400 17.9420
v 60.2470 -21.4400 21.1060
v 60.8270 -21.4400 24.3610
v 61.3140 -21.4400 27.7060
v 61.7040 -21.4400 31.1410
v 61.9960 -21.4400 34.6660
v 62.1870 -21.4400 38.2820
v 62.2750 -21.4400 41.9880
v 62.2560 -21.4400 45.7840
v 62.1280 -21.4400 49.6710
v 61.8890 -21.4400 53.6480
v 61.0300 -21.4400 51.8500
v 60.1340 -21.4400 50.0930
v 59.2030 -21.4400 48.3780
v 58.2370 -21.4400 46.7030
v 57.2370 -21.4400 45.0680
v 56.2040 -21.4400 43.4750
v 55.1390 -21.4400 41.9220
v 54.0420 -21.4400 40.4100
v 52.9140 -21.4400 38.9380
v 51.7570 -21.4400 37.5070
v 50.5710 -21.4400 36.1170
v 49.3570 -21.4400 34.7670
v 48.1160 -21.4400 33.4580
v 46.8480 -21.4400 32.1900
v 45.5550 -21.4400 30.9620
v 44.2370 -21.4400 29.7740
v 42.8950 -21.4400 28.6270
v 41.5310 -21.4400 27.5210
v 40.1440 -21.4400 26.4550
v 38.7350 -21.4400 25.4290
v 37.3060 -21.4400 24.4440
v 35.8580 -21.4400 23.4990
v 34.3900 -21.4400 22.5940
v 32.9050 -21.4400 21.7300
v 31.4020 -21.4400 20.9060
v 29.8830 -21.4400 20.1230
v 28.3490 -21.4400 19.3790
v 26.8000 -21.4400 18.6760
v 25.2370 -21.4400 18.0130
v 23.6610 -21.4400 17.3900
v 22.0730 -21.4400 16.8080
v 20.4730 -21.4400 16.2650
v 18.8630 -21.4400 15.7630
v 17.2440 -21.4400 15.3010
v 15.6160 -21.4400 14.8790
v 13.9790 -21.4400 14.4960
v 12.3360 -21.4400 14.1540
v 10.6860 -21.4400 13.8520
v 9.0310 -21.4400 13.5900
v 7.3720 -21.4400 13.3680
v 5.7080 -21.4400 13.1860
v 4.0420 -21.4400 13.0430
v 2.3730 -21.4400 12.9410
v 0.7030 -21.4400 12.8780
v -0.9670 -21.4400 12.8560
v -2.6360 -21.4400 12.8730
v -4.3050 -21.4400 12.9300
v -5.9710 -21.4400 13.0260
v -7.6350 -21.4400 13.1630
v -9.2950 -21.4400 13.3390
v -10.9500 -21.4400 13.5550
v -12.5990 -21.4400 13.8100
v -14.2430 -21.4400 14.1050
v -15.8790 -21.4400 14.4400
v -17.5070 -21.4400 14.8150
v -19.1270 -21.4400 15.2290
v -20.7370 -21.4400 15.6820
v -22.3360 -21.4400 16.1750
v -23.9240 -21.4400 16.7080
v -25.5000 -21.4400 17.2800
v -27.0630 -21.4400 17.8920
v -28.6120 -21.4400 18.5430
v -30.1460 -21.4400 19.2330
v -31.6650 -21.4400 19.9630
v -33.1680 -21.4400 20.7330
v -34.6530 -21.4400 21.5410
v -36.1210 -21.4400 22.3890
v -37.5700 -21.4400 23.2770
v -38.9980 -21.4400 24.2030
v -40.4070 -21.4400 25.1690
v -41.7940 -21.4400 26.1740
v -43.1590 -21.4400 27.2190
v -44.5010 -21.4400 28.3020
v -45.8180 -21.4400 29.4250
v -47.1120 -21.4400 30.5870
v -48.3790 -21.4400 31.7880
v -49.6210 -21.4400 33.0280
v -50.8350 -21.4400 34.3070
v -52.0210 -21.4400 35.6250
v -53.1780 -21.4400 36.9820
v -54.3050 -21.4400 38.3790
v -55.4020 -21.4400 39.8140
v -56.4670 -21.4400 41.2880
v -57.5000 -21.4400 42.8020
v -58.5000 -21.4400 44.3540
v -59.4660 -21.4400 45.9450
v -60.3980 -21.4400 47.5750
v -61.2930 -21.4400 49.2430
v -47.4000 -22.5460 38.8570
v -47.5820 -22.5460 35.8930
v -47.6800 -22.5460 32.9960
v -47.6940 -22.5460 30.1660
v -47.6270 -22.5460 27.4040
v -47.4820 -22.5460 24.7090
v -47.2590 -22.5460 22.0820
v -46.9610 -22.5460 19.5220
v -46.5900 -22.5460 17.0300
v -46.1480 -22.5460 14.6050
v -45.6360 -22.5460 12.2480
v -45.0570 -22.5460 9.9580
v -44.4130 -22.5460 7.7360
v -43.7050 -22.5460 5.5810
v -42.9360 -22.5460 3.4940
v -42.1070 -22.5460 1.4750
v -41.2210 -22.5460 -0.4770
v -40.2790 -22.5460 -2.3610
v -39.2830 -22.5460 -4.1770
v -38.2360 -22.5460 -5.9260
v -37.1390 -22.5460 -7.6070
v -35.9940 -22.5460 -9.2200
v -34.8030 -22.5460 -10.7660
v -33.5690 -22.5460 -12.2440
v -32.2920 -22.5460 -13.6540
v -30.9750 -22.5460 -14.9960
v -29.6210 -22.5460 -16.2700
v -28.2300 -22.5460 -17.4770
v -26.8050 -22.5460 -18.6150
v -25.3480 -22.5460 -19.6860
v -23.8600 -22.5460 -20.6890
v -22.3450 -22.5460 -21.6240
v -20.8030 -22.5460 -22.4920
v -19.2360 -22.5460 -23.2910
v -17.6480 -22.5460 -24.0220
v -16.0380 -22.5460 -24.6850
v -14.4100 -22.5460 -25.2810
v -12.7660 -22.5460 -25.8080
v -11.1070 -22.5460 -26.2670
v -9.4350 -22.5460 -26.6590
v -7.7520 -22.5460 -26.9820
v -6.0610 -22.5460 -27.2370
v -4.3630 -22.5460 -27.4240
v -2.6600 -22.5460 -27.5430
v -0.9540 -22.5460 -27.5940
v 0.7530 -22.5460 -27.5760
v 2.4590 -22.5460 -27.4910
v 4.1620 -22.5460 -27.3370
v 5.8600 -22.5460 -27.1150
v 7.5520 -22.5460 -26.8250
v 9.2340 -22.5460 -26.4670
v 10.9060 -22.5460 -26.0400
v 12.5650 -22.5460 -25.5460
v 14.2090 -22.5460 -24.9830
v 15.8370 -22.5460 -24.3510
v 17.4470 -22.5460 -23.6510
v 19.0360 -22.5460 -22.8830
v 20.6020 -22.5460 -22.0470
v 22.1440 -22.5460 -21.1420
v 23.6600 -22.5460 -20.1690
v 25.1470 -22.5460 -19.1270
v 26.6040 -22.5460 -18.0170
v 28.0290 -22.5460 -16.8390
v 29.4200 -22.5460 -15.5920
v 30.7750 -22.5460 -14.2770
v 32.0910 -22.5460 -12.8930
v 33.3680 -22.5460 -11.4400
v 34.6030 -22.5460 -9.9190
v 35.7930 -22.5460 -8.3300
v 36.9380 -22.5460 -6.6720
v 38.0350 -22.5460 -4.9450
v 39.0820 -22.5460 -3.1500
v 40.0780 -22.5460 -1.2860
v 41.0200 -22.5460 0.6460
v 41.9060 -22.5460 2.6470
v 42.7350 -22.5460 4.7170
v 43.5040 -22.5460 6.8550
v 44.2120 -22.5460 9.0630
v 44.8560 -22.5460 11.3380
v 45.4350 -22.5460 13.6830
v 45.9470 -22.5460 16.0960
v 46.3890 -22.5460 18.5790
v 46.7600 -22.5460 21.1300
v 47.0580 -22.5460 23.7490
v 47.2810 -22.5460 26.4380
v 47.4260 -22.5460 29.1950
v 47.4930 -22.5460 32.0220
v 47.4790 -22.5460 34.9170
v 47.3810 -22.5460 37.8810
v 47.1990 -22.5460 40.9140
v 46.5440 -22.5460 39.5430
v 45.8610 -22.5460 38.2030
v 45.1510 -22.5460 36.8950
v 44.4140 -22.5460 35.6170
v 43.6510 -22.5460 34.3710
v 42.8630 -22.5460 33.1550
v 42.0510 -22.5460 31.9710
v 41.2140 -22.5460 30.8180
v 40.3550 -22.5460 29.6960
v 39.4720 -22.5460 28.6040
v 38.5680 -22.5460 27.5440
v 37.6420 -22.5460 26.5150
v 36.6950 -22.5460 25.5170
v 35.7280 -22.5460 24.5490
v 34.7420 -22.5460 23.6130
v 33.7370 -22.5460 22.7070
v 32.7140 -22.5460 21.8320
v 31.6730 -22.5460 20.9880
v 30.6150 -22.5460 20.1750
v 29.5410 -22.5460 19.3930
v 28.4510 -22.5460 18.6420
v 27.3460 -22.5460 17.9210
v 26.2270 -22.5460 17.2310
v 25.0940 -22.5460 16.5720
v 23.9480 -22.5460 15.9440
v 22.7900 -22.5460 15.3460
v 21.6200 -22.5460 14.7790
v 20.4380 -22.5460 14.2430
v 19.2460 -22.5460 13.7380
v 18.0450 -22.5460 13.2630
v 16.8330 -22.5460 12.8180
v 15.6140 -22.5460 12.4050
v 14.3860 -22.5460 12.0210
v 13.1510 -22.5460 11.6690
v 11.9090 -22.5460 11.3470
v 10.6610 -22.5460 11.0560
v 9.4080 -22.5460 10.7950
v 8.1500 -22.5460 10.5640
v 6.8880 -22.5460 10.3640
v 5.6220 -22.5460 10.1950
v 4.3530 -22.5460 10.0560
v 3.0820 -22.5460 9.9470
v 1.8100 -22.5460 9.8690
v 0.5360 -22.5460 9.8220
v -0.7370 -22.5460 9.8040
v -2.0110 -22.5460 9.8170
v -3.2830 -22.5460 9.8610
v -4.5540 -22.5460 9.9340
v -5.8230 -22.5460 10.0380
v -7.0880 -22.5460 10.1730
v -8.3510 -22.5460 10.3370
v -9.6090 -22.5460 10.5320
v -10.8620 -22.5460 10.7570
v -12.1100 -22.5460 11.0130
v -13.3520 -22.5460 11.2980
v -14.5870 -22.5460 11.6140
v -15.8140 -22.5460 11.9600
v -17.0340 -22.5460 12.3360
v -18.2450 -22.5460 12.7420
v -19.4470 -22.5460 13.1790
v -20.6390 -22.5460 13.6450
v -21.8210 -22.5460 14.1420
v -22.9910 -22.5460 14.6680
v -24.1490 -22.5460 15.2250
v -25.2950 -22.5460 15.8110
v -26.4280 -22.5460 16.4280
v -27.5470 -22.5460 17.0750
v -28.6520 -22.5460 17.7520
v -29.7420 -22.5460 18.4580
v -30.8160 -22.5460 19.1950
v -31.8740 -22.5460 19.9610
v -32.9140 -22.5460 20.7580
v -33.9380 -22.5460 21.5840
v -34.9430 -22.5460 22.4400
v -35.9290 -22.5460 23.3270
v -36.8960 -22.5460 24.2420
v -37.8430 -22.5460 25.1880
v -38.7680 -22.5460 26.1640
v -39.6730 -22.5460 27.1690
v -40.5550 -22.5460 28.2040
v -41.4150 -22.5460 29.2690
v -42.2520 -22.5460 30.3640
v -43.0640 -22.5460 31.4880
v -43.8520 -22.5460 32.6420
v -44.6150 -22.5460 33.8260
v -45.3510 -22.5460 35.0390
v -46.0620 -22.5460 36.2820
v -46.7450 -22.5460 37.5550
v -32.0070 -23.3480 26.2390
v -32.1300 -23.3480 24.2370
v -32.1960 -23.3480 22.2810
v -32.2060 -23.3480 20.3700
v -32.1610 -23.3480 18.5050
v -32.0620 -23.3480 16.6850
v -31.9120 -23.3480 14.9110
v -31.7110 -23.3480 13.1820
v -31.4600 -23.3480 11.4990
v -31.1610 -23.3480 9.8620
v -30.8160 -23.3480 8.2700
v -30.4250 -23.3480 6.7240
v -29.9900 -23.3480 5.2240
v -29.5120 -23.3480 3.7690
v -28.9930 -23.3480 2.3600
v -28.4330 -23.3480 0.9960
v -27.8350 -23.3480 -0.3220
v -27.1990 -23.3480 -1.5940
v -26.5260 -23.3480 -2.8210
v -25.8190 -23.3480 -4.0020
v -25.0780 -23.3480 -5.1370
v -24.3050 -23.3480 -6.2260
v -23.5010 -23.3480 -7.2700
v -22.6670 -23.3480 -8.2680
v -21.8050 -23.3480 -9.2200
v -20.9160 -23.3480 -10.1260
v -20.0020 -23.3480 -10.9870
v -19.0620 -23.3480 -11.8010
v -18.1000 -23.3480 -12.5700
v -17.1160 -23.3480 -13.2930
v -16.1120 -23.3480 -13.9710
v -15.0880 -23.3480 -14.6020
v -14.0470 -23.3480 -15.1880
v -12.9890 -23.3480 -15.7270
v -11.9170 -23.3480 -16.2210
v -10.8300 -23.3480 -16.6690
v -9.7310 -23.3480 -17.0710
v -8.6200 -23.3480 -17.4270
v -7.5000 -23.3480 -17.7370
v -6.3710 -23.3480 -18.0010
v -5.2350 -23.3480 -18.2200
v -4.0930 -23.3480 -18.3920
v -2.9460 -23.3480 -18.5180
v -1.7960 -23.3480 -18.5990
v -0.6440 -23.3480 -18.6330
v 0.5090 -23.3480 -18.6210
v 1.6600 -23.3480 -18.5630
v 2.8100 -23.3480 -18.4600
v 3.9570 -23.3480 -18.3100
v 5.0990 -23.3480 -18.1140
v 6.2350 -23.3480 -17.8720
v 7.3640 -23.3480 -17.5840
v 8.4850 -23.3480 -17.2500
v 9.5950 -23.3480 -16.8700
v 10.6940 -23.3480 -16.4430
v 11.7810 -23.3480 -15.9710
v 12.8540 -23.3480 -15.4520
v 13.9120 -23.3480 -14.8870
v 14.9530 -23.3480 -14.2760
v 15.9760 -23.3480 -13.6190
v 16.9810 -23.3480 -12.9160
v 17.9650 -23.3480 -12.1660
v 18.9270 -23.3480 -11.3710
v 19.8660 -23.3480 -10.5290
v 20.7810 -23.3480 -9.6400
v 21.6700 -23.3480 -8.7060
v 22.5320 -23.3480 -7.7250
v 23.3660 -23.3480 -6.6980
v 24.1700 -23.3480 -5.6250
v 24.9430 -23.3480 -4.5050
v 25.6830 -23.3480 -3.3390
v 26.3910 -23.3480 -2.1270
v 27.0630 -23.3480 -0.8690
v 27.6990 -23.3480 0.4360
v 28.2970 -23.3480 1.7880
v 28.8570 -23.3480 3.1850
v 29.3760 -23.3480 4.6290
v 29.8540 -23.3480 6.1200
v 30.2890 -23.3480 7.6560
v 30.6800 -23.3480 9.2400
v 31.0260 -23.3480 10.8690
v 31.3240 -23.3480 12.5450
v 31.5750 -23.3480 14.2680
v 31.7760 -23.3480 16.0370
v 31.9270 -23.3480 17.8520
v 32.0250 -23.3480 19.7140
v 32.0700 -23.3480 21.6230
v 32.0600 -23.3480 23.5780
v 31.9950 -23.3480 25.5790
v 31.8720 -23.3480 27.6270
v 31.4290 -23.3480 26.7020
v 30.9680 -23.3480 25.7970
v 30.4880 -23.3480 24.9130
v 29.9910 -23.3480 24.0510
v 29.4760 -23.3480 23.2090
v 28.9440 -23.3480 22.3880
v 28.3950 -23.3480 21.5890
v 27.8300 -23.3480 20.8100
v 27.2500 -23.3480 20.0520
v 26.6540 -23.3480 19.3150
v 26.0430 -23.3480 18.5990
v 25.4180 -23.3480 17.9040
v 24.7790 -23.3480 17.2300
v 24.1260 -23.3480 16.5770
v 23.4600 -23.3480 15.9450
v 22.7810 -23.3480 15.3330
v 22.0900 -23.3480 14.7420
v 21.3870 -23.3480 14.1730
v 20.6730 -23.3480 13.6240
v 19.9480 -23.3480 13.0950
v 19.2120 -23.3480 12.5880
v 18.4660 -23.3480 12.1010
v 17.7100 -23.3480 11.6360
v 16.9450 -23.3480 11.1910
v 16.1710 -23.3480 10.7660
v 15.3890 -23.3480 10.3630
v 14.5990 -23.3480 9.9800
v 13.8010 -23.3480 9.6180
v 12.9960 -23.3480 9.2760
v 12.1850 -23.3480 8.9560
v 11.3670 -23.3480 8.6560
v 10.5430 -23.3480 8.3760
v 9.7140 -23.3480 8.1180
v 8.8800 -23.3480 7.8790
v 8.0420 -23.3480 7.6620
v 7.1990 -23.3480 7.4650
v 6.3530 -23.3480 7.2890
v 5.5030 -23.3480 7.1340
v 4.6510 -23.3480 6.9990
v 3.7960 -23.3480 6.8840
v 2.9400 -23.3480 6.7900
v 2.0810 -23.3480 6.7170
v 1.2220 -23.3480 6.6640
v 0.3620 -23.3480 6.6320
v -0.4980 -23.3480 6.6200
v -1.3580 -23.3480 6.6290
v -2.2170 -23.3480 6.6580
v -3.0750 -23.3480 6.7080
v -3.9320 -23.3480 6.7780
v -4.7860 -23.3480 6.8690
v -5.6390 -23.3480 6.9800
v -6.4880 -23.3480 7.1120
v -7.3350 -23.3480 7.2640
v -8.1770 -23.3480 7.4360
v -9.0160 -23.3480 7.6290
v -9.8500 -23.3480 7.8420
v -10.6790 -23.3480 8.0760
v -11.5020 -23.3480 8.3300
v -12.3200 -23.3480 8.6040
v -13.1320 -23.3480 8.8990
v -13.9370 -23.3480 9.2140
v -14.7340 -23.3480 9.5490
v -15.5250 -23.3480 9.9050
v -16.3070 -23.3480 10.2810
v -17.0810 -23.3480 10.6770
v -17.8460 -23.3480 11.0930
v -18.6010 -23.3480 11.5300
v -19.3470 -23.3480 11.9870
v -20.0830 -23.3480 12.4640
v -20.8090 -23.3480 12.9610
v -21.5230 -23.3480 13.4790
v -22.2260 -23.3480 14.0170
v -22.9170 -23.3480 14.5750
v -23.5950 -23.3480 15.1530
v -24.2610 -23.3480 15.7510
v -24.9140 -23.3480 16.3700
v -25.5530 -23.3480 17.0080
v -26.1790 -23.3480 17.6670
v -26.7890 -23.3480 18.3460
v -27.3850 -23.3480 19.0450
v -27.9660 -23.3480 19.7640
v -28.5310 -23.3480 20.5030
v -29.0790 -23.3480 21.2630
v -29.6110 -23.3480 22.0420
v -30.1260 -23.3480 22.8410
v -30.6240 -23.3480 23.6600
v -31.1030 -23.3480 24.5000
v -31.5650 -23.3480 25.3590
v -16.1820 -23.8350 13.2660
v -16.2440 -23.8350 12.2540
v -16.2770 -23.8350 11.2640
v -16.2820 -23.8350 10.2980
v -16.2600 -23.8350 9.3550
v -16.2100 -23.8350 8.4360
v -16.1340 -23.8350 7.5390
v -16.0320 -23.8350 6.6650
v -15.9050 -23.8350 5.8140
v -15.7540 -23.8350 4.9860
v -15.5800 -23.8350 4.1810
v -15.3820 -23.8350 3.4000
v -15.1620 -23.8350 2.6410
v -14.9210 -23.8350 1.9050
v -14.6580 -23.8350 1.1930
v -14.3750 -23.8350 0.5040
v -14.0720 -23.8350 -0.1630
v -13.7510 -23.8350 -0.8060
v -13.4110 -23.8350 -1.4260
v -13.0530 -23.8350 -2.0230
v -12.6790 -23.8350 -2.5970
v -12.2880 -23.8350 -3.1480
v -11.8820 -23.8350 -3.6750
v -11.4600 -23.8350 -4.1800
v -11.0240 -23.8350 -4.6610
v -10.5750 -23.8350 -5.1190
v -10.1120 -23.8350 -5.5550
v -9.6370 -23.8350 -5.9660
v -9.1510 -23.8350 -6.3550
v -8.6540 -23.8350 -6.7210
v -8.1460 -23.8350 -7.0630
v -7.6280 -23.8350 -7.3820
v -7.1020 -23.8350 -7.6780
v -6.5670 -23.8350 -7.9510
v -6.0250 -23.8350 -8.2010
v -5.4750 -23.8350 -8.4270
v -4.9200 -23.8350 -8.6310
v -4.3580 -23.8350 -8.8110
v -3.7920 -23.8350 -8.9670
v -3.2210 -23.8350 -9.1010
v -2.6470 -23.8350 -9.2110
v -2.0690 -23.8350 -9.2980
v -1.4890 -23.8350 -9.3620
v -0.9080 -23.8350 -9.4030
v -0.3260 -23.8350 -9.4200
v 0.2570 -23.8350 -9.4140
v 0.8390 -23.8350 -9.3850
v 1.4210 -23.8350 -9.3330
v 2.0010 -23.8350 -9.2570
v 2.5780 -23.8350 -9.1580
v 3.1520 -23.8350 -9.0360
v 3.7230 -23.8350 -8.8900
v 4.2900 -23.8350 -8.7210
v 4.8510 -23.8350 -8.5290
v 5.4070 -23.8350 -8.3130
v 5.9560 -23.8350 -8.0740
v 6.4990 -23.8350 -7.8120
v 7.0330 -23.8350 -7.5270
v 7.5600 -23.8350 -7.2180
v 8.0770 -23.8350 -6.8860
v 8.5850 -23.8350 -6.5300
v 9.0820 -23.8350 -6.1510
v 9.5690 -23.8350 -5.7490
v 10.0440 -23.8350 -5.3230
v 10.5060 -23.8350 -4.8740
v 10.9560 -23.8350 -4.4010
v 11.3920 -23.8350 -3.9060
v 11.8130 -23.8350 -3.3860
v 12.2200 -23.8350 -2.8440
v 12.6100 -23.8350 -2.2780
v 12.9850 -23.8350 -1.6880
v 13.3420 -23.8350 -1.0750
v 13.6820 -23.8350 -0.4390
v 14.0040 -23.8350 0.2210
v 14.3060 -23.8350 0.9040
v 14.5890 -23.8350 1.6100
v 14.8520 -23.8350 2.3400
v 15.0940 -23.8350 3.0940
v 15.3140 -23.8350 3.8710
v 15.5110 -23.8350 4.6710
v 15.6860 -23.8350 5.4950
v 15.8370 -23.8350 6.3430
v 15.9640 -23.8350 7.2130
v 16.0650 -23.8350 8.1080
v 16.1410 -23.8350 9.0260
v 16.1910 -23.8350 9.9670
v 16.2140 -23.8350 10.9320
v 16.2090 -23.8350 11.9200
v 16.1760 -23.8350 12.9320
v 16.1130 -23.8350 13.9680
v 15.8900 -23.8350 13.5000
v 15.6570 -23.8350 13.0420
v 15.4140 -23.8350 12.5960
v 15.1630 -23.8350 12.1590
v 14.9020 -23.8350 11.7340
v 14.6330 -23.8350 11.3190
v 14.3560 -23.8350 10.9150
v 14.0700 -23.8350 10.5210
v 13.7770 -23.8350 10.1380
v 13.4750 -23.8350 9.7650
v 13.1670 -23.8350 9.4030
v 12.8510 -23.8350 9.0520
v 12.5270 -23.8350 8.7110
v 12.1970 -23.8350 8.3810
v 11.8610 -23.8350 8.0610
v 11.5180 -23.8350 7.7520
v 11.1680 -23.8350 7.4530
v 10.8130 -23.8350 7.1650
v 10.4520 -23.8350 6.8880
v 10.0850 -23.8350 6.6210
v 9.7130 -23.8350 6.3640
v 9.3360 -23.8350 6.1180
v 8.9540 -23.8350 5.8830
v 8.5670 -23.8350 5.6580
v 8.1760 -23.8350 5.4430
v 7.7800 -23.8350 5.2390
v 7.3810 -23.8350 5.0460
v 6.9780 -23.8350 4.8620
v 6.5710 -23.8350 4.6900
v 6.1600 -23.8350 4.5280
v 5.7470 -23.8350 4.3760
v 5.3300 -23.8350 4.2350
v 4.9110 -23.8350 4.1040
v 4.4900 -23.8350 3.9840
v 4.0660 -23.8350 3.8740
v 3.6400 -23.8350 3.7740
v 3.2120 -23.8350 3.6850
v 2.7820 -23.8350 3.6070
v 2.3510 -23.8350 3.5380
v 1.9190 -23.8350 3.4800
v 1.4860 -23.8350 3.4330
v 1.0520 -23.8350 3.3960
v 0.6180 -23.8350 3.3690
v 0.1830 -23.8350 3.3530
v -0.2520 -23.8350 3.3470
v -0.6860 -23.8350 3.3520
v -1.1210 -23.8350 3.3660
v -1.5550 -23.8350 3.3920
v -1.9880 -23.8350 3.4270
v -2.4200 -23.8350 3.4730
v -2.8510 -23.8350 3.5290
v -3.2800 -23.8350 3.5960
v -3.7080 -23.8350 3.6720
v -4.1340 -23.8350 3.7600
v -4.5580 -23.8350 3.8570
v -4.9800 -23.8350 3.9650
v -5.3990 -23.8350 4.0830
v -5.8150 -23.8350 4.2110
v -6.2290 -23.8350 4.3500
v -6.6390 -23.8350 4.4990
v -7.0460 -23.8350 4.6580
v -7.4490 -23.8350 4.8280
v -7.8490 -23.8350 5.0080
v -8.2440 -23.8350 5.1980
v -8.6360 -23.8350 5.3980
v -9.0220 -23.8350 5.6080
v -9.4040 -23.8350 5.8290
v -9.7820 -23.8350 6.0600
v -10.1540 -23.8350 6.3020
v -10.5200 -23.8350 6.5530
v -10.8810 -23.8350 6.8150
v -11.2370 -23.8350 7.0870
v -11.5860 -23.8350 7.3690
v -11.9290 -23.8350 7.6610
v -12.2660 -23.8350 7.9630
v -12.5960 -23.8350 8.2760
v -12.9190 -23.8350 8.5990
v -13.2350 -23.8350 8.9320
v -13.5440 -23.8350 9.2750
v -13.8450 -23.8350 9.6290
v -14.1390 -23.8350 9.9920
v -14.4240 -23.8350 10.3660
v -14.7020 -23.8350 10.7500
v -14.9710 -23.8350 11.1440
v -15.2310 -23.8350 11.5480
v -15.4830 -23.8350 11.9620
v -15.7250 -23.8350 12.3860
v -15.9580 -23.8350 12.8210
v -0.1380 -24.0000 0.1130
v -0.1390 -24.0000 0.1050
v -0.1390 -24.0000 0.0960
v -0.1390 -24.0000 0.0880
v -0.1390 -24.0000 0.0800
v -0.1390 -24.0000 0.0720
v -0.1380 -24.0000 0.0640
v -0.1370 -24.0000 0.0570
v -0.1360 -24.0000 0.0500
v -0.1350 -24.0000 0.0430
v -0.1330 -24.0000 0.0360
v -0.1310 -24.0000 0.0290
v -0.1300 -24.0000 0.0230
v -0.1280 -24.0000 0.0160
v -0.1250 -24.0000 0.0100
v -0.1230 -24.0000 0.0040
v -0.1200 -24.0000 -0.0010
v -0.1180 -24.0000 -0.0070
v -0.1150 -24.0000 -0.0120
v -0.1120 -24.0000 -0.0170
v -0.1080 -24.0000 -0.0220
v -0.1050 -24.0000 -0.0270
v -0.1020 -24.0000 -0.0310
v -0.0980 -24.0000 -0.0360
v -0.0940 -24.0000 -0.0400
v -0.0900 -24.0000 -0.0440
v -0.0860 -24.0000 -0.0470
v -0.0820 -24.0000 -0.0510
v -0.0780 -24.0000 -0.0540
v -0.0740 -24.0000 -0.0570
v -0.0700 -24.0000 -0.0600
v -0.0650 -24.0000 -0.0630
v -0.0610 -24.0000 -0.0660
v -0.0560 -24.0000 -0.0680
v -0.0510 -24.0000 -0.0700
v -0.0470 -24.0000 -0.0720
v -0.0420 -24.0000 -0.0740
v -0.0370 -24.0000 -0.0750
v -0.0320 -24.0000 -0.0770
v -0.0280 -24.0000 -0.0780
v -0.0230 -24.0000 -0.0790
v -0.0180 -24.0000 -0.0790
v -0.0130 -24.0000 -0.0800
v -0.0080 -24.0000 -0.0800
v -0.0030 -24.0000 -0.0810
v 0.0020 -24.0000 -0.0800
v 0.0070 -24.0000 -0.0800
v 0.0120 -24.0000 -0.0800
v 0.0170 -24.0000 -0.0790
v 0.0220 -24.0000 -0.0780
v 0.0270 -24.0000 -0.0770
v 0.0320 -24.0000 -0.0760
v 0.0370 -24.0000 -0.0750
v 0.0410 -24.0000 -0.0730
v 0.0460 -24.0000 -0.0710
v 0.0510 -24.0000 -0.0690
v 0.0560 -24.0000 -0.0670
v 0.0600 -24.0000 -0.0640
v 0.0650 -24.0000 -0.0620
v 0.0690 -24.0000 -0.0590
v 0.0730 -24.0000 -0.0560
v 0.0780 -24.0000 -0.0530
v 0.0820 -24.0000 -0.0490
v 0.0860 -24.0000 -0.0450
v 0.0900 -24.0000 -0.0420
v 0.0940 -24.0000 -0.0380
v 0.0970 -24.0000 -0.0330
v 0.1010 -24.0000 -0.0290
v 0.1040 -24.0000 -0.0240
v 0.1080 -24.0000 -0.0190
v 0.1110 -24.0000 -0.0140
v 0.1140 -24.0000 -0.0090
v 0.1170 -24.0000 -0.0040
v 0.1200 -24.0000 0.0020
v 0.1220 -24.0000 0.0080
v 0.1250 -24.0000 0.0140
v 0.1270 -24.0000 0.0200
v 0.1290 -24.0000 0.0260
v 0.1310 -24.0000 0.0330
v 0.1330 -24.0000 0.0400
v 0.1340 -24.0000 0.0470
v 0.1350 -24.0000 0.0540
v 0.1360 -24.0000 0.0620
v 0.1370 -24.0000 0.0690
v 0.1380 -24.0000 0.0770
v 0.1380 -24.0000 0.0850
v 0.1390 -24.0000 0.0930
v 0.1390 -24.0000 0.1020
v 0.1380 -24.0000 0.1110
v 0.1380 -24.0000 0.1190
v 0.1360 -24.0000 0.1150
v 0.1340 -24.0000 0.1110
v 0.1320 -24.0000 0.1080
v 0.1300 -24.0000 0.1040
v 0.1270 -24.0000 0.1000
v 0.1250 -24.0000 0.0970
v 0.1230 -24.0000 0.0930
v 0.1200 -24.0000 0.0900
v 0.1180 -24.0000 0.0870
v 0.1150 -24.0000 0.0830
v 0.1130 -24.0000 0.0800
v 0.1100 -24.0000 0.0770
v 0.1070 -24.0000 0.0740
v 0.1040 -24.0000 0.0720
v 0.1010 -24.0000 0.0690
v 0.0980 -24.0000 0.0660
v 0.0950 -24.0000 0.0640
v 0.0920 -24.0000 0.0610
v 0.0890 -24.0000 0.0590
v 0.0860 -24.0000 0.0570
v 0.0830 -24.0000 0.0540
v 0.0800 -24.0000 0.0520
v 0.0770 -24.0000 0.0500
v 0.0730 -24.0000 0.0480
v 0.0700 -24.0000 0.0470
v 0.0660 -24.0000 0.0450
v 0.0630 -24.0000 0.0430
v 0.0600 -24.0000 0.0420
v 0.0560 -24.0000 0.0400
v 0.0530 -24.0000 0.0390
v 0.0490 -24.0000 0.0370
v 0.0460 -24.0000 0.0360
v 0.0420 -24.0000 0.0350
v 0.0380 -24.0000 0.0340
v 0.0350 -24.0000 0.0330
v 0.0310 -24.0000 0.0320
v 0.0270 -24.0000 0.0310
v 0.0240 -24.0000 0.0310
v 0.0200 -24.0000 0.0300
v 0.0160 -24.0000 0.0300
v 0.0130 -24.0000 0.0290
v 0.0090 -24.0000 0.0290
v 0.0050 -24.0000 0.0290
v 0.0020 -24.0000 0.0290
v -0.0020 -24.0000 0.0290
v -0.0060 -24.0000 0.0290
v -0.0100 -24.0000 0.0290
v -0.0130 -24.0000 0.0290
v -0.0170 -24.0000 0.0290
v -0.0210 -24.0000 0.0300
v -0.0240 -24.0000 0.0300
v -0.0280 -24.0000 0.0310
v -0.0320 -24.0000 0.0310
v -0.0350 -24.0000 0.0320
v -0.0390 -24.0000 0.0330
v -0.0430 -24.0000 0.0340
v -0.0460 -24.0000 0.0350
v -0.0500 -24.0000 0.0360
v -0.0530 -24.0000 0.0370
v -0.0570 -24.0000 0.0380
v -0.0600 -24.0000 0.0400
v -0.0640 -24.0000 0.0410
v -0.0670 -24.0000 0.0430
v -0.0700 -24.0000 0.0440
v -0.0740 -24.0000 0.0460
v -0.0770 -24.0000 0.0480
v -0.0800 -24.0000 0.0500
v -0.0840 -24.0000 0.0520
v -0.0870 -24.0000 0.0540
v -0.0900 -24.0000 0.0560
v -0.0930 -24.0000 0.0580
v -0.0960 -24.0000 0.0610
v -0.0990 -24.0000 0.0630
v -0.1020 -24.0000 0.0650
v -0.1050 -24.0000 0.0680
v -0.1080 -24.0000 0.0710
v -0.1100 -24.0000 0.0730
v -0.1130 -24.0000 0.0760
v -0.1160 -24.0000 0.0790
v -0.1180 -24.0000 0.0820
v -0.1210 -24.0000 0.0850
v -0.1230 -24.0000 0.0890
v -0.1260 -24.0000 0.0920
v -0.1280 -24.0000 0.0950
v -0.1300 -24.0000 0.0990
v -0.1320 -24.0000 0.1020
v -0.1340 -24.0000 0.1060
v -0.1360 -24.0000 0.1100
v 0.0000 24.0000 0.0000
v 0.0000 -24.0000 0.0000
v 148.8070 0.0000 122.3690
v 148.5990 0.9110 122.3690
v 148.0160 1.6420 122.3690
v 147.1740 2.0470 122.3690
v 146.2400 2.0470 122.3690
v 145.3980 1.6420 122.3690
v 144.8150 0.9110 122.3690
v 144.6070 0.0000 122.3690
v 144.8150 -0.9110 122.3690
v 145.3980 -1.6420 122.3690
v 146.2400 -2.0470 122.3690
v 147.1740 -2.0470 122.3690
v 148.0160 -1.6420 122.3690
v 148.5990 -0.9110 122.3690
v 148.5290 0.0000 124.8390
v 148.3260 0.9110 124.7920
v 147.7580 1.6420 124.6630
v 146.9370 2.0470 124.4750
v 146.0260 2.0470 124.2670
v 145.2050 1.6420 124.0800
v 144.6370 0.9110 123.9500
v 144.4340 0.0000 123.9040
v 144.6370 -0.9110 123.9500
v 145.2050 -1.6420 124.0800
v 146.0260 -2.0470 124.2670
v 146.9370 -2.0470 124.4750
v 147.7580 -1.6420 124.6630
v 148.3260 -0.9110 124.7920
v 147.7080 0.0000 127.1850
v 147.5210 0.9110 127.0950
v 146.9960 1.6420 126.8420
v 146.2370 2.0470 126.4760
v 145.3950 2.0470 126.0710
v 144.6360 1.6420 125.7050
v 144.1110 0.9110 125.4530
v 143.9240 0.0000 125.3620
v 144.1110 -0.9110 125.4530
v 144.6360 -1.6420 125.7050
v 145.3950 -2.0470 126.0710
v 146.2370 -2.0470 126.4760
v 146.9960 -1.6420 126.8420
v 147.5210 -0.9110 127.0950
v 146.3850 0.0000 129.2890
v 146.2230 0.9110 129.1600
v 145.7670 1.6420 128.7960
v 145.1090 2.0470 128.2710
v 144.3780 2.0470 127.6890
v 143.7200 1.6420 127.1640
v 143.2640 0.9110 126.8000
v 143.1020 0.0000 126.6710
v 143.2640 -0.9110 126.8000
v 143.7200 -1.6420 127.1640
v 144.3780 -2.0470 127.6890
v 145.1090 -2.0470 128.2710
v 145.7670 -1.6420 128.7960
v 146.2230 -0.9110 129.1600
v 144.6280 0.0000 131.0470
v 144.4980 0.9110 130.8840
v 144.1350 1.6420 130.4290
v 143.6100 2.0470 129.7700
v 143.0270 2.0470 129.0400
v 142.5020 1.6420 128.3810
v 142.1390 0.9110 127.9260
v 142.0090 0.0000 127.7630
v 142.1390 -0.9110 127.9260
v 142.5020 -1.6420 128.3810
v 143.0270 -2.0470 129.0400
v 143.6100 -2.0470 129.7700
v 144.1350 -1.6420 130.4290
v 144.4980 -0.9110 130.8840
v 142.5230 0.0000 132.3690
v 142.4330 0.9110 132.1820
v 142.1800 1.6420 131.6570
v 141.8150 2.0470 130.8980
v 141.4090 2.0470 130.0560
v 141.0440 1.6420 129.2980
v 140.7910 0.9110 128.7730
v 140.7010 0.0000 128.5850
v 140.7910 -0.9110 128.7730
v 141.0440 -1.6420 129.2980
v 141.4090 -2.0470 130.0560
v 141.8150 -2.0470 130.8980
v 142.1800 -1.6420 131.6570
v 142.4330 -0.9110 132.1820
v 140.1770 0.0000 133.1900
v 140.1310 0.9110 132.9880
v 140.0010 1.6420 132.4190
v 139.8140 2.0470 131.5990
v 139.6060 2.0470 130.6870
v 139.4180 1.6420 129.8660
v 139.2890 0.9110 129.2980
v 139.2430 0.0000 129.0960
v 139.2890 -0.9110 129.2980
v 139.4180 -1.6420 129.8660
v 139.6060 -2.0470 130.6870
v 139.8140 -2.0470 131.5990
v 140.0010 -1.6420 132.4190
v 140.1310 -0.9110 132.9880
v 137.7070 0.0000 133.4690
v 137.7070 0.9110 133.2610
v 137.7070 1.6420 132.6780
v 137.7070 2.0470 131.8360
v 137.7070 2.0470 130.9010
v 137.7070 1.6420 130.0590
v 137.7070 0.9110 129.4770
v 137.7070 0.0000 129.2690
v 137.7070 -0.9110 129.4770
v 137.7070 -1.6420 130.0590
v 137.7070 -2.0470 130.9010
v 137.7070 -2.0470 131.8360
v 137.7070 -1.6420 132.6780
v 137.7070 -0.9110 133.2610
v 135.2370 0.0000 133.1900
v 135.2830 0.9110 132.9880
v 135.4130 1.6420 132.4190
v 135.6000 2.0470 131.5990
v 135.8080 2.0470 130.6870
v 135.9960 1.6420 129.8660
v 136.1250 0.9110 129.2980
v 136.1720 0.0000 129.0960
v 136.1250 -0.9110 129.2980
v 135.9960 -1.6420 129.8660
v 135.8080 -2.0470 130.6870
v 135.6000 -2.0470 131.5990
v 135.4130 -1.6420 132.4190
v 135.2830 -0.9110 132.9880
v 132.8910 0.0000 132.3690
v 132.9810 0.9110 132.1820
v 133.2340 1.6420 131.6570
v 133.5990 2.0470 130.8980
v 134.0050 2.0470 130.0560
v 134.3700 1.6420 129.2980
v 134.6230 0.9110 128.7730
v 134.7130 0.0000 128.5850
v 134.6230 -0.9110 128.7730
v 134.3700 -1.6420 129.2980
v 134.0050 -2.0470 130.0560
v 133.5990 -2.0470 130.8980
v 133.2340 -1.6420 131.6570
v 132.9810 -0.9110 132.1820
v 130.7860 0.0000 131.0470
v 130.9160 0.9110 130.8840
v 131.2790 1.6420 130.4290
v 131.8040 2.0470 129.7700
v 132.3870 2.0470 129.0400
v 132.9120 1.6420 128.3810
v 133.2750 0.9110 127.9260
v 133.4050 0.0000 127.7630
v 133.2750 -0.9110 127.9260
v 132.9120 -1.6420 128.3810
v 132.3870 -2.0470 129.0400
v 131.8040 -2.0470 129.7700
v 131.2790 -1.6420 130.4290
v 130.9160 -0.9110 130.8840
v 129.0290 0.0000 129.2890
v 129.1910 0.9110 129.1600
v 129.6470 1.6420 128.7960
v 130.3050 2.0470 128.2710
v 131.0360 2.0470 127.6890
v 131.6940 1.6420 127.1640
v 132.1500 0.9110 126.8000
v 132.3120 0.0000 126.6710
v 132.1500 -0.9110 126.8000
v 131.6940 -1.6420 127.1640
v 131.0360 -2.0470 127.6890
v 130.3050 -2.0470 128.2710
v 129.6470 -1.6420 128.7960
v 129.1910 -0.9110 129.1600
v 127.7060 0.0000 127.1850
v 127.8940 0.9110 127.0950
v 128.4190 1.6420 126.8420
v 129.1770 2.0470 126.4760
v 130.0190 2.0470 126.0710
v 130.7780 1.6420 125.7050
v 131.3030 0.9110 125.4530
v 131.4900 0.0000 125.3620
v 131.3030 -0.9110 125.4530
v 130.7780 -1.6420 125.7050
v 130.0190 -2.0470 126.0710
v 129.1770 -2.0470 126.4760
v 128.4190 -1.6420 126.8420
v 127.8940 -0.9110 127.0950
v 126.8850 0.0000 124.8390
v 127.0880 0.9110 124.7920
v 127.6560 1.6420 124.6630
v 128.4770 2.0470 124.4750
v 129.3880 2.0470 124.2670
v 130.2090 1.6420 124.0800
v 130.7770 0.9110 123.9500
v 130.9800 0.0000 123.9040
v 130.7770 -0.9110 123.9500
v 130.2090 -1.6420 124.0800
v 129.3880 -2.0470 124.2670
v 128.4770 -2.0470 124.4750
v 127.6560 -1.6420 124.6630
v 127.0880 -0.9110 124.7920
v 126.6070 0.0000 122.3690
v 126.8150 0.9110 122.3690
v 127.3980 1.6420 122.3690
v 128.2400 2.0470 122.3690
v 129.1740 2.0470 122.3690
v 130.0160 1.6420 122.3690
v 130.5990 0.9110 122.3690
v 130.8070 0.0000 122.3690
v 130.5990 -0.9110 122.3690
v 130.0160 -1.6420 122.3690
v 129.1740 -2.0470 122.3690
v 128.2400 -2.0470 122.3690
v 127.3980 -1.6420 122.3690
v 126.8150 -0.9110 122.3690
v 126.8850 0.0000 119.8990
v 127.0880 0.9110 119.9450
v 127.6560 1.6420 120.0750
v 128.4770 2.0470 120.2620
v 129.3880 2.0470 120.4700
v 130.2090 1.6420 120.6570
v 130.7770 0.9110 120.7870
v 130.9800 0.0000 120.8330
v 130.7770 -0.9110 120.7870
v 130.2090 -1.6420 120.6570
v 129.3880 -2.0470 120.4700
v 128.4770 -2.0470 120.2620
v 127.6560 -1.6420 120.0750
v 127.0880 -0.9110 119.9450
v 127.7060 0.0000 117.5530
v 127.8940 0.9110 117.6430
v 128.4190 1.6420 117.8960
v 129.1770 2.0470 118.2610
v 130.0190 2.0470 118.6660
v 130.7780 1.6420 119.0320
v 131.3030 0.9110 119.2850
v 131.4900 0.0000 119.3750
v 131.3030 -0.9110 119.2850
v 130.7780 -1.6420 119.0320
v 130.0190 -2.0470 118.6660
v 129.1770 -2.0470 118.2610
v 128.4190 -1.6420 117.8960
v 127.8940 -0.9110 117.6430
v 129.0290 0.0000 115.4480
v 129.1910 0.9110 115.5780
v 129.6470 1.6420 115.9410
v 130.3050 2.0470 116.4660
v 131.0360 2.0470 117.0490
v 131.6940 1.6420 117.5740
v 132.1500 0.9110 117.9370
v 132.3120 0.0000 118.0670
v 132.1500 -0.9110 117.9370
v 131.6940 -1.6420 117.5740
v 131.0360 -2.0470 117.0490
v 130.3050 -2.0470 116.4660
v 129.6470 -1.6420 115.9410
v 129.1910 -0.9110 115.5780
v 130.7860 0.0000 113.6900
v 130.9160 0.9110 113.8530
v 131.2790 1.6420 114.3080
v 131.8040 2.0470 114.9670
v 132.3870 2.0470 115.6970
v 132.9120 1.6420 116.3560
v 133.2750 0.9110 116.8110
v 133.4050 0.0000 116.9740
v 133.2750 -0.9110 116.8110
v 132.9120 -1.6420 116.3560
v 132.3870 -2.0470 115.6970
v 131.8040 -2.0470 114.9670
v 131.2790 -1.6420 114.3080
v 130.9160 -0.9110 113.8530
v 132.8910 0.0000 112.3680
v 132.9810 0.9110 112.5550
v 133.2340 1.6420 113.0800
v 133.5990 2.0470 113.8390
v 134.0050 2.0470 114.6810
v 134.3700 1.6420 115.4400
v 134.6230 0.9110 115.9650
v 134.7130 0.0000 116.1520
v 134.6230 -0.9110 115.9650
v 134.3700 -1.6420 115.4400
v 134.0050 -2.0470 114.6810
v 133.5990 -2.0470 113.8390
v 133.2340 -1.6420 113.0800
v 132.9810 -0.9110 112.5550
v 135.2370 0.0000 111.5470
v 135.2830 0.9110 111.7500
v 135.4130 1.6420 112.3180
v 135.6000 2.0470 113.1390
v 135.8080 2.0470 114.0500
v 135.9960 1.6420 114.8710
v 136.1250 0.9110 115.4390
v 136.1720 0.0000 115.6420
v 136.1250 -0.9110 115.4390
v 135.9960 -1.6420 114.8710
v 135.8080 -2.0470 114.0500
v 135.6000 -2.0470 113.1390
v 135.4130 -1.6420 112.3180
v 135.2830 -0.9110 111.7500
v 137.7070 0.0000 111.2690
v 137.7070 0.9110 111.4770
v 137.7070 1.6420 112.0590
v 137.7070 2.0470 112.9010
v 137.7070 2.0470 113.8360
v 137.7070 1.6420 114.6780
v 137.7070 0.9110 115.2610
v 137.7070 0.0000 115.4690
v 137.7070 -0.9110 115.2610
v 137.7070 -1.6420 114.6780
v 137.7070 -2.0470 113.8360
v 137.7070 -2.0470 112.9010
v 137.7070 -1.6420 112.0590
v 137.7070 -0.9110 111.4770
v 140.1770 0.0000 111.5470
v 140.1310 0.9110 111.7500
v 140.0010 1.6420 112.3180
v 139.8140 2.0470 113.1390
v 139.6060 2.0470 114.0500
v 139.4180 1.6420 114.8710
v 139.2890 0.9110 115.4390
v 139.2430 0.0000 115.6420
v 139.2890 -0.9110 115.4390
v 139.4180 -1.6420 114.8710
v 139.6060 -2.0470 114.0500
v 139.8140 -2.0470 113.1390
v 140.0010 -1.6420 112.3180
v 140.1310 -0.9110 111.7500
v 142.5230 0.0000 112.3680
v 142.4330 0.9110 112.5550
v 142.1800 1.6420 113.0800
v 141.8150 2.0470 113.8390
v 141.4090 2.0470 114.6810
v 141.0440 1.6420 115.4400
v 140.7910 0.9110 115.9650
v 140.7010 0.0000 116.1520
v 140.7910 -0.9110 115.9650
v 141.0440 -1.6420 115.4400
v 141.4090 -2.0470 114.6810
v 141.8150 -2.0470 113.8390
v 142.1800 -1.6420 113.0800
v 142.4330 -0.9110 112.5550
v 144.6280 0.0000 113.6900
v 144.4980 0.9110 113.8530
v 144.1350 1.6420 114.3080
v 143.6100 2.0470 114.9670
v 143.0270 2.0470 115.6970
v 142.5020 1.6420 116.3560
v 142.1390 0.9110 116.8110
v 142.0090 0.0000 116.9740
v 142.1390 -0.9110 116.8110
v 142.5020 -1.6420 116.3560
v 143.0270 -2.0470 115.6970
v 143.6100 -2.0470 114.9670
v 144.1350 -1.6420 114.3080
v 144.4980 -0.9110 113.8530
v 146.3850 0.0000 115.4480
v 146.2230 0.9110 115.5780
v 145.7670 1.6420 115.9410
v 145.1090 2.0470 116.4660
v 144.3780 2.0470 117.0490
v 143.7200 1.6420 117.5740
v 143.2640 0.9110 117.9370
v 143.1020 0.0000 118.0670
v 143.2640 -0.9110 117.9370
v 143.7200 -1.6420 117.5740
v 144.3780 -2.0470 117.0490
v 145.1090 -2.0470 116.4660
v 145.7670 -1.6420 115.9410
v 146.2230 -0.9110 115.5780
v 147.7080 0.0000 117.5530
v 147.5210 0.9110 117.6430
v 146.9960 1.6420 117.8960
v 146.2370 2.0470 118.2610
v 145.3950 2.0470 118.6660
v 144.6360 1.6420 119.0320
v 144.1110 0.9110 119.2850
v 143.9240 0.0000 119.3750
v 144.1110 -0.9110 119.2850
v 144.6360 -1.6420 119.0320
v 145.3950 -2.0470 118.6660
v 146.2370 -2.0470 118.2610
v 146.9960 -1.6420 117.8960
v 147.5210 -0.9110 117.6430
v 148.5290 0.0000 119.8990
v 148.3260 0.9110 119.9450
v 147.7580 1.6420 120.0750
v 146.9370 2.0470 120.2620
v 146.0260 2.0470 120.4700
v 145.2050 1.6420 120.6570
v 144.6370 0.9110 120.7870
v 144.4340 0.0000 120.8330
v 144.6370 -0.9110 120.7870
v 145.2050 -1.6420 120.6570
v 146.0260 -2.0470 120.4700
v 146.9370 -2.0470 120.2620
v 147.7580 -1.6420 120.0750
v 148.3260 -0.9110 119.9450
vt 1.7519 1.7617
vt 1.7519 1.7616
vt 1.7519 1.7614
vt 1.7519 1.7613
vt 1.7519 1.7611
vt 1.7519 1.7610
vt 1.7519 1.7609
vt 1.7520 1.7608
vt 1.7520 1.7606
vt 1.7520 1.7605
vt 1.7520 1.7604
vt 1.7520 1.7603
vt 1.7521 1.7602
vt 1.7521 1.7600
vt 1.7521 1.7599
vt 1.7521 1.7598
vt 1.7522 1.7597
vt 1.7522 1.7596
vt 1.7522 1.7595
vt 1.7523 1.7594
vt 1.7523 1.7594
vt 1.7524 1.7593
vt 1.7524 1.7592
vt 1.7525 1.7591
vt 1.7525 1.7591
vt 1.7526 1.7590
vt 1.7526 1.7589
vt 1.7527 1.7589
vt 1.7527 1.7588
vt 1.7528 1.7588
vt 1.7528 1.7587
vt 1.7529 1.7586
vt 1.7529 1.7586
vt 1.7530 1.7586
vt 1.7530 1.7585
vt 1.7531 1.7585
vt 1.7532 1.7585
vt 1.7532 1.7584
vt 1.7533 1.7584
vt 1.7533 1.7584
vt 1.7534 1.7584
vt 1.7535 1.7584
vt 1.7535 1.7584
vt 1.7536 1.7584
vt 1.7536 1.7583
vt 1.7537 1.7584
vt 1.7538 1.7584
vt 1.7538 1.7584
vt 1.7539 1.7584
vt 1.7540 1.7584
vt 1.7540 1.7584
vt 1.7541 1.7584
vt 1.7542 1.7584
vt 1.7542 1.7585
vt 1.7543 1.7585
vt 1.7543 1.7585
vt 1.7544 1.7586
vt 1.7545 1.7586
vt 1.7545 1.7587
vt 1.7546 1.7587
vt 1.7546 1.7588
vt 1.7547 1.7588
vt 1.7547 1.7589
vt 1.7548 1.7590
vt 1.7548 1.7590
vt 1.7549 1.7591
vt 1.7549 1.7592
vt 1.7550 1.7592
vt 1.7550 1.7593
vt 1.7551 1.7594
vt 1.7551 1.7595
vt 1.7551 1.7596
vt 1.7552 1.7597
vt 1.7552 1.7598
vt 1.7552 1.7599
vt 1.7553 1.7600
vt 1.7553 1.7601
vt 1.7553 1.7602
vt 1.7553 1.7603
vt 1.7554 1.7605
vt 1.7554 1.7606
vt 1.7554 1.7607
vt 1.7554 1.7608
vt 1.7554 1.7610
vt 1.7554 1.7611
vt 1.7554 1.7612
vt 1.7554 1.7614
vt 1.7554 1.7615
vt 1.7554 1.7617
vt 1.7554 1.7618
vt 1.7554 1.7618
vt 1.7554 1.7617
vt 1.7554 1.7616
vt 1.7553 1.7616
vt 1.7553 1.7615
vt 1.7553 1.7614
vt 1.7552 1.7614
vt 1.7552 1.7613
vt 1.7552 1.7613
vt 1.7551 1.7612
vt 1.7551 1.7611
vt 1.7551 1.7611
vt 1.7550 1.7611
vt 1.7550 1.7610
vt 1.7550 1.7610
vt 1.7549 1.7609
vt 1.7549 1.7609
vt 1.7549 1.7608
vt 1.7548 1.7608
vt 1.7548 1.7608
vt 1.7547 1.7607
vt 1.7547 1.7607
vt 1.7547 1.7606
vt 1.7546 1.7606
vt 1.7546 1.7606
vt 1.7545 1.7605
vt 1.7545 1.7605
vt 1.7545 1.7605
vt 1.7544 1.7605
vt 1.7544 1.7604
vt 1.7543 1.7604
vt 1.7543 1.7604
vt 1.7542 1.7604
vt 1.7542 1.7604
vt 1.7541 1.7603
vt 1.7541 1.7603
vt 1.7540 1.7603
vt 1.7540 1.7603
vt 1.7539 1.7603
vt 1.7539 1.7603
vt 1.7539 1.7603
vt 1.7538 1.7603
vt 1.7538 1.7603
vt 1.7537 1.7603
vt 1.7537 1.7603
vt 1.7536 1.7603
vt 1.7536 1.7603
vt 1.7535 1.7603
vt 1.7535 1.7603
vt 1.7534 1.7603
vt 1.7534 1.7603
vt 1.7533 1.7603
vt 1.7533 1.7603
vt 1.7532 1.7603
vt 1.7532 1.7603
vt 1.7531 1.7604
vt 1.7531 1.7604
vt 1.7531 1.7604
vt 1.7530 1.7604
vt 1.7530 1.7604
vt 1.7529 1.7605
vt 1.7529 1.7605
vt 1.7529 1.7605
vt 1.7528 1.7605
vt 1.7528 1.7606
vt 1.7527 1.7606
vt 1.7527 1.7606
vt 1.7526 1.7607
vt 1.7526 1.7607
vt 1.7526 1.7607
vt 1.7525 1.7608
vt 1.7525 1.7608
vt 1.7524 1.7609
vt 1.7524 1.7609
vt 1.7524 1.7609
vt 1.7523 1.7610
vt 1.7523 1.7610
vt 1.7523 1.7611
vt 1.7522 1.7611
vt 1.7522 1.7612
vt 1.7522 1.7612
vt 1.7521 1.7613
vt 1.7521 1.7614
vt 1.7521 1.7614
vt 1.7521 1.7615
vt 1.7520 1.7615
vt 1.7520 1.7616
vt 1.7520 1.7617
vt 1.5494 1.9900
vt 1.5486 1.9723
vt 1.5482 1.9549
vt 1.5481 1.9380
vt 1.5484 1.9214
vt 1.5491 1.9053
vt 1.5500 1.8896
vt 1.5513 1.8742
vt 1.5529 1.8593
vt 1.5548 1.8448
vt 1.5570 1.8307
vt 1.5595 1.8170
vt 1.5623 1.8037
vt 1.5653 1.7908
vt 1.5687 1.7783
vt 1.5722 1.7662
vt 1.5760 1.7545
vt 1.5801 1.7432
vt 1.5844 1.7323
vt 1.5889 1.7219
vt 1.5936 1.7118
vt 1.5986 1.7021
vt 1.6037 1.6929
vt 1.6090 1.6840
vt 1.6145 1.6756
vt 1.6202 1.6676
vt 1.6260 1.6599
vt 1.6320 1.6527
vt 1.6382 1.6459
vt 1.6444 1.6395
vt 1.6509 1.6335
vt 1.6574 1.6279
vt 1.6640 1.6227
vt 1.6708 1.6179
vt 1.6776 1.6135
vt 1.6846 1.6095
vt 1.6916 1.6059
vt 1.6987 1.6028
vt 1.7058 1.6001
vt 1.7130 1.5977
vt 1.7203 1.5958
vt 1.7276 1.5942
vt 1.7349 1.5931
vt 1.7422 1.5924
vt 1.7496 1.5921
vt 1.7569 1.5922
vt 1.7643 1.5927
vt 1.7716 1.5936
vt 1.7790 1.5950
vt 1.7862 1.5967
vt 1.7935 1.5989
vt 1.8007 1.6014
vt 1.8078 1.6044
vt 1.8149 1.6077
vt 1.8219 1.6115
vt 1.8289 1.6157
vt 1.8357 1.6203
vt 1.8425 1.6253
vt 1.8491 1.6307
vt 1.8557 1.6366
vt 1.8621 1.6428
vt 1.8683 1.6495
vt 1.8745 1.6565
vt 1.8805 1.6640
vt 1.8863 1.6719
vt 1.8920 1.6802
vt 1.8975 1.6888
vt 1.9028 1.6980
vt 1.9080 1.7075
vt 1.9129 1.7174
vt 1.9176 1.7277
vt 1.9221 1.7385
vt 1.9264 1.7496
vt 1.9305 1.7612
vt 1.9343 1.7732
vt 1.9379 1.7856
vt 1.9412 1.7984
vt 1.9442 1.8116
vt 1.9470 1.8252
vt 1.9495 1.8393
vt 1.9517 1.8537
vt 1.9536 1.8686
vt 1.9552 1.8839
vt 1.9565 1.8996
vt 1.9575 1.9157
vt 1.9581 1.9322
vt 1.9584 1.9491
vt 1.9583 1.9664
vt 1.9579 1.9842
vt 1.9571 2.0023
vt 1.9543 1.9941
vt 1.9513 1.9861
vt 1.9483 1.9783
vt 1.9451 1.9706
vt 1.9418 1.9632
vt 1.9384 1.9559
vt 1.9349 1.9488
vt 1.9313 1.9419
vt 1.9276 1.9352
vt 1.9238 1.9286
vt 1.9199 1.9223
vt 1.9159 1.9161
vt 1.9118 1.9101
vt 1.9077 1.9043
vt 1.9034 1.8987
vt 1.8991 1.8933
vt 1.8947 1.8881
vt 1.8902 1.8830
vt 1.8856 1.8782
vt 1.8810 1.8735
vt 1.8763 1.8690
vt 1.8716 1.8647
vt 1.8667 1.8605
vt 1.8618 1.8566
vt 1.8569 1.8528
vt 1.8519 1.8492
vt 1.8469 1.8458
vt 1.8418 1.8426
vt 1.8366 1.8396
vt 1.8315 1.8368
vt 1.8262 1.8341
vt 1.8210 1.8316
vt 1.8157 1.8293
vt 1.8104 1.8272
vt 1.8050 1.8253
vt 1.7996 1.8235
vt 1.7942 1.8220
vt 1.7888 1.8206
vt 1.7834 1.8194
vt 1.7779 1.8184
vt 1.7725 1.8176
vt 1.7670 1.8169
vt 1.7615 1.8164
vt 1.7560 1.8162
vt 1.7505 1.8160
vt 1.7450 1.8161
vt 1.7395 1.8164
vt 1.7341 1.8168
vt 1.7286 1.8175
vt 1.7231 1.8183
vt 1.7177 1.8192
vt 1.7123 1.8204
vt 1.7069 1.8217
vt 1.7015 1.8233
vt 1.6962 1.8250
vt 1.6908 1.8269
vt 1.6855 1.8290
vt 1.6803 1.8312
vt 1.6751 1.8336
vt 1.6699 1.8363
vt 1.6647 1.8391
vt 1.6597 1.8420
vt 1.6546 1.8452
vt 1.6496 1.8485
vt 1.6447 1.8520
vt 1.6398 1.8557
vt 1.6350 1.8596
vt 1.6302 1.8636
vt 1.6255 1.8679
vt 1.6209 1.8723
vt 1.6163 1.8769
vt 1.6118 1.8817
vt 1.6074 1.8866
vt 1.6031 1.8917
vt 1.5988 1.8970
vt 1.5947 1.9025
vt 1.5906 1.9082
vt 1.5866 1.9140
vt 1.5827 1.9200
vt 1.5789 1.9262
vt 1.5752 1.9326
vt 1.5716 1.9392
vt 1.5681 1.9459
vt 1.5647 1.9528
vt 1.5614 1.9599
vt 1.5582 1.9672
vt 1.5552 1.9746
vt 1.5522 1.9822
vt 1.3496 2.2105
vt 1.3481 2.1754
vt 1.3472 2.1411
vt 1.3471 2.1075
vt 1.3477 2.0748
vt 1.3489 2.0429
vt 1.3508 2.0118
vt 1.3534 1.9815
vt 1.3565 1.9519
vt 1.3603 1.9232
vt 1.3647 1.8953
vt 1.3696 1.8682
vt 1.3751 1.8419
vt 1.3811 1.8163
vt 1.3877 1.7916
vt 1.3947 1.7677
vt 1.4023 1.7446
vt 1.4103 1.7223
vt 1.4188 1.7008
vt 1.4278 1.6800
vt 1.4371 1.6601
vt 1.4469 1.6410
vt 1.4570 1.6227
vt 1.4675 1.6052
vt 1.4784 1.5885
vt 1.4896 1.5726
vt 1.5012 1.5575
vt 1.5131 1.5433
vt 1.5252 1.5298
vt 1.5376 1.5171
vt 1.5503 1.5052
vt 1.5632 1.4941
vt 1.5764 1.4838
vt 1.5897 1.4744
vt 1.6033 1.4657
vt 1.6170 1.4579
vt 1.6308 1.4508
vt 1.6449 1.4446
vt 1.6590 1.4391
vt 1.6733 1.4345
vt 1.6876 1.4306
vt 1.7020 1.4276
vt 1.7165 1.4254
vt 1.7310 1.4240
vt 1.7456 1.4234
vt 1.7601 1.4236
vt 1.7747 1.4246
vt 1.7892 1.4264
vt 1.8036 1.4291
vt 1.8181 1.4325
vt 1.8324 1.4368
vt 1.8467 1.4418
vt 1.8608 1.4477
vt 1.8748 1.4543
vt 1.8887 1.4618
vt 1.9024 1.4701
vt 1.9160 1.4792
vt 1.9293 1.4891
vt 1.9425 1.4998
vt 1.9554 1.5114
vt 1.9681 1.5237
vt 1.9805 1.5368
vt 1.9926 1.5508
vt 2.0045 1.5656
vt 2.0160 1.5812
vt 2.0273 1.5975
vt 2.0381 1.6147
vt 2.0487 1.6327
vt 2.0588 1.6516
vt 2.0686 1.6712
vt 2.0779 1.6917
vt 2.0869 1.7129
vt 2.0953 1.7350
vt 2.1034 1.7579
vt 2.1109 1.7816
vt 2.1180 1.8061
vt 2.1245 1.8314
vt 2.1306 1.8576
vt 2.1361 1.8845
vt 2.1410 1.9123
vt 2.1454 1.9409
vt 2.1491 1.9703
vt 2.1523 2.0005
vt 2.1548 2.0315
vt 2.1568 2.0634
vt 2.1580 2.0960
vt 2.1585 2.1295
vt 2.1584 2.1638
vt 2.1576 2.1989
vt 2.1561 2.2348
vt 2.1505 2.2186
vt 2.1446 2.2027
vt 2.1386 2.1872
vt 2.1323 2.1721
vt 2.1258 2.1573
vt 2.1191 2.1429
vt 2.1122 2.1289
vt 2.1050 2.1153
vt 2.0977 2.1020
vt 2.0902 2.0890
vt 2.0825 2.0765
vt 2.0746 2.0643
vt 2.0665 2.0525
vt 2.0583 2.0410
vt 2.0499 2.0299
vt 2.0413 2.0192
vt 2.0326 2.0088
vt 2.0237 1.9988
vt 2.0147 1.9892
vt 2.0055 1.9799
vt 1.9962 1.9710
vt 1.9868 1.9625
vt 1.9773 1.9543
vt 1.9676 1.9465
vt 1.9578 1.9391
vt 1.9480 1.9320
vt 1.9380 1.9253
vt 1.9279 1.9189
vt 1.9178 1.9129
vt 1.9075 1.9073
vt 1.8972 1.9021
vt 1.8868 1.8972
vt 1.8763 1.8926
vt 1.8658 1.8884
vt 1.8552 1.8846
vt 1.8446 1.8812
vt 1.8339 1.8781
vt 1.8232 1.8754
vt 1.8124 1.8730
vt 1.8016 1.8710
vt 1.7908 1.8693
vt 1.7800 1.8681
vt 1.7691 1.8671
vt 1.7583 1.8666
vt 1.7474 1.8664
vt 1.7366 1.8665
vt 1.7257 1.8670
vt 1.7149 1.8679
vt 1.7041 1.8691
vt 1.6933 1.8707
vt 1.6825 1.8727
vt 1.6718 1.8750
vt 1.6611 1.8777
vt 1.6505 1.8807
vt 1.6399 1.8841
vt 1.6293 1.8878
vt 1.6189 1.8919
vt 1.6085 1.8963
vt 1.5982 1.9012
vt 1.5879 1.9063
vt 1.5777 1.9119
vt 1.5677 1.9177
vt 1.5577 1.9240
vt 1.5478 1.9306
vt 1.5381 1.9375
vt 1.5284 1.9448
vt 1.5189 1.9525
vt 1.5094 1.9605
vt 1.5002 1.9689
vt 1.4910 1.9776
vt 1.4820 1.9867
vt 1.4731 1.9961
vt 1.4644 2.0059
vt 1.4558 2.0160
vt 1.4474 2.0265
vt 1.4392 2.0374
vt 1.4311 2.0486
vt 1.4232 2.0601
vt 1.4155 2.0720
vt 1.4080 2.0843
vt 1.4006 2.0969
vt 1.3935 2.1099
vt 1.3866 2.1232
vt 1.3799 2.1369
vt 1.3734 2.1509
vt 1.3671 2.1652
vt 1.3610 2.1800
vt 1.3552 2.1951
vt 1.1553 2.4201
vt 1.1530 2.3681
vt 1.1518 2.3173
vt 1.1516 2.2677
vt 1.1524 2.2192
vt 1.1543 2.1719
vt 1.1571 2.1259
vt 1.1608 2.0810
vt 1.1655 2.0373
vt 1.1711 1.9947
vt 1.1776 1.9534
vt 1.1849 1.9132
vt 1.1930 1.8742
vt 1.2020 1.8364
vt 1.2117 1.7998
vt 1.2221 1.7644
vt 1.2333 1.7302
vt 1.2452 1.6971
vt 1.2578 1.6653
vt 1.2710 1.6346
vt 1.2848 1.6051
vt 1.2993 1.5768
vt 1.3143 1.5497
vt 1.3299 1.5238
vt 1.3460 1.4990
vt 1.3627 1.4755
vt 1.3798 1.4532
vt 1.3973 1.4320
vt 1.4153 1.4120
vt 1.4337 1.3932
vt 1.4525 1.3757
vt 1.4716 1.3593
vt 1.4911 1.3440
vt 1.5109 1.3300
vt 1.5309 1.3172
vt 1.5512 1.3056
vt 1.5718 1.2951
vt 1.5925 1.2859
vt 1.6135 1.2778
vt 1.6346 1.2709
vt 1.6558 1.2653
vt 1.6772 1.2608
vt 1.6986 1.2575
vt 1.7201 1.2554
vt 1.7416 1.2545
vt 1.7632 1.2549
vt 1.7847 1.2563
vt 1.8062 1.2590
vt 1.8277 1.2629
vt 1.8490 1.2680
vt 1.8703 1.2743
vt 1.8914 1.2818
vt 1.9123 1.2905
vt 1.9331 1.3003
vt 1.9536 1.3114
vt 1.9740 1.3237
vt 1.9940 1.3372
vt 2.0138 1.3518
vt 2.0332 1.3677
vt 2.0524 1.3848
vt 2.0711 1.4030
vt 2.0896 1.4225
vt 2.1075 1.4432
vt 2.1251 1.4650
vt 2.1422 1.4881
vt 2.1588 1.5124
vt 2.1749 1.5379
vt 2.1905 1.5646
vt 2.2056 1.5924
vt 2.2200 1.6215
vt 2.2338 1.6518
vt 2.2471 1.6833
vt 2.2597 1.7160
vt 2.2715 1.7499
vt 2.2827 1.7850
vt 2.2932 1.8213
vt 2.3029 1.8588
vt 2.3118 1.8975
vt 2.3200 1.9374
vt 2.3273 1.9786
vt 2.3337 2.0209
vt 2.3393 2.0644
vt 2.3440 2.1092
vt 2.3478 2.1551
vt 2.3506 2.2023
vt 2.3524 2.2506
vt 2.3533 2.3002
vt 2.3531 2.3510
vt 2.3518 2.4030
vt 2.3495 2.4562
vt 2.3413 2.4322
vt 2.3327 2.4087
vt 2.3237 2.3857
vt 2.3144 2.3633
vt 2.3047 2.3414
vt 2.2948 2.3201
vt 2.2845 2.2993
vt 2.2740 2.2791
vt 2.2631 2.2594
vt 2.2520 2.2403
vt 2.2406 2.2217
vt 2.2289 2.2036
vt 2.2169 2.1861
vt 2.2047 2.1692
vt 2.1923 2.1527
vt 2.1796 2.1368
vt 2.1667 2.1215
vt 2.1535 2.1067
vt 2.1402 2.0924
vt 2.1266 2.0787
vt 2.1129 2.0655
vt 2.0989 2.0529
vt 2.0848 2.0408
vt 2.0705 2.0292
vt 2.0560 2.0182
vt 2.0414 2.0077
vt 2.0266 1.9978
vt 2.0117 1.9884
vt 1.9967 1.9795
vt 1.9815 1.9712
vt 1.9662 1.9634
vt 1.9508 1.9561
vt 1.9353 1.9494
vt 1.9197 1.9432
vt 1.9040 1.9376
vt 1.8883 1.9325
vt 1.8725 1.9279
vt 1.8566 1.9238
vt 1.8406 1.9203
vt 1.8247 1.9174
vt 1.8087 1.9149
vt 1.7926 1.9130
vt 1.7765 1.9117
vt 1.7605 1.9108
vt 1.7444 1.9105
vt 1.7283 1.9107
vt 1.7123 1.9115
vt 1.6962 1.9128
vt 1.6802 1.9146
vt 1.6642 1.9170
vt 1.6483 1.9199
vt 1.6324 1.9233
vt 1.6166 1.9272
vt 1.6008 1.9317
vt 1.5851 1.9367
vt 1.5695 1.9423
vt 1.5540 1.9483
vt 1.5387 1.9549
vt 1.5234 1.9621
vt 1.5082 1.9697
vt 1.4931 1.9779
vt 1.4782 1.9866
vt 1.4634 1.9958
vt 1.4488 2.0056
vt 1.4344 2.0159
vt 1.4201 2.0267
vt 1.4059 2.0381
vt 1.3920 2.0499
vt 1.3782 2.0623
vt 1.3647 2.0752
vt 1.3513 2.0887
vt 1.3382 2.1027
vt 1.3253 2.1171
vt 1.3126 2.1322
vt 1.3001 2.1477
vt 1.2879 2.1638
vt 1.2759 2.1804
vt 1.2643 2.1975
vt 1.2529 2.2151
vt 1.2417 2.2333
vt 1.2309 2.2519
vt 1.2203 2.2712
vt 1.2100 2.2909
vt 1.2001 2.3111
vt 1.1905 2.3319
vt 1.1812 2.3531
vt 1.1722 2.3750
vt 1.1636 2.3973
vt 0.9691 2.6161
vt 0.9660 2.5479
vt 0.9644 2.4813
vt 0.9642 2.4162
vt 0.9653 2.3527
vt 0.9677 2.2907
vt 0.9714 2.2303
vt 0.9763 2.1714
vt 0.9825 2.1141
vt 0.9898 2.0583
vt 0.9983 2.0041
vt 1.0078 1.9514
vt 1.0185 1.9003
vt 1.0302 1.8508
vt 1.0430 1.8028
vt 1.0567 1.7563
vt 1.0714 1.7114
vt 1.0869 1.6681
vt 1.1034 1.6263
vt 1.1208 1.5861
vt 1.1389 1.5474
vt 1.1579 1.5104
vt 1.1776 1.4748
vt 1.1980 1.4408
vt 1.2191 1.4084
vt 1.2409 1.3775
vt 1.2634 1.3482
vt 1.2864 1.3205
vt 1.3100 1.2943
vt 1.3341 1.2696
vt 1.3587 1.2466
vt 1.3838 1.2250
vt 1.4093 1.2051
vt 1.4353 1.1867
vt 1.4616 1.1699
vt 1.4882 1.1547
vt 1.5152 1.1410
vt 1.5424 1.1288
vt 1.5698 1.1183
vt 1.5975 1.1093
vt 1.6254 1.1018
vt 1.6534 1.0960
vt 1.6815 1.0917
vt 1.7097 1.0889
vt 1.7379 1.0878
vt 1.7662 1.0882
vt 1.7944 1.0901
vt 1.8226 1.0937
vt 1.8507 1.0988
vt 1.8787 1.1055
vt 1.9065 1.1137
vt 1.9342 1.1235
vt 1.9617 1.1349
vt 1.9889 1.1478
vt 2.0159 1.1623
vt 2.0425 1.1784
vt 2.0688 1.1961
vt 2.0947 1.2153
vt 2.1202 1.2362
vt 2.1454 1.2585
vt 2.1700 1.2825
vt 2.1941 1.3080
vt 2.2177 1.3351
vt 2.2407 1.3638
vt 2.2631 1.3941
vt 2.2849 1.4259
vt 2.3060 1.4593
vt 2.3265 1.4943
vt 2.3462 1.5308
vt 2.3651 1.5690
vt 2.3833 1.6087
vt 2.4006 1.6500
vt 2.4171 1.6928
vt 2.4327 1.7373
vt 2.4474 1.7833
vt 2.4611 1.8309
vt 2.4738 1.8801
vt 2.4855 1.9308
vt 2.4962 1.9832
vt 2.5058 2.0371
vt 2.5143 2.0926
vt 2.5216 2.1497
vt 2.5277 2.2084
vt 2.5327 2.2686
vt 2.5363 2.3305
vt 2.5387 2.3939
vt 2.5399 2.4589
vt 2.5396 2.5255
vt 2.5380 2.5937
vt 2.5350 2.6634
vt 2.5242 2.6319
vt 2.5128 2.6011
vt 2.5011 2.5710
vt 2.4889 2.5416
vt 2.4763 2.5129
vt 2.4632 2.4850
vt 2.4498 2.4577
vt 2.4359 2.4312
vt 2.4217 2.4054
vt 2.4071 2.3803
vt 2.3921 2.3559
vt 2.3768 2.3323
vt 2.3611 2.3093
vt 2.3451 2.2870
vt 2.3288 2.2655
vt 2.3121 2.2447
vt 2.2952 2.2245
vt 2.2780 2.2052
vt 2.2605 2.1864
vt 2.2427 2.1684
vt 2.2247 2.1512
vt 2.2064 2.1346
vt 2.1878 2.1187
vt 2.1691 2.1036
vt 2.1501 2.0891
vt 2.1309 2.0754
vt 2.1116 2.0623
vt 2.0920 2.0500
vt 2.0723 2.0384
vt 2.0524 2.0274
vt 2.0324 2.0172
vt 2.0122 2.0077
vt 1.9918 1.9989
vt 1.9714 1.9908
vt 1.9508 1.9834
vt 1.9302 1.9767
vt 1.9094 1.9707
vt 1.8886 1.9654
vt 1.8677 1.9608
vt 1.8468 1.9569
vt 1.8257 1.9537
vt 1.8047 1.9512
vt 1.7836 1.9494
vt 1.7626 1.9483
vt 1.7415 1.9479
vt 1.7204 1.9482
vt 1.6993 1.9492
vt 1.6783 1.9509
vt 1.6573 1.9533
vt 1.6363 1.9564
vt 1.6155 1.9602
vt 1.5946 1.9647
vt 1.5739 1.9698
vt 1.5532 1.9757
vt 1.5327 1.9823
vt 1.5122 1.9895
vt 1.4919 1.9975
vt 1.4717 2.0061
vt 1.4517 2.0155
vt 1.4318 2.0255
vt 1.4120 2.0362
vt 1.3925 2.0477
vt 1.3731 2.0598
vt 1.3539 2.0726
vt 1.3350 2.0861
vt 1.3162 2.1003
vt 1.2977 2.1151
vt 1.2794 2.1307
vt 1.2614 2.1469
vt 1.2436 2.1639
vt 1.2261 2.1815
vt 1.2088 2.1999
vt 1.1919 2.2189
vt 1.1753 2.2386
vt 1.1589 2.2589
vt 1.1429 2.2800
vt 1.1273 2.3017
vt 1.1119 2.3242
vt 1.0970 2.3473
vt 1.0824 2.3711
vt 1.0681 2.3956
vt 1.0543 2.4208
vt 1.0408 2.4466
vt 1.0278 2.4732
vt 1.0152 2.5004
vt 1.0030 2.5283
vt 0.9912 2.5569
vt 0.9799 2.5862
vt 0.7934 2.7958
vt 0.7897 2.7124
vt 0.7878 2.6308
vt 0.7875 2.5512
vt 0.7888 2.4734
vt 0.7918 2.3976
vt 0.7963 2.3236
vt 0.8023 2.2515
vt 0.8098 2.1814
vt 0.8188 2.1132
vt 0.8292 2.0468
vt 0.8409 1.9823
vt 0.8539 1.9198
vt 0.8683 1.8592
vt 0.8839 1.8004
vt 0.9006 1.7436
vt 0.9186 1.6886
vt 0.9377 1.6356
vt 0.9579 1.5844
vt 0.9791 1.5352
vt 1.0013 1.4879
vt 1.0245 1.4425
vt 1.0486 1.3990
vt 1.0736 1.3574
vt 1.0995 1.3177
vt 1.1262 1.2799
vt 1.1536 1.2441
vt 1.1818 1.2101
vt 1.2107 1.1781
vt 1.2402 1.1479
vt 1.2703 1.1197
vt 1.3010 1.0934
vt 1.3322 1.0689
vt 1.3640 1.0465
vt 1.3962 1.0259
vt 1.4288 1.0072
vt 1.4618 0.9904
vt 1.4951 0.9756
vt 1.5287 0.9627
vt 1.5626 0.9516
vt 1.5966 0.9425
vt 1.6309 0.9354
vt 1.6653 0.9301
vt 1.6998 0.9267
vt 1.7344 0.9253
vt 1.7690 0.9258
vt 1.8035 0.9282
vt 1.8380 0.9325
vt 1.8724 0.9388
vt 1.9067 0.9470
vt 1.9408 0.9570
vt 1.9746 0.9690
vt 2.0082 0.9830
vt 2.0416 0.9988
vt 2.0745 1.0166
vt 2.1071 1.0363
vt 2.1393 1.0579
vt 2.1711 1.0815
vt 2.2023 1.1069
vt 2.2330 1.1343
vt 2.2631 1.1636
vt 2.2927 1.1949
vt 2.3215 1.2281
vt 2.3497 1.2631
vt 2.3771 1.3002
vt 2.4038 1.3391
vt 2.4297 1.3800
vt 2.4547 1.4228
vt 2.4788 1.4676
vt 2.5020 1.5142
vt 2.5242 1.5628
vt 2.5455 1.6134
vt 2.5656 1.6658
vt 2.5847 1.7202
vt 2.6027 1.7766
vt 2.6195 1.8348
vt 2.6350 1.8950
vt 2.6494 1.9571
vt 2.6624 2.0212
vt 2.6742 2.0872
vt 2.6845 2.1551
vt 2.6935 2.2250
vt 2.7010 2.2968
vt 2.7070 2.3706
vt 2.7115 2.4462
vt 2.7145 2.5238
vt 2.7159 2.6034
vt 2.7156 2.6849
vt 2.7136 2.7683
vt 2.7099 2.8537
vt 2.6966 2.8151
vt 2.6828 2.7774
vt 2.6684 2.7406
vt 2.6535 2.7046
vt 2.6380 2.6695
vt 2.6221 2.6353
vt 2.6056 2.6020
vt 2.5886 2.5695
vt 2.5712 2.5379
vt 2.5534 2.5072
vt 2.5350 2.4774
vt 2.5163 2.4484
vt 2.4971 2.4203
vt 2.4775 2.3931
vt 2.4575 2.3667
vt 2.4372 2.3412
vt 2.4164 2.3166
vt 2.3953 2.2928
vt 2.3739 2.2700
vt 2.3522 2.2479
vt 2.3301 2.2268
vt 2.3077 2.2065
vt 2.2850 2.1871
vt 2.2621 2.1685
vt 2.2389 2.1508
vt 2.2154 2.1340
vt 2.1917 2.1181
vt 2.1677 2.1030
vt 2.1436 2.0887
vt 2.1193 2.0754
vt 2.0947 2.0629
vt 2.0700 2.0512
vt 2.0451 2.0404
vt 2.0201 2.0305
vt 1.9950 2.0214
vt 1.9697 2.0132
vt 1.9443 2.0059
vt 1.9188 1.9994
vt 1.8932 1.9938
vt 1.8676 1.9890
vt 1.8419 1.9851
vt 1.8161 1.9820
vt 1.7904 1.9799
vt 1.7646 1.9785
vt 1.7388 1.9780
vt 1.7129 1.9784
vt 1.6872 1.9796
vt 1.6614 1.9817
vt 1.6357 1.9846
vt 1.6101 1.9884
vt 1.5845 1.9930
vt 1.5590 1.9985
vt 1.5336 2.0048
vt 1.5084 2.0120
vt 1.4832 2.0201
vt 1.4582 2.0290
vt 1.4333 2.0387
vt 1.4086 2.0493
vt 1.3841 2.0607
vt 1.3597 2.0730
vt 1.3356 2.0861
vt 1.3116 2.1001
vt 1.2879 2.1149
vt 1.2645 2.1306
vt 1.2412 2.1471
vt 1.2183 2.1645
vt 1.1956 2.1827
vt 1.1732 2.2017
vt 1.1512 2.2216
vt 1.1294 2.2423
vt 1.1080 2.2639
vt 1.0869 2.2864
vt 1.0661 2.3096
vt 1.0458 2.3337
vt 1.0258 2.3586
vt 1.0062 2.3844
vt 0.9870 2.4110
vt 0.9683 2.4385
vt 0.9500 2.4668
vt 0.9321 2.4959
vt 0.9147 2.5259
vt 0.8977 2.5567
vt 0.8813 2.5884
vt 0.8653 2.6209
vt 0.8498 2.6542
vt 0.8349 2.6883
vt 0.8205 2.7233
vt 0.8067 2.7592
vt 0.6307 2.9568
vt 0.6264 2.8592
vt 0.6241 2.7638
vt 0.6238 2.6707
vt 0.6254 2.5798
vt 0.6288 2.4911
vt 0.6341 2.4046
vt 0.6411 2.3203
vt 0.6499 2.2383
vt 0.6604 2.1585
vt 0.6725 2.0809
vt 0.6863 2.0055
vt 0.7015 1.9324
vt 0.7183 1.8615
vt 0.7365 1.7928
vt 0.7561 1.7263
vt 0.7771 1.6620
vt 0.7994 1.6000
vt 0.8230 1.5402
vt 0.8478 1.4827
vt 0.8738 1.4273
vt 0.9010 1.3742
vt 0.9292 1.3234
vt 0.9584 1.2747
vt 0.9887 1.2283
vt 1.0199 1.1841
vt 1.0519 1.1422
vt 1.0849 1.1025
vt 1.1187 1.0650
vt 1.1532 1.0297
vt 1.1884 0.9967
vt 1.2243 0.9659
vt 1.2609 0.9374
vt 1.2980 0.9111
vt 1.3356 0.8870
vt 1.3737 0.8652
vt 1.4123 0.8456
vt 1.4512 0.8282
vt 1.4906 0.8131
vt 1.5302 0.8002
vt 1.5700 0.7896
vt 1.6101 0.7812
vt 1.6503 0.7750
vt 1.6907 0.7711
vt 1.7311 0.7694
vt 1.7715 0.7700
vt 1.8119 0.7728
vt 1.8523 0.7779
vt 1.8925 0.7852
vt 1.9326 0.7947
vt 1.9725 0.8065
vt 2.0121 0.8206
vt 2.0514 0.8369
vt 2.0903 0.8554
vt 2.1289 0.8762
vt 2.1670 0.8992
vt 2.2047 0.9245
vt 2.2418 0.9520
vt 2.2783 0.9818
vt 2.3142 1.0138
vt 2.3495 1.0481
vt 2.3840 1.0846
vt 2.4177 1.1235
vt 2.4507 1.1645
vt 2.4828 1.2078
vt 2.5140 1.2533
vt 2.5442 1.3012
vt 2.5735 1.3512
vt 2.6017 1.4035
vt 2.6288 1.4581
vt 2.6548 1.5149
vt 2.6796 1.5740
vt 2.7032 1.6354
vt 2.7255 1.6990
vt 2.7465 1.7649
vt 2.7661 1.8330
vt 2.7843 1.9034
vt 2.8011 1.9760
vt 2.8164 2.0510
vt 2.8301 2.1281
vt 2.8422 2.2076
vt 2.8527 2.2893
vt 2.8615 2.3733
vt 2.8685 2.4595
vt 2.8738 2.5480
vt 2.8773 2.6387
vt 2.8788 2.7318
vt 2.8785 2.8271
vt 2.8762 2.9247
vt 2.8719 3.0245
vt 2.8563 2.9794
vt 2.8402 2.9353
vt 2.8233 2.8922
vt 2.8059 2.8501
vt 2.7878 2.8091
vt 2.7692 2.7691
vt 2.7499 2.7301
vt 2.7301 2.6922
vt 2.7097 2.6552
vt 2.6888 2.6193
vt 2.6674 2.5844
vt 2.6454 2.5505
vt 2.6230 2.5177
vt 2.6001 2.4858
vt 2.5768 2.4550
vt 2.5530 2.4252
vt 2.5287 2.3964
vt 2.5040 2.3686
vt 2.4790 2.3418
vt 2.4535 2.3161
vt 2.4277 2.2914
vt 2.4015 2.2676
vt 2.3750 2.2449
vt 2.3482 2.2232
vt 2.3211 2.2026
vt 2.2936 2.1829
vt 2.2659 2.1642
vt 2.2379 2.1466
vt 2.2096 2.1299
vt 2.1812 2.1143
vt 2.1525 2.0997
vt 2.1236 2.0861
vt 2.0945 2.0734
vt 2.0652 2.0618
vt 2.0358 2.0512
vt 2.0063 2.0417
vt 1.9766 2.0330
vt 1.9468 2.0255
vt 1.9169 2.0189
vt 1.8869 2.0133
vt 1.8568 2.0087
vt 1.8267 2.0052
vt 1.7966 2.0026
vt 1.7664 2.0010
vt 1.7362 2.0005
vt 1.7061 2.0009
vt 1.6759 2.0023
vt 1.6458 2.0047
vt 1.6158 2.0082
vt 1.5858 2.0126
vt 1.5559 2.0180
vt 1.5260 2.0244
vt 1.4964 2.0318
vt 1.4668 2.0402
vt 1.4374 2.0496
vt 1.4081 2.0600
vt 1.3790 2.0714
vt 1.3501 2.0838
vt 1.3214 2.0972
vt 1.2930 2.1115
vt 1.2647 2.1269
vt 1.2367 2.1432
vt 1.2090 2.1606
vt 1.1816 2.1789
vt 1.1544 2.1982
vt 1.1276 2.2185
vt 1.1011 2.2398
vt 1.0749 2.2621
vt 1.0491 2.2853
vt 1.0236 2.3096
vt 0.9986 2.3348
vt 0.9739 2.3610
vt 0.9497 2.3882
vt 0.9259 2.4164
vt 0.9025 2.4456
vt 0.8796 2.4757
vt 0.8572 2.5069
vt 0.8352 2.5389
vt 0.8138 2.5720
vt 0.7929 2.6061
vt 0.7725 2.6412
vt 0.7527 2.6772
vt 0.7335 2.7142
vt 0.7148 2.7522
vt 0.6967 2.7912
vt 0.6793 2.8311
vt 0.6625 2.8720
vt 0.6463 2.9139
vt 0.4832 3.0969
vt 0.4784 2.9865
vt 0.4757 2.8786
vt 0.4754 2.7732
vt 0.4771 2.6704
vt 0.4811 2.5700
vt 0.4870 2.4722
vt 0.4950 2.3768
vt 0.5050 2.2840
vt 0.5168 2.1937
vt 0.5305 2.1059
vt 0.5460 2.0206
vt 0.5633 1.9379
vt 0.5823 1.8577
vt 0.6029 1.7799
vt 0.6251 1.7047
vt 0.6489 1.6321
vt 0.6741 1.5619
vt 0.7008 1.4942
vt 0.7289 1.4291
vt 0.7583 1.3665
vt 0.7890 1.3064
vt 0.8209 1.2489
vt 0.8540 1.1938
vt 0.8882 1.1413
vt 0.9235 1.0914
vt 0.9598 1.0439
vt 0.9970 0.9990
vt 1.0353 0.9566
vt 1.0743 0.9167
vt 1.1142 0.8793
vt 1.1548 0.8445
vt 1.1961 0.8122
vt 1.2381 0.7824
vt 1.2807 0.7552
vt 1.3238 0.7305
vt 1.3675 0.7083
vt 1.4115 0.6887
vt 1.4560 0.6716
vt 1.5008 0.6570
vt 1.5459 0.6450
vt 1.5912 0.6355
vt 1.6367 0.6285
vt 1.6824 0.6241
vt 1.7281 0.6222
vt 1.7739 0.6228
vt 1.8196 0.6260
vt 1.8653 0.6317
vt 1.9108 0.6400
vt 1.9561 0.6508
vt 2.0012 0.6642
vt 2.0460 0.6800
vt 2.0905 0.6985
vt 2.1345 0.7194
vt 2.1782 0.7429
vt 2.2213 0.7690
vt 2.2639 0.7976
vt 2.3059 0.8288
vt 2.3472 0.8625
vt 2.3878 0.8987
vt 2.4277 0.9375
vt 2.4668 0.9788
vt 2.5050 1.0227
vt 2.5422 1.0691
vt 2.5785 1.1181
vt 2.6138 1.1697
vt 2.6480 1.2238
vt 2.6811 1.2804
vt 2.7131 1.3396
vt 2.7437 1.4013
vt 2.7731 1.4656
vt 2.8012 1.5325
vt 2.8279 1.6019
vt 2.8531 1.6739
vt 2.8769 1.7484
vt 2.8991 1.8255
vt 2.9197 1.9051
vt 2.9387 1.9873
vt 2.9560 2.0721
vt 2.9715 2.1594
vt 2.9852 2.2492
vt 2.9971 2.3417
vt 3.0070 2.4367
vt 3.0150 2.5343
vt 3.0210 2.6344
vt 3.0248 2.7370
vt 3.0266 2.8423
vt 3.0263 2.9501
vt 3.0236 3.0605
vt 3.0188 3.1735
vt 3.0012 3.1224
vt 2.9829 3.0725
vt 2.9638 3.0238
vt 2.9441 2.9762
vt 2.9237 2.9298
vt 2.9026 2.8845
vt 2.8808 2.8404
vt 2.8584 2.7975
vt 2.8353 2.7557
vt 2.8117 2.7151
vt 2.7874 2.6756
vt 2.7626 2.6372
vt 2.7372 2.6001
vt 2.7113 2.5640
vt 2.6849 2.5292
vt 2.6579 2.4954
vt 2.6305 2.4629
vt 2.6026 2.4314
vt 2.5743 2.4011
vt 2.5455 2.3720
vt 2.5163 2.3440
vt 2.4867 2.3172
vt 2.4567 2.2915
vt 2.4263 2.2670
vt 2.3956 2.2436
vt 2.3645 2.2213
vt 2.3332 2.2002
vt 2.3015 2.1802
vt 2.2696 2.1614
vt 2.2373 2.1437
vt 2.2049 2.1272
vt 2.1722 2.1117
vt 2.1393 2.0975
vt 2.1062 2.0844
vt 2.0729 2.0724
vt 2.0394 2.0615
vt 2.0059 2.0518
vt 1.9721 2.0432
vt 1.9383 2.0358
vt 1.9044 2.0295
vt 1.8704 2.0243
vt 1.8363 2.0203
vt 1.8022 2.0173
vt 1.7681 2.0156
vt 1.7339 2.0149
vt 1.6998 2.0154
vt 1.6657 2.0170
vt 1.6316 2.0198
vt 1.5976 2.0236
vt 1.5637 2.0286
vt 1.5299 2.0348
vt 1.4962 2.0420
vt 1.4626 2.0504
vt 1.4291 2.0599
vt 1.3958 2.0706
vt 1.3627 2.0823
vt 1.3298 2.0952
vt 1.2971 2.1092
vt 1.2647 2.1243
vt 1.2325 2.1406
vt 1.2005 2.1580
vt 1.1688 2.1764
vt 1.1375 2.1961
vt 1.1064 2.2168
vt 1.0757 2.2386
vt 1.0454 2.2616
vt 1.0153 2.2857
vt 0.9857 2.3109
vt 0.9565 2.3372
vt 0.9277 2.3646
vt 0.8994 2.3932
vt 0.8715 2.4228
vt 0.8441 2.4536
vt 0.8171 2.4855
vt 0.7907 2.5185
vt 0.7648 2.5526
vt 0.7394 2.5878
vt 0.7146 2.6242
vt 0.6903 2.6616
vt 0.6667 2.7001
vt 0.6437 2.7398
vt 0.6212 2.7806
vt 0.5995 2.8224
vt 0.5783 2.8654
vt 0.5579 2.9095
vt 0.5381 2.9547
vt 0.5191 3.0010
vt 0.5008 3.0484
vt 0.3529 3.2142
vt 0.3475 3.0925
vt 0.3446 2.9735
vt 0.3442 2.8573
vt 0.3462 2.7439
vt 0.3505 2.6332
vt 0.3571 2.5254
vt 0.3659 2.4202
vt 0.3768 2.3179
vt 0.3899 2.2184
vt 0.4050 2.1215
vt 0.4221 2.0275
vt 0.4412 1.9363
vt 0.4621 1.8478
vt 0.4848 1.7621
vt 0.5093 1.6792
vt 0.5355 1.5991
vt 0.5633 1.5217
vt 0.5928 1.4471
vt 0.6237 1.3753
vt 0.6561 1.3063
vt 0.6900 1.2401
vt 0.7252 1.1766
vt 0.7616 1.1159
vt 0.7994 1.0580
vt 0.8383 1.0029
vt 0.8783 0.9506
vt 0.9194 0.9010
vt 0.9615 0.8543
vt 1.0046 0.8103
vt 1.0486 0.7691
vt 1.0934 0.7307
vt 1.1389 0.6951
vt 1.1852 0.6623
vt 1.2322 0.6322
vt 1.2797 0.6050
vt 1.3278 0.5806
vt 1.3764 0.5589
vt 1.4255 0.5401
vt 1.4749 0.5240
vt 1.5246 0.5107
vt 1.5746 0.5002
vt 1.6248 0.4926
vt 1.6751 0.4877
vt 1.7255 0.4856
vt 1.7759 0.4863
vt 1.8264 0.4898
vt 1.8767 0.4961
vt 1.9269 0.5052
vt 1.9769 0.5171
vt 2.0266 0.5319
vt 2.0760 0.5494
vt 2.1250 0.5697
vt 2.1736 0.5928
vt 2.2217 0.6187
vt 2.2693 0.6475
vt 2.3163 0.6790
vt 2.3626 0.7134
vt 2.4081 0.7505
vt 2.4529 0.7905
vt 2.4968 0.8333
vt 2.5399 0.8788
vt 2.5820 0.9272
vt 2.6231 0.9784
vt 2.6632 1.0324
vt 2.7021 1.0893
vt 2.7398 1.1489
vt 2.7763 1.2113
vt 2.8115 1.2766
vt 2.8453 1.3447
vt 2.8777 1.4156
vt 2.9087 1.4893
vt 2.9381 1.5658
vt 2.9659 1.6452
vt 2.9921 1.7273
vt 3.0166 1.8123
vt 3.0394 1.9001
vt 3.0603 1.9908
vt 3.0793 2.0842
vt 3.0964 2.1805
vt 3.1115 2.2796
vt 3.1246 2.3815
vt 3.1356 2.4863
vt 3.1444 2.5938
vt 3.1510 2.7042
vt 3.1553 2.8175
vt 3.1572 2.9335
vt 3.1568 3.0524
vt 3.1540 3.1741
vt 3.1486 3.2986
vt 3.1292 3.2423
vt 3.1090 3.1873
vt 3.0880 3.1336
vt 3.0662 3.0811
vt 3.0437 3.0300
vt 3.0204 2.9801
vt 2.9964 2.9314
vt 2.9717 2.8841
vt 2.9463 2.8380
vt 2.9202 2.7932
vt 2.8935 2.7496
vt 2.8661 2.7074
vt 2.8381 2.6664
vt 2.8096 2.6267
vt 2.7804 2.5882
vt 2.7507 2.5510
vt 2.7205 2.5151
vt 2.6897 2.4805
vt 2.6585 2.4471
vt 2.6267 2.4150
vt 2.5945 2.3841
vt 2.5619 2.3545
vt 2.5288 2.3262
vt 2.4953 2.2991
vt 2.4614 2.2733
vt 2.4272 2.2488
vt 2.3926 2.2255
vt 2.3577 2.2035
vt 2.3225 2.1827
vt 2.2870 2.1632
vt 2.2512 2.1450
vt 2.2151 2.1280
vt 2.1788 2.1123
vt 2.1423 2.0978
vt 2.1056 2.0846
vt 2.0688 2.0726
vt 2.0317 2.0619
vt 1.9945 2.0524
vt 1.9572 2.0442
vt 1.9198 2.0373
vt 1.8823 2.0315
vt 1.8448 2.0271
vt 1.8072 2.0239
vt 1.7695 2.0219
vt 1.7319 2.0212
vt 1.6943 2.0218
vt 1.6567 2.0235
vt 1.6191 2.0266
vt 1.5816 2.0308
vt 1.5442 2.0364
vt 1.5069 2.0431
vt 1.4697 2.0511
vt 1.4327 2.0604
vt 1.3958 2.0708
vt 1.3591 2.0826
vt 1.3226 2.0955
vt 1.2863 2.1097
vt 1.2503 2.1252
vt 1.2145 2.1419
vt 1.1790 2.1598
vt 1.1438 2.1789
vt 1.1088 2.1993
vt 1.0742 2.2210
vt 1.0400 2.2438
vt 1.0062 2.2679
vt 0.9727 2.2932
vt 0.9396 2.3198
vt 0.9070 2.3476
vt 0.8747 2.3766
vt 0.8430 2.4068
vt 0.8117 2.4383
vt 0.7810 2.4710
vt 0.7507 2.5049
vt 0.7210 2.5401
vt 0.6919 2.5765
vt 0.6633 2.6141
vt 0.6353 2.6529
vt 0.6080 2.6930
vt 0.5812 2.7342
vt 0.5552 2.7767
vt 0.5298 2.8205
vt 0.5050 2.8654
vt 0.4810 2.9116
vt 0.4577 2.9590
vt 0.4352 3.0076
vt 0.4134 3.0574
vt 0.3925 3.1084
vt 0.3723 3.1607
vt 0.2415 3.3071
vt 0.2356 3.1757
vt 0.2325 3.0473
vt 0.2321 2.9219
vt 0.2342 2.7994
vt 0.2389 2.6799
vt 0.2460 2.5635
vt 0.2555 2.4500
vt 0.2673 2.3395
vt 0.2814 2.2321
vt 0.2977 2.1276
vt 0.3162 2.0261
vt 0.3368 1.9276
vt 0.3594 1.8321
vt 0.3839 1.7395
vt 0.4103 1.6500
vt 0.4386 1.5635
vt 0.4687 1.4800
vt 0.5004 1.3995
vt 0.5338 1.3220
vt 0.5688 1.2474
vt 0.6054 1.1759
vt 0.6433 1.1074
vt 0.6827 1.0419
vt 0.7235 0.9794
vt 0.7655 0.9199
vt 0.8087 0.8634
vt 0.8531 0.8099
vt 0.8985 0.7594
vt 0.9450 0.7120
vt 0.9925 0.6675
vt 1.0408 0.6261
vt 1.0900 0.5876
vt 1.1400 0.5522
vt 1.1907 0.5198
vt 1.2420 0.4904
vt 1.2940 0.4640
vt 1.3464 0.4406
vt 1.3994 0.4203
vt 1.4527 0.4029
vt 1.5064 0.3886
vt 1.5603 0.3773
vt 1.6145 0.3690
vt 1.6688 0.3637
vt 1.7233 0.3615
vt 1.7777 0.3622
vt 1.8321 0.3660
vt 1.8865 0.3728
vt 1.9407 0.3827
vt 1.9946 0.3955
vt 2.0483 0.4114
vt 2.1016 0.4303
vt 2.1546 0.4523
vt 2.2070 0.4772
vt 2.2590 0.5052
vt 2.3103 0.5362
vt 2.3610 0.5703
vt 2.4110 0.6074
vt 2.4602 0.6475
vt 2.5085 0.6906
vt 2.5560 0.7368
vt 2.6025 0.7860
vt 2.6479 0.8382
vt 2.6923 0.8935
vt 2.7355 0.9518
vt 2.7775 1.0131
vt 2.8182 1.0775
vt 2.8576 1.1449
vt 2.8956 1.2154
vt 2.9322 1.2889
vt 2.9672 1.3654
vt 3.0006 1.4450
vt 3.0323 1.5276
vt 3.0624 1.6133
vt 3.0907 1.7020
vt 3.1171 1.7937
vt 3.1416 1.8885
vt 3.1642 1.9864
vt 3.1848 2.0873
vt 3.2032 2.1912
vt 3.2196 2.2982
vt 3.2337 2.4082
vt 3.2455 2.5213
vt 3.2550 2.6374
vt 3.2621 2.7566
vt 3.2668 2.8788
vt 3.2689 3.0041
vt 3.2684 3.1324
vt 3.2653 3.2638
vt 3.2595 3.3983
vt 3.2386 3.3375
vt 3.2168 3.2781
vt 3.1942 3.2201
vt 3.1707 3.1635
vt 3.1463 3.1082
vt 3.1212 3.0544
vt 3.0953 3.0019
vt 3.0686 2.9507
vt 3.0412 2.9010
vt 3.0130 2.8526
vt 2.9841 2.8056
vt 2.9546 2.7600
vt 2.9244 2.7157
vt 2.8936 2.6729
vt 2.8621 2.6313
vt 2.8300 2.5912
vt 2.7974 2.5524
vt 2.7642 2.5150
vt 2.7304 2.4790
vt 2.6961 2.4443
vt 2.6614 2.4110
vt 2.6261 2.3791
vt 2.5904 2.3485
vt 2.5543 2.3193
vt 2.5177 2.2914
vt 2.4808 2.2649
vt 2.4434 2.2398
vt 2.4057 2.2160
vt 2.3677 2.1936
vt 2.3294 2.1726
vt 2.2907 2.1528
vt 2.2518 2.1345
vt 2.2127 2.1175
vt 2.1733 2.1019
vt 2.1336 2.0876
vt 2.0938 2.0747
vt 2.0538 2.0631
vt 2.0137 2.0529
vt 1.9734 2.0441
vt 1.9330 2.0366
vt 1.8926 2.0304
vt 1.8520 2.0256
vt 1.8114 2.0221
vt 1.7708 2.0200
vt 1.7302 2.0192
vt 1.6896 2.0198
vt 1.6489 2.0218
vt 1.6084 2.0250
vt 1.5679 2.0296
vt 1.5275 2.0356
vt 1.4873 2.0429
vt 1.4471 2.0515
vt 1.4072 2.0615
vt 1.3673 2.0728
vt 1.3277 2.0855
vt 1.2883 2.0995
vt 1.2491 2.1148
vt 1.2103 2.1315
vt 1.1716 2.1495
vt 1.1333 2.1688
vt 1.0952 2.1895
vt 1.0575 2.2115
vt 1.0202 2.2349
vt 0.9832 2.2595
vt 0.9467 2.2855
vt 0.9105 2.3129
vt 0.8748 2.3415
vt 0.8396 2.3715
vt 0.8048 2.4029
vt 0.7706 2.4355
vt 0.7368 2.4695
vt 0.7036 2.5048
vt 0.6710 2.5414
vt 0.6389 2.5794
vt 0.6074 2.6187
vt 0.5766 2.6593
vt 0.5464 2.7012
vt 0.5168 2.7444
vt 0.4880 2.7890
vt 0.4598 2.8349
vt 0.4324 2.8821
vt 0.4057 2.9306
vt 0.3798 2.9804
vt 0.3547 3.0316
vt 0.3303 3.0841
vt 0.3068 3.1379
vt 0.2842 3.1930
vt 0.2624 3.2494
vt 0.1505 3.3744
vt 0.1443 3.2351
vt 0.1410 3.0989
vt 0.1405 2.9660
vt 0.1428 2.8361
vt 0.1477 2.7095
vt 0.1552 2.5860
vt 0.1653 2.4657
vt 0.1779 2.3486
vt 0.1928 2.2347
vt 0.2101 2.1239
vt 0.2297 2.0163
vt 0.2515 1.9118
vt 0.2754 1.8106
vt 0.3014 1.7125
vt 0.3295 1.6176
vt 0.3595 1.5259
vt 0.3913 1.4373
vt 0.4250 1.3520
vt 0.4604 1.2698
vt 0.4975 1.1908
vt 0.5363 1.1150
vt 0.5765 1.0424
vt 0.6183 0.9729
vt 0.6615 0.9066
vt 0.7060 0.8436
vt 0.7518 0.7837
vt 0.7989 0.7270
vt 0.8470 0.6734
vt 0.8963 0.6231
vt 0.9466 0.5760
vt 0.9979 0.5321
vt 1.0501 0.4913
vt 1.1031 0.4537
vt 1.1568 0.4194
vt 1.2112 0.3882
vt 1.2663 0.3602
vt 1.3219 0.3354
vt 1.3780 0.3138
vt 1.4346 0.2955
vt 1.4915 0.2803
vt 1.5487 0.2683
vt 1.6061 0.2595
vt 1.6637 0.2539
vt 1.7214 0.2515
vt 1.7792 0.2523
vt 1.8369 0.2563
vt 1.8945 0.2636
vt 1.9519 0.2740
vt 2.0091 0.2876
vt 2.0660 0.3045
vt 2.1226 0.3245
vt 2.1787 0.3478
vt 2.2343 0.3742
vt 2.2894 0.4039
vt 2.3438 0.4368
vt 2.3975 0.4729
vt 2.4505 0.5122
vt 2.5027 0.5547
vt 2.5539 0.6004
vt 2.6043 0.6494
vt 2.6536 0.7016
vt 2.7017 0.7569
vt 2.7488 0.8155
vt 2.7946 0.8773
vt 2.8391 0.9424
vt 2.8823 1.0106
vt 2.9241 1.0821
vt 2.9643 1.1568
vt 3.0031 1.2347
vt 3.0402 1.3159
vt 3.0756 1.4002
vt 3.1093 1.4878
vt 3.1411 1.5787
vt 3.1711 1.6727
vt 3.1991 1.7700
vt 3.2252 1.8705
vt 3.2491 1.9742
vt 3.2709 2.0812
vt 3.2905 2.1913
vt 3.3078 2.3048
vt 3.3227 2.4214
vt 3.3353 2.5413
vt 3.3454 2.6644
vt 3.3529 2.7908
vt 3.3578 2.9204
vt 3.3601 3.0532
vt 3.3596 3.1892
vt 3.3563 3.3285
vt 3.3501 3.4710
vt 3.3280 3.4066
vt 3.3049 3.3437
vt 3.2808 3.2822
vt 3.2559 3.2222
vt 3.2301 3.1636
vt 3.2035 3.1065
vt 3.1760 3.0508
vt 3.1477 2.9966
vt 3.1186 2.9438
vt 3.0888 2.8926
vt 3.0582 2.8428
vt 3.0269 2.7944
vt 2.9949 2.7475
vt 2.9622 2.7020
vt 2.9288 2.6580
vt 2.8948 2.6154
vt 2.8602 2.5743
vt 2.8250 2.5347
vt 2.7892 2.4964
vt 2.7529 2.4597
vt 2.7160 2.4244
vt 2.6786 2.3905
vt 2.6408 2.3581
vt 2.6025 2.3271
vt 2.5637 2.2976
vt 2.5245 2.2695
vt 2.4849 2.2429
vt 2.4450 2.2176
vt 2.4047 2.1939
vt 2.3640 2.1716
vt 2.3231 2.1507
vt 2.2818 2.1313
vt 2.2403 2.1132
vt 2.1985 2.0967
vt 2.1565 2.0815
vt 2.1143 2.0679
vt 2.0719 2.0556
vt 2.0293 2.0448
vt 1.9867 2.0354
vt 1.9438 2.0274
vt 1.9009 2.0209
vt 1.8579 2.0158
vt 1.8149 2.0121
vt 1.7718 2.0099
vt 1.7288 2.0090
vt 1.6857 2.0097
vt 1.6426 2.0117
vt 1.5997 2.0152
vt 1.5568 2.0200
vt 1.5139 2.0264
vt 1.4712 2.0341
vt 1.4287 2.0433
vt 1.3863 2.0538
vt 1.3441 2.0658
vt 1.3021 2.0793
vt 1.2603 2.0941
vt 1.2188 2.1104
vt 1.1775 2.1280
vt 1.1366 2.1471
vt 1.0959 2.1676
vt 1.0556 2.1895
vt 1.0156 2.2129
vt 0.9761 2.2376
vt 0.9369 2.2638
vt 0.8981 2.2914
vt 0.8598 2.3203
vt 0.8219 2.3507
vt 0.7846 2.3825
vt 0.7477 2.4158
vt 0.7114 2.4504
vt 0.6756 2.4864
vt 0.6404 2.5238
vt 0.6058 2.5627
vt 0.5718 2.6029
vt 0.5384 2.6445
vt 0.5057 2.6876
vt 0.4737 2.7320
vt 0.4424 2.7779
vt 0.4118 2.8251
vt 0.3820 2.8738
vt 0.3529 2.9238
vt 0.3246 2.9752
vt 0.2971 3.0281
vt 0.2705 3.0823
vt 0.2447 3.1380
vt 0.2198 3.1950
vt 0.1957 3.2534
vt 0.1726 3.3132
vt 0.0811 3.4152
vt 0.0747 3.2698
vt 0.0712 3.1278
vt 0.0707 2.9891
vt 0.0731 2.8536
vt 0.0782 2.7215
vt 0.0861 2.5927
vt 0.0966 2.4672
vt 0.1097 2.3450
vt 0.1253 2.2261
vt 0.1434 2.1105
vt 0.1638 1.9983
vt 0.1865 1.8894
vt 0.2115 1.7837
vt 0.2386 1.6814
vt 0.2679 1.5824
vt 0.2992 1.4867
vt 0.3324 1.3943
vt 0.3675 1.3053
vt 0.4045 1.2195
vt 0.4432 1.1371
vt 0.4836 1.0580
vt 0.5256 0.9822
vt 0.5692 0.9098
vt 0.6142 0.8407
vt 0.6607 0.7748
vt 0.7085 0.7124
vt 0.7575 0.6532
vt 0.8078 0.5974
vt 0.8592 0.5449
vt 0.9117 0.4957
vt 0.9652 0.4499
vt 1.0196 0.4073
vt 1.0749 0.3682
vt 1.1310 0.3323
vt 1.1878 0.2998
vt 1.2452 0.2706
vt 1.3032 0.2447
vt 1.3618 0.2222
vt 1.4208 0.2030
vt 1.4801 0.1872
vt 1.5398 0.1747
vt 1.5997 0.1655
vt 1.6598 0.1597
vt 1.7200 0.1572
vt 1.7803 0.1580
vt 1.8405 0.1622
vt 1.9006 0.1698
vt 1.9605 0.1806
vt 2.0202 0.1949
vt 2.0795 0.2124
vt 2.1385 0.2334
vt 2.1971 0.2576
vt 2.2551 0.2852
vt 2.3125 0.3162
vt 2.3693 0.3505
vt 2.4254 0.3881
vt 2.4807 0.4291
vt 2.5351 0.4735
vt 2.5886 0.5212
vt 2.6410 0.5723
vt 2.6925 0.6267
vt 2.7428 0.6845
vt 2.7918 0.7456
vt 2.8396 0.8101
vt 2.8861 0.8780
vt 2.9311 0.9492
vt 2.9747 1.0237
vt 3.0167 1.1017
vt 3.0571 1.1829
vt 3.0958 1.2676
vt 3.1328 1.3556
vt 3.1679 1.4470
vt 3.2012 1.5417
vt 3.2324 1.6399
vt 3.2617 1.7413
vt 3.2888 1.8462
vt 3.3138 1.9544
vt 3.3365 2.0660
vt 3.3569 2.1809
vt 3.3750 2.2992
vt 3.3906 2.4209
vt 3.4037 2.5460
vt 3.4142 2.6745
vt 3.4221 2.8063
vt 3.4272 2.9415
vt 3.4296 3.0800
vt 3.4291 3.2220
vt 3.4256 3.3673
vt 3.4192 3.5160
vt 3.3961 3.4488
vt 3.3720 3.3831
vt 3.3469 3.3190
vt 3.3209 3.2563
vt 3.2940 3.1952
vt 3.2662 3.1356
vt 3.2375 3.0776
vt 3.2080 3.0210
vt 3.1777 2.9660
vt 3.1465 2.9125
vt 3.1146 2.8605
vt 3.0819 2.8100
vt 3.0486 2.7611
vt 3.0144 2.7137
vt 2.9796 2.6678
vt 2.9442 2.6234
vt 2.9080 2.5805
vt 2.8713 2.5391
vt 2.8340 2.4992
vt 2.7961 2.4609
vt 2.7576 2.4240
vt 2.7187 2.3887
vt 2.6792 2.3549
vt 2.6392 2.3226
vt 2.5988 2.2918
vt 2.5579 2.2625
vt 2.5166 2.2347
vt 2.4749 2.2084
vt 2.4328 2.1836
vt 2.3904 2.1603
vt 2.3477 2.1385
vt 2.3047 2.1183
vt 2.2613 2.0995
vt 2.2178 2.0822
vt 2.1739 2.0664
vt 2.1299 2.0521
vt 2.0857 2.0393
vt 2.0413 2.0280
vt 1.9967 2.0182
vt 1.9521 2.0099
vt 1.9073 2.0031
vt 1.8625 1.9978
vt 1.8176 1.9939
vt 1.7726 1.9916
vt 1.7277 1.9908
vt 1.6827 1.9914
vt 1.6378 1.9935
vt 1.5930 1.9971
vt 1.5482 2.0022
vt 1.5036 2.0088
vt 1.4590 2.0169
vt 1.4146 2.0264
vt 1.3704 2.0375
vt 1.3264 2.0500
vt 1.2826 2.0640
vt 1.2390 2.0795
vt 1.1957 2.0964
vt 1.1526 2.1149
vt 1.1099 2.1348
vt 1.0675 2.1562
vt 1.0254 2.1791
vt 0.9837 2.2034
vt 0.9424 2.2292
vt 0.9015 2.2565
vt 0.8611 2.2853
vt 0.8211 2.3155
vt 0.7816 2.3472
vt 0.7427 2.3804
vt 0.7042 2.4150
vt 0.6663 2.4512
vt 0.6290 2.4887
vt 0.5923 2.5278
vt 0.5562 2.5683
vt 0.5207 2.6103
vt 0.4859 2.6537
vt 0.4518 2.6986
vt 0.4183 2.7450
vt 0.3857 2.7928
vt 0.3538 2.8421
vt 0.3226 2.8929
vt 0.2923 2.9451
vt 0.2628 2.9987
vt 0.2341 3.0539
vt 0.2063 3.1105
vt 0.1794 3.1685
vt 0.1534 3.2280
vt 0.1283 3.2889
vt 0.1042 3.3513
vt 0.0343 3.4289
vt 0.0277 3.2795
vt 0.0242 3.1334
vt 0.0237 2.9908
vt 0.0261 2.8516
vt 0.0314 2.7158
vt 0.0395 2.5834
vt 0.0503 2.4544
vt 0.0637 2.3288
vt 0.0798 2.2066
vt 0.0983 2.0878
vt 0.1193 1.9724
vt 0.1427 1.8604
vt 0.1684 1.7518
vt 0.1963 1.6466
vt 0.2263 1.5448
vt 0.2585 1.4465
vt 0.2927 1.3515
vt 0.3288 1.2599
vt 0.3668 1.1718
vt 0.4066 1.0871
vt 0.4481 1.0058
vt 0.4913 0.9279
vt 0.5361 0.8534
vt 0.5824 0.7824
vt 0.6301 0.7147
vt 0.6793 0.6505
vt 0.7297 0.5897
vt 0.7814 0.5323
vt 0.8343 0.4783
vt 0.8882 0.4278
vt 0.9432 0.3806
vt 0.9991 0.3369
vt 1.0559 0.2966
vt 1.1136 0.2598
vt 1.1719 0.2264
vt 1.2310 0.1964
vt 1.2906 0.1698
vt 1.3508 0.1466
vt 1.4115 0.1269
vt 1.4725 0.1106
vt 1.5338 0.0978
vt 1.5954 0.0883
vt 1.6572 0.0824
vt 1.7191 0.0798
vt 1.7810 0.0807
vt 1.8429 0.0850
vt 1.9047 0.0927
vt 1.9663 0.1039
vt 2.0276 0.1185
vt 2.0886 0.1366
vt 2.1493 0.1581
vt 2.2095 0.1830
vt 2.2691 0.2114
vt 2.3282 0.2432
vt 2.3865 0.2785
vt 2.4442 0.3172
vt 2.5010 0.3594
vt 2.5569 0.4049
vt 2.6119 0.4540
vt 2.6659 0.5065
vt 2.7187 0.5624
vt 2.7704 0.6218
vt 2.8208 0.6847
vt 2.8700 0.7510
vt 2.9177 0.8207
vt 2.9640 0.8939
vt 3.0088 0.9706
vt 3.0520 1.0507
vt 3.0936 1.1342
vt 3.1334 1.2212
vt 3.1713 1.3117
vt 3.2075 1.4057
vt 3.2416 1.5030
vt 3.2738 1.6039
vt 3.3038 1.7082
vt 3.3317 1.8160
vt 3.3574 1.9272
vt 3.3808 2.0419
vt 3.4018 2.1601
vt 3.4203 2.2817
vt 3.4364 2.4068
vt 3.4498 2.5354
vt 3.4606 2.6674
vt 3.4687 2.8029
vt 3.4740 2.9419
vt 3.4764 3.0844
vt 3.4759 3.2303
vt 3.4724 3.3796
vt 3.4658 3.5325
vt 3.4420 3.4634
vt 3.4172 3.3959
vt 3.3914 3.3299
vt 3.3647 3.2656
vt 3.3371 3.2028
vt 3.3085 3.1415
vt 3.2790 3.0818
vt 3.2487 3.0237
vt 3.2175 2.9671
vt 3.1855 2.9121
vt 3.1527 2.8587
vt 3.1191 2.8068
vt 3.0847 2.7565
vt 3.0497 2.7077
vt 3.0139 2.6605
vt 2.9775 2.6149
vt 2.9403 2.5708
vt 2.9026 2.5283
vt 2.8642 2.4873
vt 2.8252 2.4479
vt 2.7857 2.4100
vt 2.7456 2.3737
vt 2.7050 2.3389
vt 2.6639 2.3057
vt 2.6224 2.2740
vt 2.5804 2.2439
vt 2.5379 2.2154
vt 2.4951 2.1883
vt 2.4518 2.1629
vt 2.4082 2.1389
vt 2.3643 2.1165
vt 2.3201 2.0957
vt 2.2755 2.0764
vt 2.2307 2.0586
vt 2.1857 2.0424
vt 2.1404 2.0277
vt 2.0949 2.0145
vt 2.0493 2.0029
vt 2.0035 1.9929
vt 1.9576 1.9843
vt 1.9116 1.9773
vt 1.8655 1.9718
vt 1.8193 1.9679
vt 1.7732 1.9655
vt 1.7269 1.9646
vt 1.6808 1.9653
vt 1.6346 1.9675
vt 1.5885 1.9712
vt 1.5425 1.9764
vt 1.4966 1.9832
vt 1.4508 1.9915
vt 1.4051 2.0013
vt 1.3597 2.0126
vt 1.3144 2.0255
vt 1.2694 2.0399
vt 1.2246 2.0558
vt 1.1801 2.0732
vt 1.1358 2.0922
vt 1.0919 2.1127
vt 1.0483 2.1347
vt 1.0050 2.1582
vt 0.9622 2.1832
vt 0.9197 2.2098
vt 0.8777 2.2378
vt 0.8361 2.2674
vt 0.7951 2.2984
vt 0.7545 2.3310
vt 0.7144 2.3652
vt 0.6749 2.4008
vt 0.6359 2.4379
vt 0.5975 2.4765
vt 0.5598 2.5167
vt 0.5227 2.5583
vt 0.4862 2.6015
vt 0.4504 2.6461
vt 0.4154 2.6923
vt 0.3810 2.7399
vt 0.3474 2.7891
vt 0.3146 2.8398
vt 0.2826 2.8920
vt 0.2514 2.9456
vt 0.2211 3.0008
vt 0.1916 3.0575
vt 0.1630 3.1156
vt 0.1354 3.1753
vt 0.1087 3.2364
vt 0.0829 3.2991
vt 0.0581 3.3632
vt 0.0108 3.4153
vt 0.0041 3.2638
vt 0.0005 3.1158
vt 0.0000 2.9713
vt 0.0024 2.8301
vt 0.0078 2.6925
vt 0.0160 2.5583
vt 0.0270 2.4275
vt 0.0406 2.3001
vt 0.0569 2.1763
vt 0.0757 2.0558
vt 0.0969 1.9388
vt 0.1206 1.8253
vt 0.1467 1.7152
vt 0.1749 1.6086
vt 0.2054 1.5054
vt 0.2380 1.4057
vt 0.2727 1.3095
vt 0.3093 1.2167
vt 0.3478 1.1273
vt 0.3881 1.0415
vt 0.4302 0.9590
vt 0.4740 0.8801
vt 0.5194 0.8046
vt 0.5663 0.7325
vt 0.6147 0.6640
vt 0.6645 0.5989
vt 0.7157 0.5372
vt 0.7681 0.4790
vt 0.8217 0.4243
vt 0.8763 0.3731
vt 0.9321 0.3253
vt 0.9888 0.2810
vt 1.0464 0.2402
vt 1.1048 0.2028
vt 1.1640 0.1689
vt 1.2238 0.1385
vt 1.2843 0.1116
vt 1.3453 0.0881
vt 1.4068 0.0681
vt 1.4686 0.0516
vt 1.5308 0.0386
vt 1.5933 0.0290
vt 1.6559 0.0229
vt 1.7186 0.0203
vt 1.7814 0.0212
vt 1.8441 0.0256
vt 1.9067 0.0335
vt 1.9692 0.0448
vt 2.0314 0.0596
vt 2.0932 0.0779
vt 2.1547 0.0997
vt 2.2157 0.1250
vt 2.2762 0.1538
vt 2.3360 0.1860
vt 2.3952 0.2218
vt 2.4536 0.2610
vt 2.5112 0.3037
vt 2.5679 0.3500
vt 2.6237 0.3997
vt 2.6783 0.4529
vt 2.7319 0.5096
vt 2.7843 0.5698
vt 2.8355 0.6335
vt 2.8853 0.7007
vt 2.9337 0.7714
vt 2.9806 0.8456
vt 3.0260 0.9233
vt 3.0698 1.0045
vt 3.1119 1.0892
vt 3.1522 1.1774
vt 3.1907 1.2692
vt 3.2273 1.3644
vt 3.2620 1.4631
vt 3.2946 1.5653
vt 3.3251 1.6711
vt 3.3533 1.7803
vt 3.3794 1.8931
vt 3.4030 2.0094
vt 3.4243 2.1292
vt 3.4431 2.2524
vt 3.4594 2.3793
vt 3.4731 2.5096
vt 3.4840 2.6434
vt 3.4922 2.7808
vt 3.4975 2.9217
vt 3.5000 3.0660
vt 3.4995 3.2140
vt 3.4959 3.3654
vt 3.4892 3.5203
vt 3.4651 3.4503
vt 3.4400 3.3819
vt 3.4139 3.3150
vt 3.3868 3.2498
vt 3.3587 3.1861
vt 3.3298 3.1240
vt 3.2999 3.0635
vt 3.2691 3.0046
vt 3.2375 2.9472
vt 3.2051 2.8915
vt 3.1718 2.8373
vt 3.1378 2.7847
vt 3.1030 2.7337
vt 3.0674 2.6843
vt 3.0311 2.6364
vt 2.9942 2.5902
vt 2.9566 2.5455
vt 2.9183 2.5024
vt 2.8794 2.4608
vt 2.8399 2.4209
vt 2.7998 2.3825
vt 2.7592 2.3457
vt 2.7181 2.3104
vt 2.6764 2.2768
vt 2.6343 2.2447
vt 2.5917 2.2141
vt 2.5486 2.1852
vt 2.5052 2.1578
vt 2.4614 2.1319
vt 2.4172 2.1077
vt 2.3727 2.0850
vt 2.3278 2.0638
vt 2.2827 2.0443
vt 2.2372 2.0262
vt 2.1916 2.0098
vt 2.1457 1.9949
vt 2.0996 1.9816
vt 2.0534 1.9698
vt 2.0069 1.9596
vt 1.9604 1.9509
vt 1.9138 1.9438
vt 1.8670 1.9383
vt 1.8202 1.9343
vt 1.7734 1.9319
vt 1.7266 1.9310
vt 1.6798 1.9317
vt 1.6330 1.9339
vt 1.5862 1.9376
vt 1.5396 1.9429
vt 1.4930 1.9498
vt 1.4466 1.9582
vt 1.4004 1.9682
vt 1.3543 1.9797
vt 1.3084 1.9927
vt 1.2628 2.0073
vt 1.2173 2.0234
vt 1.1722 2.0411
vt 1.1273 2.0603
vt 1.0828 2.0811
vt 1.0386 2.1034
vt 0.9948 2.1272
vt 0.9514 2.1526
vt 0.9083 2.1795
vt 0.8657 2.2079
vt 0.8236 2.2379
vt 0.7819 2.2694
vt 0.7408 2.3024
vt 0.7002 2.3370
vt 0.6601 2.3731
vt 0.6206 2.4108
vt 0.5817 2.4499
vt 0.5434 2.4906
vt 0.5058 2.5328
vt 0.4688 2.5766
vt 0.4326 2.6218
vt 0.3970 2.6686
vt 0.3622 2.7169
vt 0.3282 2.7668
vt 0.2949 2.8181
vt 0.2625 2.8710
vt 0.2309 2.9254
vt 0.2001 2.9814
vt 0.1702 3.0388
vt 0.1413 3.0978
vt 0.1132 3.1582
vt 0.0861 3.2202
vt 0.0600 3.2837
vt 0.0349 3.3487
vt 0.0108 3.3746
vt 0.0041 3.2231
vt 0.0005 3.0751
vt 0.0000 2.9306
vt 0.0024 2.7894
vt 0.0078 2.6518
vt 0.0160 2.5176
vt 0.0270 2.3868
vt 0.0406 2.2595
vt 0.0569 2.1356
vt 0.0757 2.0151
vt 0.0969 1.8982
vt 0.1206 1.7846
vt 0.1467 1.6745
vt 0.1749 1.5679
vt 0.2054 1.4648
vt 0.2380 1.3650
vt 0.2727 1.2688
vt 0.3093 1.1760
vt 0.3478 1.0867
vt 0.3881 1.0008
vt 0.4302 0.9183
vt 0.4740 0.8394
vt 0.5194 0.7639
vt 0.5663 0.6918
vt 0.6147 0.6233
vt 0.6645 0.5582
vt 0.7157 0.4965
vt 0.7681 0.4384
vt 0.8217 0.3836
vt 0.8763 0.3324
vt 0.9321 0.2846
vt 0.9888 0.2403
vt 1.0464 0.1995
vt 1.1048 0.1621
vt 1.1640 0.1282
vt 1.2238 0.0978
vt 1.2843 0.0709
vt 1.3453 0.0474
vt 1.4068 0.0274
vt 1.4686 0.0109
vt 1.5308 -0.0021
vt 1.5933 -0.0117
vt 1.6559 -0.0177
vt 1.7186 -0.0203
vt 1.7814 -0.0194
vt 1.8441 -0.0151
vt 1.9067 -0.0072
vt 1.9692 0.0041
vt 2.0314 0.0189
vt 2.0932 0.0372
vt 2.1547 0.0590
vt 2.2157 0.0843
vt 2.2762 0.1131
vt 2.3360 0.1453
vt 2.3952 0.1811
vt 2.4536 0.2203
vt 2.5112 0.2630
vt 2.5679 0.3093
vt 2.6237 0.3590
vt 2.6783 0.4122
vt 2.7319 0.4689
vt 2.7843 0.5291
vt 2.8355 0.5928
vt 2.8853 0.6600
vt 2.9337 0.7307
vt 2.9806 0.8049
vt 3.0260 0.8826
vt 3.0698 0.9638
vt 3.1119 1.0485
vt 3.1522 1.1367
vt 3.1907 1.2285
vt 3.2273 1.3237
vt 3.2620 1.4224
vt 3.2946 1.5246
vt 3.3251 1.6304
vt 3.3533 1.7396
vt 3.3794 1.8524
vt 3.4030 1.9687
vt 3.4243 2.0885
vt 3.4431 2.2118
vt 3.4594 2.3386
vt 3.4731 2.4689
vt 3.4840 2.6027
vt 3.4922 2.7401
vt 3.4975 2.8810
vt 3.5000 3.0254
vt 3.4995 3.1733
vt 3.4959 3.3247
vt 3.4892 3.4797
vt 3.4651 3.4096
vt 3.4400 3.3412
vt 3.4139 3.2743
vt 3.3868 3.2091
vt 3.3587 3.1454
vt 3.3298 3.0833
vt 3.2999 3.0228
vt 3.2691 2.9639
vt 3.2375 2.9065
vt 3.2051 2.8508
vt 3.1718 2.7966
vt 3.1378 2.7440
vt 3.1030 2.6930
vt 3.0674 2.6436
vt 3.0311 2.5957
vt 2.9942 2.5495
vt 2.9566 2.5048
vt 2.9183 2.4617
vt 2.8794 2.4202
vt 2.8399 2.3802
vt 2.7998 2.3418
vt 2.7592 2.3050
vt 2.7181 2.2698
vt 2.6764 2.2361
vt 2.6343 2.2040
vt 2.5917 2.1734
vt 2.5486 2.1445
vt 2.5052 2.1171
vt 2.4614 2.0912
vt 2.4172 2.0670
vt 2.3727 2.0443
vt 2.3278 2.0231
vt 2.2827 2.0036
vt 2.2372 1.9855
vt 2.1916 1.9691
vt 2.1457 1.9542
vt 2.0996 1.9409
vt 2.0534 1.9291
vt 2.0069 1.9189
vt 1.9604 1.9103
vt 1.9138 1.9031
vt 1.8670 1.8976
vt 1.8202 1.8936
vt 1.7734 1.8912
vt 1.7266 1.8903
vt 1.6798 1.8910
vt 1.6330 1.8932
vt 1.5862 1.8969
vt 1.5396 1.9022
vt 1.4930 1.9091
vt 1.4466 1.9175
vt 1.4004 1.9275
vt 1.3543 1.9390
vt 1.3084 1.9520
vt 1.2628 1.9666
vt 1.2173 1.9828
vt 1.1722 2.0004
vt 1.1273 2.0196
vt 1.0828 2.0404
vt 1.0386 2.0627
vt 0.9948 2.0865
vt 0.9514 2.1119
vt 0.9083 2.1388
vt 0.8657 2.1672
vt 0.8236 2.1972
vt 0.7819 2.2287
vt 0.7408 2.2618
vt 0.7002 2.2963
vt 0.6601 2.3324
vt 0.6206 2.3701
vt 0.5817 2.4092
vt 0.5434 2.4499
vt 0.5058 2.4921
vt 0.4688 2.5359
vt 0.4326 2.5811
vt 0.3970 2.6279
vt 0.3622 2.6763
vt 0.3282 2.7261
vt 0.2949 2.7775
vt 0.2625 2.8303
vt 0.2309 2.8847
vt 0.2001 2.9407
vt 0.1702 2.9981
vt 0.1413 3.0571
vt 0.1132 3.1175
vt 0.0861 3.1795
vt 0.0600 3.2430
vt 0.0349 3.3081
vt 0.0343 3.3074
vt 0.0277 3.1580
vt 0.0242 3.0120
vt 0.0237 2.8693
vt 0.0261 2.7302
vt 0.0314 2.5943
vt 0.0395 2.4619
vt 0.0503 2.3329
vt 0.0637 2.2073
vt 0.0798 2.0851
vt 0.0983 1.9663
vt 0.1193 1.8509
vt 0.1427 1.7389
vt 0.1684 1.6303
vt 0.1963 1.5251
vt 0.2263 1.4233
vt 0.2585 1.3250
vt 0.2927 1.2300
vt 0.3288 1.1385
vt 0.3668 1.0503
vt 0.4066 0.9656
vt 0.4481 0.8843
vt 0.4913 0.8064
vt 0.5361 0.7319
vt 0.5824 0.6609
vt 0.6301 0.5932
vt 0.6793 0.5290
vt 0.7297 0.4682
vt 0.7814 0.4108
vt 0.8343 0.3568
vt 0.8882 0.3063
vt 0.9432 0.2592
vt 0.9991 0.2155
vt 1.0559 0.1752
vt 1.1136 0.1383
vt 1.1719 0.1049
vt 1.2310 0.0749
vt 1.2906 0.0483
vt 1.3508 0.0252
vt 1.4115 0.0054
vt 1.4725 -0.0109
vt 1.5338 -0.0237
vt 1.5954 -0.0331
vt 1.6572 -0.0391
vt 1.7191 -0.0417
vt 1.7810 -0.0408
vt 1.8429 -0.0365
vt 1.9047 -0.0288
vt 1.9663 -0.0176
vt 2.0276 -0.0030
vt 2.0886 0.0151
vt 2.1493 0.0366
vt 2.2095 0.0615
vt 2.2691 0.0899
vt 2.3282 0.1217
vt 2.3865 0.1570
vt 2.4442 0.1957
vt 2.5010 0.2379
vt 2.5569 0.2835
vt 2.6119 0.3325
vt 2.6659 0.3850
vt 2.7187 0.4410
vt 2.7704 0.5003
vt 2.8208 0.5632
vt 2.8700 0.6295
vt 2.9177 0.6992
vt 2.9640 0.7724
vt 3.0088 0.8491
vt 3.0520 0.9292
vt 3.0936 1.0127
vt 3.1334 1.0998
vt 3.1713 1.1903
vt 3.2075 1.2842
vt 3.2416 1.3816
vt 3.2738 1.4824
vt 3.3038 1.5867
vt 3.3317 1.6945
vt 3.3574 1.8057
vt 3.3808 1.9205
vt 3.4018 2.0386
vt 3.4203 2.1603
vt 3.4364 2.2854
vt 3.4498 2.4139
vt 3.4606 2.5460
vt 3.4687 2.6815
vt 3.4740 2.8204
vt 3.4764 2.9629
vt 3.4759 3.1088
vt 3.4724 3.2582
vt 3.4658 3.4110
vt 3.4420 3.3420
vt 3.4172 3.2744
vt 3.3914 3.2085
vt 3.3647 3.1441
vt 3.3371 3.0813
vt 3.3085 3.0200
vt 3.2790 2.9603
vt 3.2487 2.9022
vt 3.2175 2.8457
vt 3.1855 2.7906
vt 3.1527 2.7372
vt 3.1191 2.6853
vt 3.0847 2.6350
vt 3.0497 2.5863
vt 3.0139 2.5391
vt 2.9775 2.4934
vt 2.9403 2.4493
vt 2.9026 2.4068
vt 2.8642 2.3658
vt 2.8252 2.3264
vt 2.7857 2.2885
vt 2.7456 2.2522
vt 2.7050 2.2175
vt 2.6639 2.1842
vt 2.6224 2.1526
vt 2.5804 2.1225
vt 2.5379 2.0939
vt 2.4951 2.0669
vt 2.4518 2.0414
vt 2.4082 2.0174
vt 2.3643 1.9950
vt 2.3201 1.9742
vt 2.2755 1.9549
vt 2.2307 1.9371
vt 2.1857 1.9209
vt 2.1404 1.9062
vt 2.0949 1.8930
vt 2.0493 1.8814
vt 2.0035 1.8714
vt 1.9576 1.8628
vt 1.9116 1.8558
vt 1.8655 1.8503
vt 1.8193 1.8464
vt 1.7732 1.8440
vt 1.7269 1.8431
vt 1.6808 1.8438
vt 1.6346 1.8460
vt 1.5885 1.8497
vt 1.5425 1.8549
vt 1.4966 1.8617
vt 1.4508 1.8700
vt 1.4051 1.8798
vt 1.3597 1.8912
vt 1.3144 1.9040
vt 1.2694 1.9184
vt 1.2246 1.9343
vt 1.1801 1.9518
vt 1.1358 1.9707
vt 1.0919 1.9912
vt 1.0483 2.0132
vt 1.0050 2.0367
vt 0.9622 2.0617
vt 0.9197 2.0883
vt 0.8777 2.1163
vt 0.8361 2.1459
vt 0.7951 2.1770
vt 0.7545 2.2096
vt 0.7144 2.2437
vt 0.6749 2.2793
vt 0.6359 2.3164
vt 0.5975 2.3550
vt 0.5598 2.3952
vt 0.5227 2.4368
vt 0.4862 2.4800
vt 0.4504 2.5246
vt 0.4154 2.5708
vt 0.3810 2.6185
vt 0.3474 2.6676
vt 0.3146 2.7183
vt 0.2826 2.7705
vt 0.2514 2.8241
vt 0.2211 2.8793
vt 0.1916 2.9360
vt 0.1630 2.9941
vt 0.1354 3.0538
vt 0.1087 3.1149
vt 0.0829 3.1776
vt 0.0581 3.2418
vt 0.0811 3.2145
vt 0.0747 3.0692
vt 0.0712 2.9272
vt 0.0707 2.7884
vt 0.0731 2.6530
vt 0.0782 2.5209
vt 0.0861 2.3921
vt 0.0966 2.2666
vt 0.1097 2.1444
vt 0.1253 2.0255
vt 0.1434 1.9099
vt 0.1638 1.7976
vt 0.1865 1.6887
vt 0.2115 1.5831
vt 0.2386 1.4808
vt 0.2679 1.3818
vt 0.2992 1.2860
vt 0.3324 1.1937
vt 0.3675 1.1046
vt 0.4045 1.0189
vt 0.4432 0.9365
vt 0.4836 0.8574
vt 0.5256 0.7816
vt 0.5692 0.7091
vt 0.6142 0.6400
vt 0.6607 0.5742
vt 0.7085 0.5117
vt 0.7575 0.4526
vt 0.8078 0.3967
vt 0.8592 0.3443
vt 0.9117 0.2951
vt 0.9652 0.2492
vt 1.0196 0.2067
vt 1.0749 0.1675
vt 1.1310 0.1316
vt 1.1878 0.0991
vt 1.2452 0.0699
vt 1.3032 0.0441
vt 1.3618 0.0216
vt 1.4208 0.0024
vt 1.4801 -0.0134
vt 1.5398 -0.0260
vt 1.5997 -0.0351
vt 1.6598 -0.0410
vt 1.7200 -0.0435
vt 1.7803 -0.0426
vt 1.8405 -0.0384
vt 1.9006 -0.0309
vt 1.9605 -0.0200
vt 2.0202 -0.0058
vt 2.0795 0.0118
vt 2.1385 0.0327
vt 2.1971 0.0570
vt 2.2551 0.0846
vt 2.3125 0.1155
vt 2.3693 0.1498
vt 2.4254 0.1875
vt 2.4807 0.2285
vt 2.5351 0.2729
vt 2.5886 0.3206
vt 2.6410 0.3716
vt 2.6925 0.4261
vt 2.7428 0.4839
vt 2.7918 0.5450
vt 2.8396 0.6095
vt 2.8861 0.6773
vt 2.9311 0.7485
vt 2.9747 0.8231
vt 3.0167 0.9010
vt 3.0571 0.9823
vt 3.0958 1.0670
vt 3.1328 1.1550
vt 3.1679 1.2464
vt 3.2012 1.3411
vt 3.2324 1.4392
vt 3.2617 1.5407
vt 3.2888 1.6455
vt 3.3138 1.7537
vt 3.3365 1.8653
vt 3.3569 1.9803
vt 3.3750 2.0986
vt 3.3906 2.2203
vt 3.4037 2.3454
vt 3.4142 2.4738
vt 3.4221 2.6056
vt 3.4272 2.7408
vt 3.4296 2.8794
vt 3.4291 3.0213
vt 3.4256 3.1667
vt 3.4192 3.3154
vt 3.3961 3.2482
vt 3.3720 3.1825
vt 3.3469 3.1183
vt 3.3209 3.0557
vt 3.2940 2.9946
vt 3.2662 2.9350
vt 3.2375 2.8769
vt 3.2080 2.8204
vt 3.1777 2.7654
vt 3.1465 2.7119
vt 3.1146 2.6599
vt 3.0819 2.6094
vt 3.0486 2.5605
vt 3.0144 2.5130
vt 2.9796 2.4671
vt 2.9442 2.4227
vt 2.9080 2.3798
vt 2.8713 2.3385
vt 2.8340 2.2986
vt 2.7961 2.2603
vt 2.7576 2.2234
vt 2.7187 2.1881
vt 2.6792 2.1543
vt 2.6392 2.1219
vt 2.5988 2.0911
vt 2.5579 2.0618
vt 2.5166 2.0341
vt 2.4749 2.0078
vt 2.4328 1.9829
vt 2.3904 1.9597
vt 2.3477 1.9379
vt 2.3047 1.9176
vt 2.2613 1.8988
vt 2.2178 1.8815
vt 2.1739 1.8658
vt 2.1299 1.8515
vt 2.0857 1.8387
vt 2.0413 1.8274
vt 1.9967 1.8176
vt 1.9521 1.8093
vt 1.9073 1.8025
vt 1.8625 1.7971
vt 1.8176 1.7933
vt 1.7726 1.7910
vt 1.7277 1.7901
vt 1.6827 1.7908
vt 1.6378 1.7929
vt 1.5930 1.7965
vt 1.5482 1.8016
vt 1.5036 1.8082
vt 1.4590 1.8162
vt 1.4146 1.8258
vt 1.3704 1.8368
vt 1.3264 1.8494
vt 1.2826 1.8634
vt 1.2390 1.8788
vt 1.1957 1.8958
vt 1.1526 1.9142
vt 1.1099 1.9342
vt 1.0675 1.9555
vt 1.0254 1.9784
vt 0.9837 2.0028
vt 0.9424 2.0286
vt 0.9015 2.0559
vt 0.8611 2.0846
vt 0.8211 2.1149
vt 0.7816 2.1466
vt 0.7427 2.1798
vt 0.7042 2.2144
vt 0.6663 2.2505
vt 0.6290 2.2881
vt 0.5923 2.3272
vt 0.5562 2.3677
vt 0.5207 2.4097
vt 0.4859 2.4531
vt 0.4518 2.4980
vt 0.4183 2.5444
vt 0.3857 2.5922
vt 0.3538 2.6415
vt 0.3226 2.6922
vt 0.2923 2.7445
vt 0.2628 2.7981
vt 0.2341 2.8532
vt 0.2063 2.9098
vt 0.1794 2.9678
vt 0.1534 3.0274
vt 0.1283 3.0883
vt 0.1042 3.1507
vt 0.1505 3.0973
vt 0.1443 2.9580
vt 0.1410 2.8219
vt 0.1405 2.6889
vt 0.1428 2.5591
vt 0.1477 2.4324
vt 0.1552 2.3090
vt 0.1653 2.1887
vt 0.1779 2.0715
vt 0.1928 1.9576
vt 0.2101 1.8468
vt 0.2297 1.7392
vt 0.2515 1.6347
vt 0.2754 1.5335
vt 0.3014 1.4354
vt 0.3295 1.3405
vt 0.3595 1.2488
vt 0.3913 1.1603
vt 0.4250 1.0749
vt 0.4604 0.9927
vt 0.4975 0.9137
vt 0.5363 0.8379
vt 0.5765 0.7653
vt 0.6183 0.6958
vt 0.6615 0.6296
vt 0.7060 0.5665
vt 0.7518 0.5066
vt 0.7989 0.4499
vt 0.8470 0.3964
vt 0.8963 0.3460
vt 0.9466 0.2989
vt 0.9979 0.2550
vt 1.0501 0.2142
vt 1.1031 0.1766
vt 1.1568 0.1423
vt 1.2112 0.1111
vt 1.2663 0.0831
vt 1.3219 0.0583
vt 1.3780 0.0368
vt 1.4346 0.0184
vt 1.4915 0.0032
vt 1.5487 -0.0088
vt 1.6061 -0.0176
vt 1.6637 -0.0232
vt 1.7214 -0.0256
vt 1.7792 -0.0248
vt 1.8369 -0.0207
vt 1.8945 -0.0135
vt 1.9519 -0.0031
vt 2.0091 0.0105
vt 2.0660 0.0274
vt 2.1226 0.0474
vt 2.1787 0.0707
vt 2.2343 0.0971
vt 2.2894 0.1268
vt 2.3438 0.1597
vt 2.3975 0.1958
vt 2.4505 0.2351
vt 2.5027 0.2776
vt 2.5539 0.3234
vt 2.6043 0.3723
vt 2.6536 0.4245
vt 2.7017 0.4798
vt 2.7488 0.5384
vt 2.7946 0.6003
vt 2.8391 0.6653
vt 2.8823 0.7336
vt 2.9241 0.8050
vt 2.9643 0.8797
vt 3.0031 0.9577
vt 3.0402 1.0388
vt 3.0756 1.1232
vt 3.1093 1.2107
vt 3.1411 1.3016
vt 3.1711 1.3956
vt 3.1991 1.4929
vt 3.2252 1.5934
vt 3.2491 1.6971
vt 3.2709 1.8041
vt 3.2905 1.9142
vt 3.3078 2.0277
vt 3.3227 2.1443
vt 3.3353 2.2642
vt 3.3454 2.3873
vt 3.3529 2.5137
vt 3.3578 2.6433
vt 3.3601 2.7761
vt 3.3596 2.9121
vt 3.3563 3.0514
vt 3.3501 3.1940
vt 3.3280 3.1296
vt 3.3049 3.0666
vt 3.2808 3.0051
vt 3.2559 2.9451
vt 3.2301 2.8865
vt 3.2035 2.8294
vt 3.1760 2.7737
vt 3.1477 2.7195
vt 3.1186 2.6668
vt 3.0888 2.6155
vt 3.0582 2.5657
vt 3.0269 2.5173
vt 2.9949 2.4704
vt 2.9622 2.4249
vt 2.9288 2.3809
vt 2.8948 2.3383
vt 2.8602 2.2972
vt 2.8250 2.2576
vt 2.7892 2.2194
vt 2.7529 2.1826
vt 2.7160 2.1473
vt 2.6786 2.1134
vt 2.6408 2.0810
vt 2.6025 2.0500
vt 2.5637 2.0205
vt 2.5245 1.9924
vt 2.4849 1.9658
vt 2.4450 1.9406
vt 2.4047 1.9168
vt 2.3640 1.8945
vt 2.3231 1.8736
vt 2.2818 1.8542
vt 2.2403 1.8362
vt 2.1985 1.8196
vt 2.1565 1.8045
vt 2.1143 1.7908
vt 2.0719 1.7785
vt 2.0293 1.7677
vt 1.9867 1.7583
vt 1.9438 1.7503
vt 1.9009 1.7438
vt 1.8579 1.7387
vt 1.8149 1.7350
vt 1.7718 1.7328
vt 1.7288 1.7320
vt 1.6857 1.7326
vt 1.6426 1.7346
vt 1.5997 1.7381
vt 1.5568 1.7430
vt 1.5139 1.7493
vt 1.4712 1.7570
vt 1.4287 1.7662
vt 1.3863 1.7768
vt 1.3441 1.7888
vt 1.3021 1.8022
vt 1.2603 1.8170
vt 1.2188 1.8333
vt 1.1775 1.8509
vt 1.1366 1.8700
vt 1.0959 1.8905
vt 1.0556 1.9124
vt 1.0156 1.9358
vt 0.9761 1.9606
vt 0.9369 1.9867
vt 0.8981 2.0143
vt 0.8598 2.0433
vt 0.8219 2.0737
vt 0.7846 2.1054
vt 0.7477 2.1387
vt 0.7114 2.1733
vt 0.6756 2.2093
vt 0.6404 2.2467
vt 0.6058 2.2856
vt 0.5718 2.3258
vt 0.5384 2.3674
vt 0.5057 2.4105
vt 0.4737 2.4550
vt 0.4424 2.5008
vt 0.4118 2.5480
vt 0.3820 2.5967
vt 0.3529 2.6467
vt 0.3246 2.6982
vt 0.2971 2.7510
vt 0.2705 2.8053
vt 0.2447 2.8609
vt 0.2198 2.9179
vt 0.1957 2.9763
vt 0.1726 3.0361
vt 0.2415 2.9573
vt 0.2356 2.8259
vt 0.2325 2.6975
vt 0.2321 2.5720
vt 0.2342 2.4496
vt 0.2389 2.3302
vt 0.2460 2.2137
vt 0.2555 2.1002
vt 0.2673 1.9897
vt 0.2814 1.8822
vt 0.2977 1.7778
vt 0.3162 1.6763
vt 0.3368 1.5778
vt 0.3594 1.4823
vt 0.3839 1.3898
vt 0.4103 1.3002
vt 0.4386 1.2137
vt 0.4687 1.1302
vt 0.5004 1.0497
vt 0.5338 0.9722
vt 0.5688 0.8976
vt 0.6054 0.8261
vt 0.6433 0.7576
vt 0.6827 0.6921
vt 0.7235 0.6296
vt 0.7655 0.5701
vt 0.8087 0.5136
vt 0.8531 0.4601
vt 0.8985 0.4097
vt 0.9450 0.3622
vt 0.9925 0.3177
vt 1.0408 0.2763
vt 1.0900 0.2379
vt 1.1400 0.2024
vt 1.1907 0.1700
vt 1.2420 0.1406
vt 1.2940 0.1142
vt 1.3464 0.0908
vt 1.3994 0.0705
vt 1.4527 0.0531
vt 1.5064 0.0388
vt 1.5603 0.0275
vt 1.6145 0.0192
vt 1.6688 0.0139
vt 1.7233 0.0117
vt 1.7777 0.0124
vt 1.8321 0.0162
vt 1.8865 0.0231
vt 1.9407 0.0329
vt 1.9946 0.0457
vt 2.0483 0.0616
vt 2.1016 0.0805
vt 2.1546 0.1025
vt 2.2070 0.1274
vt 2.2590 0.1554
vt 2.3103 0.1864
vt 2.3610 0.2205
vt 2.4110 0.2576
vt 2.4602 0.2977
vt 2.5085 0.3408
vt 2.5560 0.3870
vt 2.6025 0.4362
vt 2.6479 0.4884
vt 2.6923 0.5437
vt 2.7355 0.6020
vt 2.7775 0.6633
vt 2.8182 0.7277
vt 2.8576 0.7952
vt 2.8956 0.8656
vt 2.9322 0.9391
vt 2.9672 1.0156
vt 3.0006 1.0952
vt 3.0323 1.1778
vt 3.0624 1.2635
vt 3.0907 1.3522
vt 3.1171 1.4440
vt 3.1416 1.5387
vt 3.1642 1.6366
vt 3.1848 1.7375
vt 3.2032 1.8414
vt 3.2196 1.9484
vt 3.2337 2.0584
vt 3.2455 2.1715
vt 3.2550 2.2876
vt 3.2621 2.4068
vt 3.2668 2.5290
vt 3.2689 2.6543
vt 3.2684 2.7826
vt 3.2653 2.9140
vt 3.2595 3.0485
vt 3.2386 2.9877
vt 3.2168 2.9283
vt 3.1942 2.8703
vt 3.1707 2.8137
vt 3.1463 2.7584
vt 3.1212 2.7046
vt 3.0953 2.6521
vt 3.0686 2.6009
vt 3.0412 2.5512
vt 3.0130 2.5028
vt 2.9841 2.4558
vt 2.9546 2.4102
vt 2.9244 2.3660
vt 2.8936 2.3231
vt 2.8621 2.2816
vt 2.8300 2.2414
vt 2.7974 2.2026
vt 2.7642 2.1652
vt 2.7304 2.1292
vt 2.6961 2.0945
vt 2.6614 2.0612
vt 2.6261 2.0293
vt 2.5904 1.9987
vt 2.5543 1.9695
vt 2.5177 1.9416
vt 2.4808 1.9151
vt 2.4434 1.8900
vt 2.4057 1.8662
vt 2.3677 1.8438
vt 2.3294 1.8228
vt 2.2907 1.8031
vt 2.2518 1.7847
vt 2.2127 1.7677
vt 2.1733 1.7521
vt 2.1336 1.7378
vt 2.0938 1.7249
vt 2.0538 1.7134
vt 2.0137 1.7031
vt 1.9734 1.6943
vt 1.9330 1.6868
vt 1.8926 1.6806
vt 1.8520 1.6758
vt 1.8114 1.6723
vt 1.7708 1.6702
vt 1.7302 1.6695
vt 1.6896 1.6700
vt 1.6489 1.6720
vt 1.6084 1.6752
vt 1.5679 1.6798
vt 1.5275 1.6858
vt 1.4873 1.6931
vt 1.4471 1.7017
vt 1.4072 1.7117
vt 1.3673 1.7230
vt 1.3277 1.7357
vt 1.2883 1.7497
vt 1.2491 1.7650
vt 1.2103 1.7817
vt 1.1716 1.7997
vt 1.1333 1.8190
vt 1.0952 1.8397
vt 1.0575 1.8617
vt 1.0202 1.8851
vt 0.9832 1.9097
vt 0.9467 1.9357
vt 0.9105 1.9631
vt 0.8748 1.9917
vt 0.8396 2.0217
vt 0.8048 2.0531
vt 0.7706 2.0857
vt 0.7368 2.1197
vt 0.7036 2.1550
vt 0.6710 2.1916
vt 0.6389 2.2296
vt 0.6074 2.2689
vt 0.5766 2.3095
vt 0.5464 2.3514
vt 0.5168 2.3946
vt 0.4880 2.4392
vt 0.4598 2.4851
vt 0.4324 2.5323
vt 0.4057 2.5808
vt 0.3798 2.6307
vt 0.3547 2.6818
vt 0.3303 2.7343
vt 0.3068 2.7881
vt 0.2842 2.8432
vt 0.2624 2.8996
vt 0.3529 2.7964
vt 0.3475 2.6747
vt 0.3446 2.5557
vt 0.3442 2.4395
vt 0.3462 2.3261
vt 0.3505 2.2155
vt 0.3571 2.1076
vt 0.3659 2.0025
vt 0.3768 1.9001
vt 0.3899 1.8006
vt 0.4050 1.7038
vt 0.4221 1.6097
vt 0.4412 1.5185
vt 0.4621 1.4300
vt 0.4848 1.3443
vt 0.5093 1.2614
vt 0.5355 1.1813
vt 0.5633 1.1039
vt 0.5928 1.0293
vt 0.6237 0.9575
vt 0.6561 0.8885
vt 0.6900 0.8223
vt 0.7252 0.7588
vt 0.7616 0.6981
vt 0.7994 0.6402
vt 0.8383 0.5851
vt 0.8783 0.5328
vt 0.9194 0.4832
vt 0.9615 0.4365
vt 1.0046 0.3925
vt 1.0486 0.3513
vt 1.0934 0.3129
vt 1.1389 0.2773
vt 1.1852 0.2445
vt 1.2322 0.2145
vt 1.2797 0.1872
vt 1.3278 0.1628
vt 1.3764 0.1411
vt 1.4255 0.1223
vt 1.4749 0.1062
vt 1.5246 0.0930
vt 1.5746 0.0825
vt 1.6248 0.0748
vt 1.6751 0.0699
vt 1.7255 0.0678
vt 1.7759 0.0685
vt 1.8264 0.0720
vt 1.8767 0.0783
vt 1.9269 0.0875
vt 1.9769 0.0994
vt 2.0266 0.1141
vt 2.0760 0.1316
vt 2.1250 0.1519
vt 2.1736 0.1750
vt 2.2217 0.2010
vt 2.2693 0.2297
vt 2.3163 0.2612
vt 2.3626 0.2956
vt 2.4081 0.3327
vt 2.4529 0.3727
vt 2.4968 0.4155
vt 2.5399 0.4610
vt 2.5820 0.5094
vt 2.6231 0.5606
vt 2.6632 0.6146
vt 2.7021 0.6715
vt 2.7398 0.7311
vt 2.7763 0.7935
vt 2.8115 0.8588
vt 2.8453 0.9269
vt 2.8777 0.9978
vt 2.9087 1.0715
vt 2.9381 1.1480
vt 2.9659 1.2274
vt 2.9921 1.3096
vt 3.0166 1.3945
vt 3.0394 1.4824
vt 3.0603 1.5730
vt 3.0793 1.6664
vt 3.0964 1.7627
vt 3.1115 1.8618
vt 3.1246 1.9637
vt 3.1356 2.0685
vt 3.1444 2.1760
vt 3.1510 2.2864
vt 3.1553 2.3997
vt 3.1572 2.5157
vt 3.1568 2.6346
vt 3.1540 2.7563
vt 3.1486 2.8808
vt 3.1292 2.8245
vt 3.1090 2.7695
vt 3.0880 2.7158
vt 3.0662 2.6633
vt 3.0437 2.6122
vt 3.0204 2.5623
vt 2.9964 2.5136
vt 2.9717 2.4663
vt 2.9463 2.4202
vt 2.9202 2.3754
vt 2.8935 2.3319
vt 2.8661 2.2896
vt 2.8381 2.2486
vt 2.8096 2.2089
vt 2.7804 2.1704
vt 2.7507 2.1332
vt 2.7205 2.0973
vt 2.6897 2.0627
vt 2.6585 2.0293
vt 2.6267 1.9972
vt 2.5945 1.9663
vt 2.5619 1.9367
vt 2.5288 1.9084
vt 2.4953 1.8813
vt 2.4614 1.8555
vt 2.4272 1.8310
vt 2.3926 1.8077
vt 2.3577 1.7857
vt 2.3225 1.7649
vt 2.2870 1.7454
vt 2.2512 1.7272
vt 2.2151 1.7102
vt 2.1788 1.6945
vt 2.1423 1.6800
vt 2.1056 1.6668
vt 2.0688 1.6548
vt 2.0317 1.6441
vt 1.9945 1.6346
vt 1.9572 1.6264
vt 1.9198 1.6195
vt 1.8823 1.6138
vt 1.8448 1.6093
vt 1.8072 1.6061
vt 1.7695 1.6041
vt 1.7319 1.6034
vt 1.6943 1.6040
vt 1.6567 1.6058
vt 1.6191 1.6088
vt 1.5816 1.6130
vt 1.5442 1.6186
vt 1.5069 1.6253
vt 1.4697 1.6333
vt 1.4327 1.6426
vt 1.3958 1.6530
vt 1.3591 1.6648
vt 1.3226 1.6778
vt 1.2863 1.6920
vt 1.2503 1.7074
vt 1.2145 1.7241
vt 1.1790 1.7420
vt 1.1438 1.7611
vt 1.1088 1.7815
vt 1.0742 1.8032
vt 1.0400 1.8260
vt 1.0062 1.8501
vt 0.9727 1.8754
vt 0.9396 1.9020
vt 0.9070 1.9298
vt 0.8747 1.9588
vt 0.8430 1.9890
vt 0.8117 2.0205
vt 0.7810 2.0532
vt 0.7507 2.0871
vt 0.7210 2.1223
vt 0.6919 2.1587
vt 0.6633 2.1963
vt 0.6353 2.2351
vt 0.6080 2.2752
vt 0.5812 2.3165
vt 0.5552 2.3590
vt 0.5298 2.4027
vt 0.5050 2.4476
vt 0.4810 2.4938
vt 0.4577 2.5412
vt 0.4352 2.5898
vt 0.4134 2.6396
vt 0.3925 2.6907
vt 0.3723 2.7429
vt 0.4832 2.6168
vt 0.4784 2.5064
vt 0.4757 2.3985
vt 0.4754 2.2931
vt 0.4771 2.1902
vt 0.4811 2.0899
vt 0.4870 1.9920
vt 0.4950 1.8967
vt 0.5050 1.8039
vt 0.5168 1.7136
vt 0.5305 1.6258
vt 0.5460 1.5405
vt 0.5633 1.4578
vt 0.5823 1.3776
vt 0.6029 1.2998
vt 0.6251 1.2246
vt 0.6489 1.1519
vt 0.6741 1.0818
vt 0.7008 1.0141
vt 0.7289 0.9490
vt 0.7583 0.8864
vt 0.7890 0.8263
vt 0.8209 0.7688
vt 0.8540 0.7137
vt 0.8882 0.6612
vt 0.9235 0.6112
vt 0.9598 0.5638
vt 0.9970 0.5189
vt 1.0353 0.4764
vt 1.0743 0.4365
vt 1.1142 0.3992
vt 1.1548 0.3644
vt 1.1961 0.3321
vt 1.2381 0.3023
vt 1.2807 0.2751
vt 1.3238 0.2504
vt 1.3675 0.2282
vt 1.4115 0.2086
vt 1.4560 0.1915
vt 1.5008 0.1769
vt 1.5459 0.1649
vt 1.5912 0.1554
vt 1.6367 0.1484
vt 1.6824 0.1440
vt 1.7281 0.1421
vt 1.7739 0.1427
vt 1.8196 0.1459
vt 1.8653 0.1516
vt 1.9108 0.1599
vt 1.9561 0.1707
vt 2.0012 0.1840
vt 2.0460 0.1999
vt 2.0905 0.2183
vt 2.1345 0.2393
vt 2.1782 0.2628
vt 2.2213 0.2889
vt 2.2639 0.3175
vt 2.3059 0.3487
vt 2.3472 0.3824
vt 2.3878 0.4186
vt 2.4277 0.4574
vt 2.4668 0.4987
vt 2.5050 0.5426
vt 2.5422 0.5890
vt 2.5785 0.6380
vt 2.6138 0.6896
vt 2.6480 0.7437
vt 2.6811 0.8003
vt 2.7131 0.8595
vt 2.7437 0.9212
vt 2.7731 0.9855
vt 2.8012 1.0524
vt 2.8279 1.1218
vt 2.8531 1.1938
vt 2.8769 1.2683
vt 2.8991 1.3454
vt 2.9197 1.4250
vt 2.9387 1.5072
vt 2.9560 1.5919
vt 2.9715 1.6793
vt 2.9852 1.7691
vt 2.9971 1.8616
vt 3.0070 1.9566
vt 3.0150 2.0541
vt 3.0210 2.1543
vt 3.0248 2.2569
vt 3.0266 2.3622
vt 3.0263 2.4700
vt 3.0236 2.5804
vt 3.0188 2.6934
vt 3.0012 2.6423
vt 2.9829 2.5924
vt 2.9638 2.5437
vt 2.9441 2.4961
vt 2.9237 2.4497
vt 2.9026 2.4044
vt 2.8808 2.3603
vt 2.8584 2.3174
vt 2.8353 2.2756
vt 2.8117 2.2349
vt 2.7874 2.1955
vt 2.7626 2.1571
vt 2.7372 2.1199
vt 2.7113 2.0839
vt 2.6849 2.0490
vt 2.6579 2.0153
vt 2.6305 1.9828
vt 2.6026 1.9513
vt 2.5743 1.9210
vt 2.5455 1.8919
vt 2.5163 1.8639
vt 2.4867 1.8371
vt 2.4567 1.8114
vt 2.4263 1.7869
vt 2.3956 1.7635
vt 2.3645 1.7412
vt 2.3332 1.7201
vt 2.3015 1.7001
vt 2.2696 1.6813
vt 2.2373 1.6636
vt 2.2049 1.6471
vt 2.1722 1.6316
vt 2.1393 1.6174
vt 2.1062 1.6043
vt 2.0729 1.5923
vt 2.0394 1.5814
vt 2.0059 1.5717
vt 1.9721 1.5631
vt 1.9383 1.5557
vt 1.9044 1.5494
vt 1.8704 1.5442
vt 1.8363 1.5401
vt 1.8022 1.5372
vt 1.7681 1.5354
vt 1.7339 1.5348
vt 1.6998 1.5353
vt 1.6657 1.5369
vt 1.6316 1.5397
vt 1.5976 1.5435
vt 1.5637 1.5485
vt 1.5299 1.5547
vt 1.4962 1.5619
vt 1.4626 1.5703
vt 1.4291 1.5798
vt 1.3958 1.5904
vt 1.3627 1.6022
vt 1.3298 1.6151
vt 1.2971 1.6291
vt 1.2647 1.6442
vt 1.2325 1.6605
vt 1.2005 1.6778
vt 1.1688 1.6963
vt 1.1375 1.7159
vt 1.1064 1.7367
vt 1.0757 1.7585
vt 1.0454 1.7815
vt 1.0153 1.8056
vt 0.9857 1.8308
vt 0.9565 1.8571
vt 0.9277 1.8845
vt 0.8994 1.9131
vt 0.8715 1.9427
vt 0.8441 1.9735
vt 0.8171 2.0054
vt 0.7907 2.0384
vt 0.7648 2.0725
vt 0.7394 2.1077
vt 0.7146 2.1441
vt 0.6903 2.1815
vt 0.6667 2.2200
vt 0.6437 2.2597
vt 0.6212 2.3005
vt 0.5995 2.3423
vt 0.5783 2.3853
vt 0.5579 2.4294
vt 0.5381 2.4746
vt 0.5191 2.5209
vt 0.5008 2.5683
vt 0.6307 2.4208
vt 0.6264 2.3232
vt 0.6241 2.2279
vt 0.6238 2.1347
vt 0.6254 2.0438
vt 0.6288 1.9551
vt 0.6341 1.8686
vt 0.6411 1.7844
vt 0.6499 1.7023
vt 0.6604 1.6225
vt 0.6725 1.5449
vt 0.6863 1.4695
vt 0.7015 1.3964
vt 0.7183 1.3255
vt 0.7365 1.2568
vt 0.7561 1.1903
vt 0.7771 1.1261
vt 0.7994 1.0641
vt 0.8230 1.0043
vt 0.8478 0.9467
vt 0.8738 0.8914
vt 0.9010 0.8383
vt 0.9292 0.7874
vt 0.9584 0.7387
vt 0.9887 0.6923
vt 1.0199 0.6482
vt 1.0519 0.6062
vt 1.0849 0.5665
vt 1.1187 0.5290
vt 1.1532 0.4938
vt 1.1884 0.4607
vt 1.2243 0.4299
vt 1.2609 0.4014
vt 1.2980 0.3751
vt 1.3356 0.3510
vt 1.3737 0.3292
vt 1.4123 0.3096
vt 1.4512 0.2922
vt 1.4906 0.2771
vt 1.5302 0.2642
vt 1.5700 0.2536
vt 1.6101 0.2452
vt 1.6503 0.2391
vt 1.6907 0.2351
vt 1.7311 0.2335
vt 1.7715 0.2340
vt 1.8119 0.2369
vt 1.8523 0.2419
vt 1.8925 0.2492
vt 1.9326 0.2588
vt 1.9725 0.2706
vt 2.0121 0.2846
vt 2.0514 0.3009
vt 2.0903 0.3194
vt 2.1289 0.3402
vt 2.1670 0.3632
vt 2.2047 0.3885
vt 2.2418 0.4160
vt 2.2783 0.4458
vt 2.3142 0.4779
vt 2.3495 0.5121
vt 2.3840 0.5487
vt 2.4177 0.5875
vt 2.4507 0.6285
vt 2.4828 0.6718
vt 2.5140 0.7174
vt 2.5442 0.7652
vt 2.5735 0.8153
vt 2.6017 0.8676
vt 2.6288 0.9221
vt 2.6548 0.9790
vt 2.6796 1.0381
vt 2.7032 1.0994
vt 2.7255 1.1630
vt 2.7465 1.2289
vt 2.7661 1.2970
vt 2.7843 1.3674
vt 2.8011 1.4401
vt 2.8164 1.5150
vt 2.8301 1.5922
vt 2.8422 1.6716
vt 2.8527 1.7533
vt 2.8615 1.8373
vt 2.8685 1.9235
vt 2.8738 2.0120
vt 2.8773 2.1028
vt 2.8788 2.1958
vt 2.8785 2.2911
vt 2.8762 2.3887
vt 2.8719 2.4885
vt 2.8563 2.4434
vt 2.8402 2.3993
vt 2.8233 2.3562
vt 2.8059 2.3142
vt 2.7878 2.2731
vt 2.7692 2.2331
vt 2.7499 2.1942
vt 2.7301 2.1562
vt 2.7097 2.1193
vt 2.6888 2.0833
vt 2.6674 2.0484
vt 2.6454 2.0145
vt 2.6230 1.9817
vt 2.6001 1.9499
vt 2.5768 1.9190
vt 2.5530 1.8892
vt 2.5287 1.8604
vt 2.5040 1.8326
vt 2.4790 1.8059
vt 2.4535 1.7801
vt 2.4277 1.7554
vt 2.4015 1.7317
vt 2.3750 1.7090
vt 2.3482 1.6873
vt 2.3211 1.6666
vt 2.2936 1.6469
vt 2.2659 1.6282
vt 2.2379 1.6106
vt 2.2096 1.5940
vt 2.1812 1.5783
vt 2.1525 1.5637
vt 2.1236 1.5501
vt 2.0945 1.5375
vt 2.0652 1.5259
vt 2.0358 1.5153
vt 2.0063 1.5057
vt 1.9766 1.4971
vt 1.9468 1.4895
vt 1.9169 1.4829
vt 1.8869 1.4773
vt 1.8568 1.4728
vt 1.8267 1.4692
vt 1.7966 1.4666
vt 1.7664 1.4650
vt 1.7362 1.4645
vt 1.7061 1.4649
vt 1.6759 1.4664
vt 1.6458 1.4688
vt 1.6158 1.4722
vt 1.5858 1.4766
vt 1.5559 1.4820
vt 1.5260 1.4885
vt 1.4964 1.4959
vt 1.4668 1.5043
vt 1.4374 1.5137
vt 1.4081 1.5241
vt 1.3790 1.5354
vt 1.3501 1.5478
vt 1.3214 1.5612
vt 1.2930 1.5756
vt 1.2647 1.5909
vt 1.2367 1.6073
vt 1.2090 1.6246
vt 1.1816 1.6429
vt 1.1544 1.6622
vt 1.1276 1.6825
vt 1.1011 1.7038
vt 1.0749 1.7261
vt 1.0491 1.7493
vt 1.0236 1.7736
vt 0.9986 1.7988
vt 0.9739 1.8251
vt 0.9497 1.8522
vt 0.9259 1.8804
vt 0.9025 1.9096
vt 0.8796 1.9398
vt 0.8572 1.9709
vt 0.8352 2.0030
vt 0.8138 2.0361
vt 0.7929 2.0702
vt 0.7725 2.1052
vt 0.7527 2.1412
vt 0.7335 2.1782
vt 0.7148 2.2163
vt 0.6967 2.2552
vt 0.6793 2.2951
vt 0.6625 2.3361
vt 0.6463 2.3779
vt 0.7934 2.2112
vt 0.7897 2.1278
vt 0.7878 2.0462
vt 0.7875 1.9666
vt 0.7888 1.8888
vt 0.7918 1.8130
vt 0.7963 1.7390
vt 0.8023 1.6670
vt 0.8098 1.5968
vt 0.8188 1.5286
vt 0.8292 1.4622
vt 0.8409 1.3978
vt 0.8539 1.3352
vt 0.8683 1.2746
vt 0.8839 1.2158
vt 0.9006 1.1590
vt 0.9186 1.1040
vt 0.9377 1.0510
vt 0.9579 0.9999
vt 0.9791 0.9506
vt 1.0013 0.9033
vt 1.0245 0.8579
vt 1.0486 0.8144
vt 1.0736 0.7728
vt 1.0995 0.7331
vt 1.1262 0.6953
vt 1.1536 0.6595
vt 1.1818 0.6255
vt 1.2107 0.5935
vt 1.2402 0.5633
vt 1.2703 0.5351
vt 1.3010 0.5088
vt 1.3322 0.4844
vt 1.3640 0.4619
vt 1.3962 0.4413
vt 1.4288 0.4226
vt 1.4618 0.4058
vt 1.4951 0.3910
vt 1.5287 0.3781
vt 1.5626 0.3670
vt 1.5966 0.3579
vt 1.6309 0.3508
vt 1.6653 0.3455
vt 1.6998 0.3422
vt 1.7344 0.3407
vt 1.7690 0.3412
vt 1.8035 0.3436
vt 1.8380 0.3479
vt 1.8724 0.3542
vt 1.9067 0.3624
vt 1.9408 0.3725
vt 1.9746 0.3845
vt 2.0082 0.3984
vt 2.0416 0.4142
vt 2.0745 0.4320
vt 2.1071 0.4517
vt 2.1393 0.4733
vt 2.1711 0.4969
vt 2.2023 0.5223
vt 2.2330 0.5497
vt 2.2631 0.5790
vt 2.2927 0.6103
vt 2.3215 0.6435
vt 2.3497 0.6786
vt 2.3771 0.7156
vt 2.4038 0.7545
vt 2.4297 0.7954
vt 2.4547 0.8383
vt 2.4788 0.8830
vt 2.5020 0.9296
vt 2.5242 0.9782
vt 2.5455 1.0288
vt 2.5656 1.0813
vt 2.5847 1.1356
vt 2.6027 1.1920
vt 2.6195 1.2502
vt 2.6350 1.3104
vt 2.6494 1.3725
vt 2.6624 1.4366
vt 2.6742 1.5026
vt 2.6845 1.5705
vt 2.6935 1.6404
vt 2.7010 1.7122
vt 2.7070 1.7860
vt 2.7115 1.8617
vt 2.7145 1.9393
vt 2.7159 2.0188
vt 2.7156 2.1003
vt 2.7136 2.1837
vt 2.7099 2.2691
vt 2.6966 2.2305
vt 2.6828 2.1928
vt 2.6684 2.1560
vt 2.6535 2.1200
vt 2.6380 2.0849
vt 2.6221 2.0507
vt 2.6056 2.0174
vt 2.5886 1.9849
vt 2.5712 1.9533
vt 2.5534 1.9226
vt 2.5350 1.8928
vt 2.5163 1.8638
vt 2.4971 1.8357
vt 2.4775 1.8085
vt 2.4575 1.7821
vt 2.4372 1.7566
vt 2.4164 1.7320
vt 2.3953 1.7083
vt 2.3739 1.6854
vt 2.3522 1.6634
vt 2.3301 1.6422
vt 2.3077 1.6219
vt 2.2850 1.6025
vt 2.2621 1.5839
vt 2.2389 1.5662
vt 2.2154 1.5494
vt 2.1917 1.5335
vt 2.1677 1.5184
vt 2.1436 1.5041
vt 2.1193 1.4908
vt 2.0947 1.4783
vt 2.0700 1.4666
vt 2.0451 1.4559
vt 2.0201 1.4459
vt 1.9950 1.4368
vt 1.9697 1.4286
vt 1.9443 1.4213
vt 1.9188 1.4148
vt 1.8932 1.4092
vt 1.8676 1.4044
vt 1.8419 1.4005
vt 1.8161 1.3975
vt 1.7904 1.3953
vt 1.7646 1.3939
vt 1.7388 1.3934
vt 1.7129 1.3938
vt 1.6872 1.3950
vt 1.6614 1.3971
vt 1.6357 1.4000
vt 1.6101 1.4038
vt 1.5845 1.4084
vt 1.5590 1.4139
vt 1.5336 1.4203
vt 1.5084 1.4275
vt 1.4832 1.4355
vt 1.4582 1.4444
vt 1.4333 1.4541
vt 1.4086 1.4647
vt 1.3841 1.4761
vt 1.3597 1.4884
vt 1.3356 1.5015
vt 1.3116 1.5155
vt 1.2879 1.5303
vt 1.2645 1.5460
vt 1.2412 1.5625
vt 1.2183 1.5799
vt 1.1956 1.5981
vt 1.1732 1.6171
vt 1.1512 1.6370
vt 1.1294 1.6578
vt 1.1080 1.6793
vt 1.0869 1.7018
vt 1.0661 1.7250
vt 1.0458 1.7491
vt 1.0258 1.7741
vt 1.0062 1.7998
vt 0.9870 1.8265
vt 0.9683 1.8539
vt 0.9500 1.8822
vt 0.9321 1.9114
vt 0.9147 1.9413
vt 0.8977 1.9722
vt 0.8813 2.0038
vt 0.8653 2.0363
vt 0.8498 2.0696
vt 0.8349 2.1038
vt 0.8205 2.1387
vt 0.8067 2.1746
vt 0.9691 1.9908
vt 0.9660 1.9226
vt 0.9644 1.8560
vt 0.9642 1.7909
vt 0.9653 1.7274
vt 0.9677 1.6654
vt 0.9714 1.6050
vt 0.9763 1.5461
vt 0.9825 1.4888
vt 0.9898 1.4330
vt 0.9983 1.3788
vt 1.0078 1.3261
vt 1.0185 1.2750
vt 1.0302 1.2254
vt 1.0430 1.1775
vt 1.0567 1.1310
vt 1.0714 1.0861
vt 1.0869 1.0428
vt 1.1034 1.0010
vt 1.1208 0.9608
vt 1.1389 0.9221
vt 1.1579 0.8850
vt 1.1776 0.8495
vt 1.1980 0.8155
vt 1.2191 0.7831
vt 1.2409 0.7522
vt 1.2634 0.7229
vt 1.2864 0.6951
vt 1.3100 0.6689
vt 1.3341 0.6443
vt 1.3587 0.6212
vt 1.3838 0.5997
vt 1.4093 0.5798
vt 1.4353 0.5614
vt 1.4616 0.5446
vt 1.4882 0.5293
vt 1.5152 0.5156
vt 1.5424 0.5035
vt 1.5698 0.4929
vt 1.5975 0.4839
vt 1.6254 0.4765
vt 1.6534 0.4706
vt 1.6815 0.4663
vt 1.7097 0.4636
vt 1.7379 0.4624
vt 1.7662 0.4628
vt 1.7944 0.4648
vt 1.8226 0.4683
vt 1.8507 0.4734
vt 1.8787 0.4801
vt 1.9065 0.4883
vt 1.9342 0.4982
vt 1.9617 0.5095
vt 1.9889 0.5225
vt 2.0159 0.5370
vt 2.0425 0.5531
vt 2.0688 0.5708
vt 2.0947 0.5900
vt 2.1202 0.6108
vt 2.1454 0.6332
vt 2.1700 0.6572
vt 2.1941 0.6827
vt 2.2177 0.7098
vt 2.2407 0.7385
vt 2.2631 0.7687
vt 2.2849 0.8006
vt 2.3060 0.8340
vt 2.3265 0.8689
vt 2.3462 0.9055
vt 2.3651 0.9436
vt 2.3833 0.9833
vt 2.4006 1.0246
vt 2.4171 1.0675
vt 2.4327 1.1119
vt 2.4474 1.1580
vt 2.4611 1.2056
vt 2.4738 1.2548
vt 2.4855 1.3055
vt 2.4962 1.3579
vt 2.5058 1.4118
vt 2.5143 1.4673
vt 2.5216 1.5244
vt 2.5277 1.5831
vt 2.5327 1.6433
vt 2.5363 1.7051
vt 2.5387 1.7686
vt 2.5399 1.8336
vt 2.5396 1.9002
vt 2.5380 1.9683
vt 2.5350 2.0381
vt 2.5242 2.0066
vt 2.5128 1.9757
vt 2.5011 1.9457
vt 2.4889 1.9163
vt 2.4763 1.8876
vt 2.4632 1.8597
vt 2.4498 1.8324
vt 2.4359 1.8059
vt 2.4217 1.7801
vt 2.4071 1.7550
vt 2.3921 1.7306
vt 2.3768 1.7069
vt 2.3611 1.6840
vt 2.3451 1.6617
vt 2.3288 1.6402
vt 2.3121 1.6193
vt 2.2952 1.5992
vt 2.2780 1.5798
vt 2.2605 1.5611
vt 2.2427 1.5431
vt 2.2247 1.5258
vt 2.2064 1.5093
vt 2.1878 1.4934
vt 2.1691 1.4782
vt 2.1501 1.4638
vt 2.1309 1.4501
vt 2.1116 1.4370
vt 2.0920 1.4247
vt 2.0723 1.4130
vt 2.0524 1.4021
vt 2.0324 1.3919
vt 2.0122 1.3824
vt 1.9918 1.3736
vt 1.9714 1.3655
vt 1.9508 1.3581
vt 1.9302 1.3514
vt 1.9094 1.3454
vt 1.8886 1.3400
vt 1.8677 1.3355
vt 1.8468 1.3316
vt 1.8257 1.3284
vt 1.8047 1.3259
vt 1.7836 1.3241
vt 1.7626 1.3230
vt 1.7415 1.3226
vt 1.7204 1.3229
vt 1.6993 1.3239
vt 1.6783 1.3256
vt 1.6573 1.3280
vt 1.6363 1.3311
vt 1.6155 1.3348
vt 1.5946 1.3393
vt 1.5739 1.3445
vt 1.5532 1.3504
vt 1.5327 1.3570
vt 1.5122 1.3642
vt 1.4919 1.3721
vt 1.4717 1.3808
vt 1.4517 1.3901
vt 1.4318 1.4002
vt 1.4120 1.4109
vt 1.3925 1.4223
vt 1.3731 1.4344
vt 1.3539 1.4472
vt 1.3350 1.4607
vt 1.3162 1.4749
vt 1.2977 1.4898
vt 1.2794 1.5054
vt 1.2614 1.5216
vt 1.2436 1.5386
vt 1.2261 1.5562
vt 1.2088 1.5745
vt 1.1919 1.5935
vt 1.1753 1.6132
vt 1.1589 1.6336
vt 1.1429 1.6547
vt 1.1273 1.6764
vt 1.1119 1.6988
vt 1.0970 1.7220
vt 1.0824 1.7458
vt 1.0681 1.7703
vt 1.0543 1.7954
vt 1.0408 1.8213
vt 1.0278 1.8478
vt 1.0152 1.8751
vt 1.0030 1.9030
vt 0.9912 1.9316
vt 0.9799 1.9608
vt 1.1553 1.7625
vt 1.1530 1.7105
vt 1.1518 1.6597
vt 1.1516 1.6101
vt 1.1524 1.5616
vt 1.1543 1.5144
vt 1.1571 1.4683
vt 1.1608 1.4234
vt 1.1655 1.3797
vt 1.1711 1.3371
vt 1.1776 1.2958
vt 1.1849 1.2556
vt 1.1930 1.2167
vt 1.2020 1.1788
vt 1.2117 1.1422
vt 1.2221 1.1068
vt 1.2333 1.0726
vt 1.2452 1.0395
vt 1.2578 1.0077
vt 1.2710 0.9770
vt 1.2848 0.9475
vt 1.2993 0.9192
vt 1.3143 0.8921
vt 1.3299 0.8662
vt 1.3460 0.8415
vt 1.3627 0.8179
vt 1.3798 0.7956
vt 1.3973 0.7744
vt 1.4153 0.7544
vt 1.4337 0.7357
vt 1.4525 0.7181
vt 1.4716 0.7017
vt 1.4911 0.6864
vt 1.5109 0.6724
vt 1.5309 0.6596
vt 1.5512 0.6480
vt 1.5718 0.6375
vt 1.5925 0.6283
vt 1.6135 0.6202
vt 1.6346 0.6133
vt 1.6558 0.6077
vt 1.6772 0.6032
vt 1.6986 0.5999
vt 1.7201 0.5978
vt 1.7416 0.5969
vt 1.7632 0.5973
vt 1.7847 0.5988
vt 1.8062 0.6015
vt 1.8277 0.6053
vt 1.8490 0.6104
vt 1.8703 0.6167
vt 1.8914 0.6242
vt 1.9123 0.6329
vt 1.9331 0.6427
vt 1.9536 0.6538
vt 1.9740 0.6661
vt 1.9940 0.6796
vt 2.0138 0.6942
vt 2.0332 0.7101
vt 2.0524 0.7272
vt 2.0711 0.7455
vt 2.0896 0.7649
vt 2.1075 0.7856
vt 2.1251 0.8075
vt 2.1422 0.8305
vt 2.1588 0.8548
vt 2.1749 0.8803
vt 2.1905 0.9070
vt 2.2056 0.9348
vt 2.2200 0.9639
vt 2.2338 0.9942
vt 2.2471 1.0257
vt 2.2597 1.0584
vt 2.2715 1.0923
vt 2.2827 1.1274
vt 2.2932 1.1637
vt 2.3029 1.2012
vt 2.3118 1.2399
vt 2.3200 1.2798
vt 2.3273 1.3210
vt 2.3337 1.3633
vt 2.3393 1.4068
vt 2.3440 1.4516
vt 2.3478 1.4975
vt 2.3506 1.5447
vt 2.3524 1.5931
vt 2.3533 1.6426
vt 2.3531 1.6934
vt 2.3518 1.7454
vt 2.3495 1.7986
vt 2.3413 1.7746
vt 2.3327 1.7510
vt 2.3237 1.7281
vt 2.3144 1.7057
vt 2.3047 1.6838
vt 2.2948 1.6625
vt 2.2845 1.6417
vt 2.2740 1.6215
vt 2.2631 1.6018
vt 2.2520 1.5827
vt 2.2406 1.5641
vt 2.2289 1.5460
vt 2.2169 1.5285
vt 2.2047 1.5116
vt 2.1923 1.4951
vt 2.1796 1.4792
vt 2.1667 1.4639
vt 2.1535 1.4491
vt 2.1402 1.4348
vt 2.1266 1.4211
vt 2.1129 1.4079
vt 2.0989 1.3953
vt 2.0848 1.3832
vt 2.0705 1.3716
vt 2.0560 1.3606
vt 2.0414 1.3501
vt 2.0266 1.3402
vt 2.0117 1.3308
vt 1.9967 1.3219
vt 1.9815 1.3136
vt 1.9662 1.3058
vt 1.9508 1.2985
vt 1.9353 1.2918
vt 1.9197 1.2856
vt 1.9040 1.2800
vt 1.8883 1.2749
vt 1.8725 1.2703
vt 1.8566 1.2663
vt 1.8406 1.2627
vt 1.8247 1.2598
vt 1.8087 1.2573
vt 1.7926 1.2554
vt 1.7765 1.2541
vt 1.7605 1.2532
vt 1.7444 1.2529
vt 1.7283 1.2531
vt 1.7123 1.2539
vt 1.6962 1.2552
vt 1.6802 1.2570
vt 1.6642 1.2594
vt 1.6483 1.2623
vt 1.6324 1.2657
vt 1.6166 1.2696
vt 1.6008 1.2741
vt 1.5851 1.2791
vt 1.5695 1.2847
vt 1.5540 1.2907
vt 1.5387 1.2973
vt 1.5234 1.3045
vt 1.5082 1.3121
vt 1.4931 1.3203
vt 1.4782 1.3290
vt 1.4634 1.3382
vt 1.4488 1.3480
vt 1.4344 1.3583
vt 1.4201 1.3691
vt 1.4059 1.3805
vt 1.3920 1.3923
vt 1.3782 1.4047
vt 1.3647 1.4176
vt 1.3513 1.4311
vt 1.3382 1.4451
vt 1.3253 1.4595
vt 1.3126 1.4746
vt 1.3001 1.4901
vt 1.2879 1.5062
vt 1.2759 1.5228
vt 1.2643 1.5399
vt 1.2529 1.5575
vt 1.2417 1.5757
vt 1.2309 1.5943
vt 1.2203 1.6136
vt 1.2100 1.6333
vt 1.2001 1.6535
vt 1.1905 1.6743
vt 1.1812 1.6956
vt 1.1722 1.7174
vt 1.1636 1.7397
vt 1.3496 1.5295
vt 1.3481 1.4944
vt 1.3472 1.4601
vt 1.3471 1.4266
vt 1.3477 1.3938
vt 1.3489 1.3619
vt 1.3508 1.3308
vt 1.3534 1.3005
vt 1.3565 1.2710
vt 1.3603 1.2422
vt 1.3647 1.2143
vt 1.3696 1.1872
vt 1.3751 1.1609
vt 1.3811 1.1354
vt 1.3877 1.1106
vt 1.3947 1.0867
vt 1.4023 1.0636
vt 1.4103 1.0413
vt 1.4188 1.0198
vt 1.4278 0.9991
vt 1.4371 0.9791
vt 1.4469 0.9600
vt 1.4570 0.9417
vt 1.4675 0.9242
vt 1.4784 0.9075
vt 1.4896 0.8916
vt 1.5012 0.8765
vt 1.5131 0.8623
vt 1.5252 0.8488
vt 1.5376 0.8361
vt 1.5503 0.8242
vt 1.5632 0.8131
vt 1.5764 0.8028
vt 1.5897 0.7934
vt 1.6033 0.7847
vt 1.6170 0.7769
vt 1.6308 0.7698
vt 1.6449 0.7636
vt 1.6590 0.7581
vt 1.6733 0.7535
vt 1.6876 0.7497
vt 1.7020 0.7467
vt 1.7165 0.7444
vt 1.7310 0.7430
vt 1.7456 0.7424
vt 1.7601 0.7426
vt 1.7747 0.7437
vt 1.7892 0.7455
vt 1.8036 0.7481
vt 1.8181 0.7515
vt 1.8324 0.7558
vt 1.8467 0.7608
vt 1.8608 0.7667
vt 1.8748 0.7733
vt 1.8887 0.7808
vt 1.9024 0.7891
vt 1.9160 0.7982
vt 1.9293 0.8081
vt 1.9425 0.8188
vt 1.9554 0.8304
vt 1.9681 0.8427
vt 1.9805 0.8559
vt 1.9926 0.8698
vt 2.0045 0.8846
vt 2.0160 0.9002
vt 2.0273 0.9165
vt 2.0381 0.9338
vt 2.0487 0.9518
vt 2.0588 0.9706
vt 2.0686 0.9902
vt 2.0779 1.0107
vt 2.0869 1.0319
vt 2.0953 1.0540
vt 2.1034 1.0769
vt 2.1109 1.1006
vt 2.1180 1.1251
vt 2.1245 1.1504
vt 2.1306 1.1766
vt 2.1361 1.2035
vt 2.1410 1.2313
vt 2.1454 1.2599
vt 2.1491 1.2893
vt 2.1523 1.3195
vt 2.1548 1.3505
vt 2.1568 1.3824
vt 2.1580 1.4150
vt 2.1585 1.4485
vt 2.1584 1.4828
vt 2.1576 1.5179
vt 2.1561 1.5538
vt 2.1505 1.5376
vt 2.1446 1.5217
vt 2.1386 1.5062
vt 2.1323 1.4911
vt 2.1258 1.4764
vt 2.1191 1.4620
vt 2.1122 1.4479
vt 2.1050 1.4343
vt 2.0977 1.4210
vt 2.0902 1.4081
vt 2.0825 1.3955
vt 2.0746 1.3833
vt 2.0665 1.3715
vt 2.0583 1.3600
vt 2.0499 1.3489
vt 2.0413 1.3382
vt 2.0326 1.3278
vt 2.0237 1.3179
vt 2.0147 1.3082
vt 2.0055 1.2990
vt 1.9962 1.2901
vt 1.9868 1.2815
vt 1.9773 1.2734
vt 1.9676 1.2655
vt 1.9578 1.2581
vt 1.9480 1.2510
vt 1.9380 1.2443
vt 1.9279 1.2380
vt 1.9178 1.2320
vt 1.9075 1.2264
vt 1.8972 1.2211
vt 1.8868 1.2162
vt 1.8763 1.2116
vt 1.8658 1.2075
vt 1.8552 1.2037
vt 1.8446 1.2002
vt 1.8339 1.1971
vt 1.8232 1.1944
vt 1.8124 1.1920
vt 1.8016 1.1900
vt 1.7908 1.1884
vt 1.7800 1.1871
vt 1.7691 1.1862
vt 1.7583 1.1856
vt 1.7474 1.1854
vt 1.7366 1.1855
vt 1.7257 1.1860
vt 1.7149 1.1869
vt 1.7041 1.1882
vt 1.6933 1.1897
vt 1.6825 1.1917
vt 1.6718 1.1940
vt 1.6611 1.1967
vt 1.6505 1.1997
vt 1.6399 1.2031
vt 1.6293 1.2068
vt 1.6189 1.2109
vt 1.6085 1.2154
vt 1.5982 1.2202
vt 1.5879 1.2253
vt 1.5777 1.2309
vt 1.5677 1.2368
vt 1.5577 1.2430
vt 1.5478 1.2496
vt 1.5381 1.2565
vt 1.5284 1.2638
vt 1.5189 1.2715
vt 1.5094 1.2795
vt 1.5002 1.2879
vt 1.4910 1.2966
vt 1.4820 1.3057
vt 1.4731 1.3151
vt 1.4644 1.3249
vt 1.4558 1.3351
vt 1.4474 1.3455
vt 1.4392 1.3564
vt 1.4311 1.3676
vt 1.4232 1.3792
vt 1.4155 1.3911
vt 1.4080 1.4033
vt 1.4006 1.4159
vt 1.3935 1.4289
vt 1.3866 1.4422
vt 1.3799 1.4559
vt 1.3734 1.4699
vt 1.3671 1.4843
vt 1.3610 1.4990
vt 1.3552 1.5141
vt 1.5494 1.2949
vt 1.5486 1.2771
vt 1.5482 1.2597
vt 1.5481 1.2428
vt 1.5484 1.2263
vt 1.5491 1.2101
vt 1.5500 1.1944
vt 1.5513 1.1791
vt 1.5529 1.1641
vt 1.5548 1.1496
vt 1.5570 1.1355
vt 1.5595 1.1218
vt 1.5623 1.1085
vt 1.5653 1.0956
vt 1.5687 1.0831
vt 1.5722 1.0710
vt 1.5760 1.0593
vt 1.5801 1.0480
vt 1.5844 1.0371
vt 1.5889 1.0267
vt 1.5936 1.0166
vt 1.5986 1.0069
vt 1.6037 0.9977
vt 1.6090 0.9888
vt 1.6145 0.9804
vt 1.6202 0.9724
vt 1.6260 0.9647
vt 1.6320 0.9575
vt 1.6382 0.9507
vt 1.6444 0.9443
vt 1.6509 0.9383
vt 1.6574 0.9327
vt 1.6640 0.9275
vt 1.6708 0.9227
vt 1.6776 0.9183
vt 1.6846 0.9143
vt 1.6916 0.9108
vt 1.6987 0.9076
vt 1.7058 0.9049
vt 1.7130 0.9025
vt 1.7203 0.9006
vt 1.7276 0.8991
vt 1.7349 0.8979
vt 1.7422 0.8972
vt 1.7496 0.8969
vt 1.7569 0.8970
vt 1.7643 0.8975
vt 1.7716 0.8984
vt 1.7790 0.8998
vt 1.7862 0.9015
vt 1.7935 0.9037
vt 1.8007 0.9062
vt 1.8078 0.9092
vt 1.8149 0.9125
vt 1.8219 0.9163
vt 1.8289 0.9205
vt 1.8357 0.9251
vt 1.8425 0.9301
vt 1.8491 0.9355
vt 1.8557 0.9414
vt 1.8621 0.9476
vt 1.8683 0.9543
vt 1.8745 0.9613
vt 1.8805 0.9688
vt 1.8863 0.9767
vt 1.8920 0.9850
vt 1.8975 0.9936
vt 1.9028 1.0028
vt 1.9080 1.0123
vt 1.9129 1.0222
vt 1.9176 1.0326
vt 1.9221 1.0433
vt 1.9264 1.0545
vt 1.9305 1.0660
vt 1.9343 1.0780
vt 1.9379 1.0904
vt 1.9412 1.1032
vt 1.9442 1.1164
vt 1.9470 1.1300
vt 1.9495 1.1441
vt 1.9517 1.1585
vt 1.9536 1.1734
vt 1.9552 1.1887
vt 1.9565 1.2044
vt 1.9575 1.2205
vt 1.9581 1.2370
vt 1.9584 1.2539
vt 1.9583 1.2712
vt 1.9579 1.2890
vt 1.9571 1.3072
vt 1.9543 1.2990
vt 1.9513 1.2909
vt 1.9483 1.2831
vt 1.9451 1.2754
vt 1.9418 1.2680
vt 1.9384 1.2607
vt 1.9349 1.2536
vt 1.9313 1.2467
vt 1.9276 1.2400
vt 1.9238 1.2334
vt 1.9199 1.2271
vt 1.9159 1.2209
vt 1.9118 1.2149
vt 1.9077 1.2092
vt 1.9034 1.2035
vt 1.8991 1.1981
vt 1.8947 1.1929
vt 1.8902 1.1878
vt 1.8856 1.1830
vt 1.8810 1.1783
vt 1.8763 1.1738
vt 1.8716 1.1695
vt 1.8667 1.1654
vt 1.8618 1.1614
vt 1.8569 1.1576
vt 1.8519 1.1541
vt 1.8469 1.1507
vt 1.8418 1.1474
vt 1.8366 1.1444
vt 1.8315 1.1416
vt 1.8262 1.1389
vt 1.8210 1.1364
vt 1.8157 1.1341
vt 1.8104 1.1320
vt 1.8050 1.1301
vt 1.7996 1.1283
vt 1.7942 1.1268
vt 1.7888 1.1254
vt 1.7834 1.1242
vt 1.7779 1.1232
vt 1.7725 1.1224
vt 1.7670 1.1217
vt 1.7615 1.1213
vt 1.7560 1.1210
vt 1.7505 1.1209
vt 1.7450 1.1209
vt 1.7395 1.1212
vt 1.7341 1.1217
vt 1.7286 1.1223
vt 1.7231 1.1231
vt 1.7177 1.1241
vt 1.7123 1.1252
vt 1.7069 1.1266
vt 1.7015 1.1281
vt 1.6962 1.1298
vt 1.6908 1.1317
vt 1.6855 1.1338
vt 1.6803 1.1360
vt 1.6751 1.1385
vt 1.6699 1.1411
vt 1.6647 1.1439
vt 1.6597 1.1468
vt 1.6546 1.1500
vt 1.6496 1.1533
vt 1.6447 1.1568
vt 1.6398 1.1605
vt 1.6350 1.1644
vt 1.6302 1.1684
vt 1.6255 1.1727
vt 1.6209 1.1771
vt 1.6163 1.1817
vt 1.6118 1.1865
vt 1.6074 1.1914
vt 1.6031 1.1965
vt 1.5988 1.2018
vt 1.5947 1.2073
vt 1.5906 1.2130
vt 1.5866 1.2188
vt 1.5827 1.2248
vt 1.5789 1.2310
vt 1.5752 1.2374
vt 1.5716 1.2440
vt 1.5681 1.2507
vt 1.5647 1.2576
vt 1.5614 1.2647
vt 1.5582 1.2720
vt 1.5552 1.2794
vt 1.5522 1.2870
vt 1.7519 1.0617
vt 1.7519 1.0616
vt 1.7519 1.0614
vt 1.7519 1.0613
vt 1.7519 1.0612
vt 1.7519 1.0610
vt 1.7519 1.0609
vt 1.7520 1.0608
vt 1.7520 1.0606
vt 1.7520 1.0605
vt 1.7520 1.0604
vt 1.7520 1.0603
vt 1.7521 1.0601
vt 1.7521 1.0600
vt 1.7521 1.0599
vt 1.7521 1.0598
vt 1.7522 1.0597
vt 1.7522 1.0596
vt 1.7522 1.0595
vt 1.7523 1.0595
vt 1.7523 1.0594
vt 1.7524 1.0593
vt 1.7524 1.0592
vt 1.7525 1.0591
vt 1.7525 1.0591
vt 1.7526 1.0590
vt 1.7526 1.0589
vt 1.7527 1.0589
vt 1.7527 1.0588
vt 1.7528 1.0588
vt 1.7528 1.0587
vt 1.7529 1.0586
vt 1.7529 1.0586
vt 1.7530 1.0586
vt 1.7530 1.0585
vt 1.7531 1.0585
vt 1.7532 1.0584
vt 1.7532 1.0584
vt 1.7533 1.0584
vt 1.7533 1.0584
vt 1.7534 1.0584
vt 1.7535 1.0584
vt 1.7535 1.0583
vt 1.7536 1.0583
vt 1.7536 1.0583
vt 1.7537 1.0583
vt 1.7538 1.0583
vt 1.7538 1.0583
vt 1.7539 1.0584
vt 1.7540 1.0584
vt 1.7540 1.0584
vt 1.7541 1.0584
vt 1.7542 1.0584
vt 1.7542 1.0585
vt 1.7543 1.0585
vt 1.7543 1.0585
vt 1.7544 1.0586
vt 1.7545 1.0586
vt 1.7545 1.0587
vt 1.7546 1.0587
vt 1.7546 1.0588
vt 1.7547 1.0588
vt 1.7547 1.0589
vt 1.7548 1.0590
vt 1.7548 1.0590
vt 1.7549 1.0591
vt 1.7549 1.0592
vt 1.7550 1.0592
vt 1.7550 1.0593
vt 1.7551 1.0594
vt 1.7551 1.0595
vt 1.7551 1.0596
vt 1.7552 1.0597
vt 1.7552 1.0598
vt 1.7552 1.0599
vt 1.7553 1.0600
vt 1.7553 1.0601
vt 1.7553 1.0602
vt 1.7553 1.0603
vt 1.7554 1.0604
vt 1.7554 1.0606
vt 1.7554 1.0607
vt 1.7554 1.0608
vt 1.7554 1.0610
vt 1.7554 1.0611
vt 1.7554 1.0612
vt 1.7554 1.0614
vt 1.7554 1.0615
vt 1.7554 1.0617
vt 1.7554 1.0618
vt 1.7554 1.0618
vt 1.7554 1.0617
vt 1.7554 1.0616
vt 1.7553 1.0616
vt 1.7553 1.0615
vt 1.7553 1.0615
vt 1.7552 1.0614
vt 1.7552 1.0613
vt 1.7552 1.0613
vt 1.7551 1.0612
vt 1.7551 1.0612
vt 1.7551 1.0611
vt 1.7550 1.0611
vt 1.7550 1.0610
vt 1.7550 1.0610
vt 1.7549 1.0609
vt 1.7549 1.0609
vt 1.7549 1.0608
vt 1.7548 1.0608
vt 1.7548 1.0608
vt 1.7547 1.0607
vt 1.7547 1.0607
vt 1.7547 1.0606
vt 1.7546 1.0606
vt 1.7546 1.0606
vt 1.7545 1.0605
vt 1.7545 1.0605
vt 1.7545 1.0605
vt 1.7544 1.0604
vt 1.7544 1.0604
vt 1.7543 1.0604
vt 1.7543 1.0604
vt 1.7542 1.0604
vt 1.7542 1.0603
vt 1.7541 1.0603
vt 1.7541 1.0603
vt 1.7540 1.0603
vt 1.7540 1.0603
vt 1.7539 1.0603
vt 1.7539 1.0603
vt 1.7539 1.0603
vt 1.7538 1.0603
vt 1.7538 1.0603
vt 1.7537 1.0603
vt 1.7537 1.0603
vt 1.7536 1.0603
vt 1.7536 1.0603
vt 1.7535 1.0603
vt 1.7535 1.0603
vt 1.7534 1.0603
vt 1.7534 1.0603
vt 1.7533 1.0603
vt 1.7533 1.0603
vt 1.7532 1.0603
vt 1.7532 1.0603
vt 1.7531 1.0603
vt 1.7531 1.0604
vt 1.7531 1.0604
vt 1.7530 1.0604
vt 1.7530 1.0604
vt 1.7529 1.0604
vt 1.7529 1.0605
vt 1.7529 1.0605
vt 1.7528 1.0605
vt 1.7528 1.0606
vt 1.7527 1.0606
vt 1.7527 1.0606
vt 1.7526 1.0607
vt 1.7526 1.0607
vt 1.7526 1.0607
vt 1.7525 1.0608
vt 1.7525 1.0608
vt 1.7524 1.0609
vt 1.7524 1.0609
vt 1.7524 1.0609
vt 1.7523 1.0610
vt 1.7523 1.0610
vt 1.7523 1.0611
vt 1.7522 1.0611
vt 1.7522 1.0612
vt 1.7522 1.0612
vt 1.7521 1.0613
vt 1.7521 1.0614
vt 1.7521 1.0614
vt 1.7521 1.0615
vt 1.7520 1.0615
vt 1.7520 1.0616
vt 1.7520 1.0617
vt 1.7537 1.7597
vt 1.7537 1.0597
vt 0.5000 0.5000
vt 0.5000 0.7225
vt 0.5000 0.9011
vt 0.5000 1.0000
vt 0.5000 1.0000
vt 0.5000 0.9011
vt 0.5000 0.7225
vt 0.5000 0.5000
vt 0.5000 0.2775
vt 0.5000 0.0989
vt 0.5000 0.0000
vt 0.5000 0.0000
vt 0.5000 0.0989
vt 0.5000 0.2775
vt 0.5357 0.5000
vt 0.5357 0.7225
vt 0.5357 0.9011
vt 0.5357 1.0000
vt 0.5357 1.0000
vt 0.5357 0.9011
vt 0.5357 0.7225
vt 0.5357 0.5000
vt 0.5357 0.2775
vt 0.5357 0.0989
vt 0.5357 0.0000
vt 0.5357 0.0000
vt 0.5357 0.0989
vt 0.5357 0.2775
vt 0.5714 0.5000
vt 0.5714 0.7225
vt 0.5714 0.9011
vt 0.5714 1.0000
vt 0.5714 1.0000
vt 0.5714 0.9011
vt 0.5714 0.7225
vt 0.5714 0.5000
vt 0.5714 0.2775
vt 0.5714 0.0989
vt 0.5714 0.0000
vt 0.5714 0.0000
vt 0.5714 0.0989
vt 0.5714 0.2775
vt 0.6071 0.5000
vt 0.6071 0.7225
vt 0.6071 0.9011
vt 0.6071 1.0000
vt 0.6071 1.0000
vt 0.6071 0.9011
vt 0.6071 0.7225
vt 0.6071 0.5000
vt 0.6071 0.2775
vt 0.6071 0.0989
vt 0.6071 0.0000
vt 0.6071 0.0000
vt 0.6071 0.0989
vt 0.6071 0.2775
vt 0.6429 0.5000
vt 0.6429 0.7225
vt 0.6429 0.9011
vt 0.6429 1.0000
vt 0.6429 1.0000
vt 0.6429 0.9011
vt 0.6429 0.7225
vt 0.6429 0.5000
vt 0.6429 0.2775
vt 0.6429 0.0989
vt 0.6429 0.0000
vt 0.6429 0.0000
vt 0.6429 0.0989
vt 0.6429 0.2775
vt 0.6786 0.5000
vt 0.6786 0.7225
vt 0.6786 0.9011
vt 0.6786 1.0000
vt 0.6786 1.0000
vt 0.6786 0.9011
vt 0.6786 0.7225
vt 0.6786 0.5000
vt 0.6786 0.2775
vt 0.6786 0.0989
vt 0.6786 0.0000
vt 0.6786 0.0000
vt 0.6786 0.0989
vt 0.6786 0.2775
vt 0.7143 0.5000
vt 0.7143 0.7225
vt 0.7143 0.9011
vt 0.7143 1.0000
vt 0.7143 1.0000
vt 0.7143 0.9011
vt 0.7143 0.7225
vt 0.7143 0.5000
vt 0.7143 0.2775
vt 0.7143 0.0989
vt 0.7143 0.0000
vt 0.7143 0.0000
vt 0.7143 0.0989
vt 0.7143 0.2775
vt 0.7500 0.5000
vt 0.7500 0.7225
vt 0.7500 0.9011
vt 0.7500 1.0000
vt 0.7500 1.0000
vt 0.7500 0.9011
vt 0.7500 0.7225
vt 0.7500 0.5000
vt 0.7500 0.2775
vt 0.7500 0.0989
vt 0.7500 0.0000
vt 0.7500 0.0000
vt 0.7500 0.0989
vt 0.7500 0.2775
vt 0.7857 0.5000
vt 0.7857 0.7225
vt 0.7857 0.9011
vt 0.7857 1.0000
vt 0.7857 1.0000
vt 0.7857 0.9011
vt 0.7857 0.7225
vt 0.7857 0.5000
vt 0.7857 0.2775
vt 0.7857 0.0989
vt 0.7857 0.0000
vt 0.7857 0.0000
vt 0.7857 0.0989
vt 0.7857 0.2775
vt 0.8214 0.5000
vt 0.8214 0.7225
vt 0.8214 0.9011
vt 0.8214 1.0000
vt 0.8214 1.0000
vt 0.8214 0.9011
vt 0.8214 0.7225
vt 0.8214 0.5000
vt 0.8214 0.2775
vt 0.8214 0.0989
vt 0.8214 0.0000
vt 0.8214 0.0000
vt 0.8214 0.0989
vt 0.8214 0.2775
vt 0.8571 0.5000
vt 0.8571 0.7225
vt 0.8571 0.9011
vt 0.8571 1.0000
vt 0.8571 1.0000
vt 0.8571 0.9011
vt 0.8571 0.7225
vt 0.8571 0.5000
vt 0.8571 0.2775
vt 0.8571 0.0989
vt 0.8571 0.0000
vt 0.8571 0.0000
vt 0.8571 0.0989
vt 0.8571 0.2775
vt 0.8929 0.5000
vt 0.8929 0.7225
vt 0.8929 0.9011
vt 0.8929 1.0000
vt 0.8929 1.0000
vt 0.8929 0.9011
vt 0.8929 0.7225
vt 0.8929 0.5000
vt 0.8929 0.2775
vt 0.8929 0.0989
vt 0.8929 0.0000
vt 0.8929 0.0000
vt 0.8929 0.0989
vt 0.8929 0.2775
vt 0.9286 0.5000
vt 0.9286 0.7225
vt 0.9286 0.9011
vt 0.9286 1.0000
vt 0.9286 1.0000
vt 0.9286 0.9011
vt 0.9286 0.7225
vt 0.9286 0.5000
vt 0.9286 0.2775
vt 0.9286 0.0989
vt 0.9286 0.0000
vt 0.9286 0.0000
vt 0.9286 0.0989
vt 0.9286 0.2775
vt 0.9643 0.5000
vt 0.9643 0.7225
vt 0.9643 0.9011
vt 0.9643 1.0000
vt 0.9643 1.0000
vt 0.9643 0.9011
vt 0.9643 0.7225
vt 0.9643 0.5000
vt 0.9643 0.2775
vt 0.9643 0.0989
vt 0.9643 0.0000
vt 0.9643 0.0000
vt 0.9643 0.0989
vt 0.9643 0.2775
vt 1.0000 0.5000
vt 1.0000 0.7225
vt 1.0000 0.9011
vt 1.0000 1.0000
vt 1.0000 1.0000
vt 1.0000 0.9011
vt 1.0000 0.7225
vt 1.0000 0.5000
vt 1.0000 0.2775
vt 1.0000 0.0989
vt 1.0000 0.0000
vt 1.0000 0.0000
vt 1.0000 0.0989
vt 1.0000 0.2775
vt 0.0357 0.5000
vt 0.0357 0.7225
vt 0.0357 0.9011
vt 0.0357 1.0000
vt 0.0357 1.0000
vt 0.0357 0.9011
vt 0.0357 0.7225
vt 0.0357 0.5000
vt 0.0357 0.2775
vt 0.0357 0.0989
vt 0.0357 0.0000
vt 0.0357 0.0000
vt 0.0357 0.0989
vt 0.0357 0.2775
vt 0.0714 0.5000
vt 0.0714 0.7225
vt 0.0714 0.9011
vt 0.0714 1.0000
vt 0.0714 1.0000
vt 0.0714 0.9011
vt 0.0714 0.7225
vt 0.0714 0.5000
vt 0.0714 0.2775
vt 0.0714 0.0989
vt 0.0714 0.0000
vt 0.0714 0.0000
vt 0.0714 0.0989
vt 0.0714 0.2775
vt 0.1071 0.5000
vt 0.1071 0.7225
vt 0.1071 0.9011
vt 0.1071 1.0000
vt 0.1071 1.0000
vt 0.1071 0.9011
vt 0.1071 0.7225
vt 0.1071 0.5000
vt 0.1071 0.2775
vt 0.1071 0.0989
vt 0.1071 0.0000
vt 0.1071 0.0000
vt 0.1071 0.0989
vt 0.1071 0.2775
vt 0.1429 0.5000
vt 0.1429 0.7225
vt 0.1429 0.9011
vt 0.1429 1.0000
vt 0.1429 1.0000
vt 0.1429 0.9011
vt 0.1429 0.7225
vt 0.1429 0.5000
vt 0.1429 0.2775
vt 0.1429 0.0989
vt 0.1429 0.0000
vt 0.1429 0.0000
vt 0.1429 0.0989
vt 0.1429 0.2775
vt 0.1786 0.5000
vt 0.1786 0.7225
vt 0.1786 0.9011
vt 0.1786 1.0000
vt 0.1786 1.0000
vt 0.1786 0.9011
vt 0.1786 0.7225
vt 0.1786 0.5000
vt 0.1786 0.2775
vt 0.1786 0.0989
vt 0.1786 0.0000
vt 0.1786 0.0000
vt 0.1786 0.0989
vt 0.1786 0.2775
vt 0.2143 0.5000
vt 0.2143 0.7225
vt 0.2143 0.9011
vt 0.2143 1.0000
vt 0.2143 1.0000
vt 0.2143 0.9011
vt 0.2143 0.7225
vt 0.2143 0.5000
vt 0.2143 0.2775
vt 0.2143 0.0989
vt 0.2143 0.0000
vt 0.2143 0.0000
vt 0.2143 0.0989
vt 0.2143 0.2775
vt 0.2500 0.5000
vt 0.2500 0.7225
vt 0.2500 0.9011
vt 0.2500 1.0000
vt 0.2500 1.0000
vt 0.2500 0.9011
vt 0.2500 0.7225
vt 0.2500 0.5000
vt 0.2500 0.2775
vt 0.2500 0.0989
vt 0.2500 0.0000
vt 0.2500 0.0000
vt 0.2500 0.0989
vt 0.2500 0.2775
vt 0.2857 0.5000
vt 0.2857 0.7225
vt 0.2857 0.9011
vt 0.2857 1.0000
vt 0.2857 1.0000
vt 0.2857 0.9011
vt 0.2857 0.7225
vt 0.2857 0.5000
vt 0.2857 0.2775
vt 0.2857 0.0989
vt 0.2857 0.0000
vt 0.2857 0.0000
vt 0.2857 0.0989
vt 0.2857 0.2775
vt 0.3214 0.5000
vt 0.3214 0.7225
vt 0.3214 0.9011
vt 0.3214 1.0000
vt 0.3214 1.0000
vt 0.3214 0.9011
vt 0.3214 0.7225
vt 0.3214 0.5000
vt 0.3214 0.2775
vt 0.3214 0.0989
vt 0.3214 0.0000
vt 0.3214 0.0000
vt 0.3214 0.0989
vt 0.3214 0.2775
vt 0.3571 0.5000
vt 0.3571 0.7225
vt 0.3571 0.9011
vt 0.3572 1.0000
vt 0.3571 1.0000
vt 0.3571 0.9011
vt 0.3571 0.7225
vt 0.3571 0.5000
vt 0.3571 0.2775
vt 0.3571 0.0989
vt 0.3571 0.0000
vt 0.3572 0.0000
vt 0.3571 0.0989
vt 0.3571 0.2775
vt 0.3928 0.5000
vt 0.3929 0.7225
vt 0.3929 0.9011
vt 0.3929 1.0000
vt 0.3929 1.0000
vt 0.3929 0.9011
vt 0.3928 0.7225
vt 0.3929 0.5000
vt 0.3928 0.2775
vt 0.3929 0.0989
vt 0.3929 0.0000
vt 0.3929 0.0000
vt 0.3929 0.0989
vt 0.3929 0.2775
vt 0.4286 0.5000
vt 0.4286 0.7225
vt 0.4286 0.9011
vt 0.4286 1.0000
vt 0.4286 1.0000
vt 0.4286 0.9011
vt 0.4286 0.7225
vt 0.4286 0.5000
vt 0.4286 0.2775
vt 0.4286 0.0989
vt 0.4286 0.0000
vt 0.4286 0.0000
vt 0.4286 0.0989
vt 0.4286 0.2775
vt 0.4643 0.5000
vt 0.4643 0.7225
vt 0.4643 0.9011
vt 0.4643 1.0000
vt 0.4643 1.0000
vt 0.4643 0.9011
vt 0.4643 0.7225
vt 0.4643 0.5000
vt 0.4643 0.2775
vt 0.4643 0.0989
vt 0.4643 0.0000
vt 0.4643 0.0000
vt 0.4643 0.0989
vt 0.4643 0.2775
vn -0.0098 1.0000 0.0006
vn -0.0100 1.0000 0.0003
vn -0.0102 0.9999 0.0001
vn -0.0104 0.9999 -0.0002
vn -0.0106 0.9999 -0.0006
vn -0.0107 0.9999 -0.0009
vn -0.0109 0.9999 -0.0013
vn -0.0111 0.9999 -0.0017
vn -0.0112 0.9999 -0.0020
vn -0.0113 0.9999 -0.0025
vn -0.0115 0.9999 -0.0029
vn -0.0116 0.9999 -0.0033
vn -0.0116 0.9999 -0.0038
vn -0.0117 0.9999 -0.0043
vn -0.0117 0.9999 -0.0048
vn -0.0118 0.9999 -0.0053
vn -0.0118 0.9999 -0.0059
vn -0.0117 0.9999 -0.0064
vn -0.0117 0.9999 -0.0070
vn -0.0116 0.9999 -0.0076
vn -0.0115 0.9999 -0.0081
vn -0.0113 0.9999 -0.0087
vn -0.0111 0.9999 -0.0093
vn -0.0109 0.9999 -0.0099
vn -0.0107 0.9999 -0.0105
vn -0.0104 0.9999 -0.0110
vn -0.0101 0.9999 -0.0116
vn -0.0097 0.9999 -0.0122
vn -0.0094 0.9999 -0.0127
vn -0.0089 0.9999 -0.0132
vn -0.0085 0.9999 -0.0138
vn -0.0080 0.9999 -0.0142
vn -0.0075 0.9999 -0.0147
vn -0.0070 0.9999 -0.0152
vn -0.0064 0.9999 -0.0156
vn -0.0059 0.9999 -0.0159
vn -0.0052 0.9999 -0.0163
vn -0.0046 0.9999 -0.0166
vn -0.0040 0.9998 -0.0169
vn -0.0033 0.9998 -0.0171
vn -0.0026 0.9998 -0.0173
vn -0.0019 0.9998 -0.0175
vn -0.0012 0.9998 -0.0176
vn -0.0005 0.9998 -0.0176
vn 0.0002 0.9998 -0.0177
vn 0.0009 0.9998 -0.0176
vn 0.0015 0.9998 -0.0176
vn 0.0023 0.9998 -0.0175
vn 0.0030 0.9998 -0.0173
vn 0.0036 0.9998 -0.0171
vn 0.0043 0.9998 -0.0169
vn 0.0049 0.9998 -0.0166
vn 0.0056 0.9999 -0.0163
vn 0.0062 0.9999 -0.0160
vn 0.0068 0.9999 -0.0156
vn 0.0073 0.9999 -0.0152
vn 0.0079 0.9999 -0.0147
vn 0.0084 0.9999 -0.0143
vn 0.0088 0.9999 -0.0138
vn 0.0093 0.9999 -0.0133
vn 0.0097 0.9999 -0.0127
vn 0.0101 0.9999 -0.0122
vn 0.0104 0.9999 -0.0116
vn 0.0107 0.9999 -0.0110
vn 0.0110 0.9999 -0.0105
vn 0.0112 0.9999 -0.0099
vn 0.0114 0.9999 -0.0093
vn 0.0116 0.9999 -0.0087
vn 0.0117 0.9999 -0.0081
vn 0.0118 0.9999 -0.0075
vn 0.0119 0.9999 -0.0069
vn 0.0120 0.9999 -0.0064
vn 0.0120 0.9999 -0.0059
vn 0.0120 0.9999 -0.0053
vn 0.0119 0.9999 -0.0048
vn 0.0119 0.9999 -0.0043
vn 0.0118 0.9999 -0.0038
vn 0.0117 0.9999 -0.0033
vn 0.0116 0.9999 -0.0029
vn 0.0115 0.9999 -0.0024
vn 0.0113 0.9999 -0.0020
vn 0.0112 0.9999 -0.0016
vn 0.0110 0.9999 -0.0012
vn 0.0108 0.9999 -0.0009
vn 0.0106 0.9999 -0.0006
vn 0.0104 0.9999 -0.0003
vn 0.0102 0.9999 0.0000
vn 0.0100 0.9999 0.0003
vn 0.0098 1.0000 0.0006
vn -0.0178 -0.9998 0.0086
vn -0.0184 -0.9998 0.0094
vn -0.0195 -0.9998 0.0106
vn -0.0203 -0.9997 0.0117
vn -0.0216 -0.9997 0.0133
vn -0.0228 -0.9996 0.0148
vn -0.0241 -0.9996 0.0165
vn -0.0258 -0.9995 0.0188
vn -0.0277 -0.9994 0.0212
vn -0.0298 -0.9993 0.0240
vn -0.0320 -0.9991 0.0272
vn -0.0353 -0.9989 0.0317
vn -0.0392 -0.9985 0.0372
vn -0.0438 -0.9981 0.0439
vn -0.0491 -0.9975 0.0517
vn -0.0566 -0.9964 0.0627
vn -0.0678 -0.9945 0.0794
vn -0.0831 -0.9913 0.1024
vn -0.1099 -0.9836 0.1431
vn -0.1643 -0.9601 0.2262
vn -0.2741 -0.8767 0.3954
vn -0.5481 -0.0063 0.8364
vn -0.2461 0.8830 0.3996
vn -0.1370 0.9621 0.2358
vn -0.0926 0.9812 0.1691
vn -0.0680 0.9889 0.1324
vn -0.0547 0.9921 0.1128
vn -0.0453 0.9941 0.0990
vn -0.0366 0.9956 0.0866
vn -0.0312 0.9964 0.0791
vn -0.0271 0.9969 0.0736
vn -0.0232 0.9974 0.0685
vn -0.0202 0.9977 0.0646
vn -0.0174 0.9980 0.0613
vn -0.0153 0.9981 0.0590
vn -0.0134 0.9983 0.0570
vn -0.0115 0.9984 0.0551
vn -0.0097 0.9985 0.0535
vn -0.0084 0.9986 0.0525
vn -0.0069 0.9986 0.0516
vn -0.0055 0.9987 0.0508
vn -0.0043 0.9987 0.0503
vn -0.0030 0.9988 0.0499
vn -0.0018 0.9988 0.0497
vn -0.0007 0.9988 0.0496
vn 0.0006 0.9988 0.0497
vn 0.0016 0.9988 0.0499
vn 0.0030 0.9987 0.0504
vn 0.0040 0.9987 0.0508
vn 0.0055 0.9986 0.0517
vn 0.0068 0.9986 0.0526
vn 0.0084 0.9985 0.0539
vn 0.0097 0.9984 0.0551
vn 0.0117 0.9983 0.0571
vn 0.0136 0.9982 0.0591
vn 0.0158 0.9980 0.0617
vn 0.0183 0.9977 0.0648
vn 0.0210 0.9974 0.0685
vn 0.0245 0.9970 0.0733
vn 0.0287 0.9965 0.0791
vn 0.0341 0.9956 0.0872
vn 0.0414 0.9943 0.0982
vn 0.0502 0.9925 0.1117
vn 0.0644 0.9889 0.1337
vn 0.0829 0.9831 0.1629
vn 0.1257 0.9648 0.2309
vn 0.2286 0.8901 0.3943
vn 0.4740 0.4153 0.7765
vn 0.3080 -0.8246 0.4745
vn 0.1657 -0.9561 0.2417
vn 0.1105 -0.9821 0.1525
vn 0.0834 -0.9905 0.1090
vn 0.0670 -0.9943 0.0828
vn 0.0572 -0.9961 0.0675
vn 0.0493 -0.9973 0.0550
vn 0.0428 -0.9981 0.0451
vn 0.0385 -0.9985 0.0385
vn 0.0350 -0.9988 0.0332
vn 0.0321 -0.9991 0.0290
vn 0.0294 -0.9993 0.0250
vn 0.0275 -0.9994 0.0223
vn 0.0255 -0.9995 0.0194
vn 0.0240 -0.9996 0.0174
vn 0.0227 -0.9996 0.0155
vn 0.0213 -0.9997 0.0137
vn 0.0203 -0.9997 0.0123
vn 0.0192 -0.9998 0.0110
vn 0.0183 -0.9998 0.0098
vn 0.0175 -0.9998 0.0088
vn -0.0229 0.9997 0.0042
vn -0.0230 0.9997 0.0010
vn -0.0234 0.9997 0.0003
vn -0.0239 0.9997 -0.0004
vn -0.0243 0.9997 -0.0011
vn -0.0247 0.9997 -0.0019
vn -0.0251 0.9997 -0.0027
vn -0.0255 0.9997 -0.0036
vn -0.0258 0.9997 -0.0045
vn -0.0261 0.9996 -0.0054
vn -0.0264 0.9996 -0.0064
vn -0.0267 0.9996 -0.0074
vn -0.0269 0.9996 -0.0085
vn -0.0270 0.9996 -0.0096
vn -0.0271 0.9996 -0.0108
vn -0.0272 0.9996 -0.0120
vn -0.0272 0.9995 -0.0132
vn -0.0271 0.9995 -0.0145
vn -0.0270 0.9995 -0.0158
vn -0.0268 0.9995 -0.0171
vn -0.0266 0.9995 -0.0184
vn -0.0263 0.9995 -0.0198
vn -0.0259 0.9994 -0.0211
vn -0.0254 0.9994 -0.0225
vn -0.0249 0.9994 -0.0238
vn -0.0242 0.9994 -0.0251
vn -0.0235 0.9994 -0.0265
vn -0.0227 0.9994 -0.0278
vn -0.0219 0.9993 -0.0291
vn -0.0210 0.9993 -0.0303
vn -0.0199 0.9993 -0.0315
vn -0.0189 0.9993 -0.0327
vn -0.0177 0.9993 -0.0338
vn -0.0165 0.9993 -0.0348
vn -0.0152 0.9992 -0.0358
vn -0.0139 0.9992 -0.0367
vn -0.0125 0.9992 -0.0375
vn -0.0110 0.9992 -0.0383
vn -0.0096 0.9992 -0.0389
vn -0.0081 0.9992 -0.0395
vn -0.0065 0.9992 -0.0400
vn -0.0049 0.9992 -0.0403
vn -0.0033 0.9992 -0.0406
vn -0.0017 0.9992 -0.0408
vn -0.0000 0.9992 -0.0409
vn 0.0016 0.9992 -0.0409
vn 0.0032 0.9992 -0.0408
vn 0.0048 0.9992 -0.0406
vn 0.0064 0.9992 -0.0403
vn 0.0080 0.9992 -0.0398
vn 0.0096 0.9992 -0.0393
vn 0.0111 0.9992 -0.0387
vn 0.0125 0.9992 -0.0380
vn 0.0140 0.9992 -0.0373
vn 0.0153 0.9992 -0.0364
vn 0.0167 0.9992 -0.0355
vn 0.0179 0.9992 -0.0345
vn 0.0191 0.9993 -0.0334
vn 0.0202 0.9993 -0.0323
vn 0.0213 0.9993 -0.0311
vn 0.0222 0.9993 -0.0299
vn 0.0231 0.9993 -0.0286
vn 0.0239 0.9993 -0.0273
vn 0.0247 0.9994 -0.0260
vn 0.0253 0.9994 -0.0246
vn 0.0259 0.9994 -0.0233
vn 0.0264 0.9994 -0.0219
vn 0.0268 0.9994 -0.0205
vn 0.0271 0.9994 -0.0192
vn 0.0274 0.9995 -0.0178
vn 0.0276 0.9995 -0.0165
vn 0.0277 0.9995 -0.0152
vn 0.0278 0.9995 -0.0139
vn 0.0278 0.9995 -0.0126
vn 0.0277 0.9996 -0.0114
vn 0.0276 0.9996 -0.0103
vn 0.0274 0.9996 -0.0091
vn 0.0272 0.9996 -0.0080
vn 0.0270 0.9996 -0.0069
vn 0.0267 0.9996 -0.0059
vn 0.0264 0.9996 -0.0049
vn 0.0260 0.9997 -0.0040
vn 0.0256 0.9997 -0.0031
vn 0.0252 0.9997 -0.0023
vn 0.0248 0.9997 -0.0015
vn 0.0243 0.9997 -0.0008
vn 0.0239 0.9997 -0.0001
vn 0.0234 0.9997 0.0006
vn 0.0229 0.9997 0.0012
vn -0.0045 0.9997 0.0230
vn -0.0420 -0.9989 0.0210
vn -0.0441 -0.9987 0.0235
vn -0.0464 -0.9986 0.0263
vn -0.0489 -0.9984 0.0294
vn -0.0517 -0.9981 0.0330
vn -0.0548 -0.9978 0.0370
vn -0.0583 -0.9974 0.0416
vn -0.0624 -0.9969 0.0470
vn -0.0670 -0.9963 0.0533
vn -0.0724 -0.9955 0.0608
vn -0.0787 -0.9945 0.0697
vn -0.0867 -0.9929 0.0811
vn -0.0962 -0.9908 0.0948
vn -0.1079 -0.9878 0.1119
vn -0.1229 -0.9833 0.1342
vn -0.1439 -0.9756 0.1658
vn -0.1738 -0.9618 0.2113
vn -0.2172 -0.9356 0.2783
vn -0.2898 -0.8733 0.3917
vn -0.4093 -0.7006 0.5844
vn -0.5399 -0.2169 0.8133
vn -0.4612 0.4941 0.7370
vn -0.3129 0.7886 0.5293
vn -0.2228 0.8895 0.3989
vn -0.1662 0.9339 0.3166
vn -0.1307 0.9554 0.2650
vn -0.1071 0.9670 0.2312
vn -0.0890 0.9746 0.2055
vn -0.0747 0.9798 0.1857
vn -0.0644 0.9831 0.1717
vn -0.0557 0.9855 0.1604
vn -0.0482 0.9874 0.1509
vn -0.0422 0.9887 0.1436
vn -0.0366 0.9899 0.1373
vn -0.0320 0.9907 0.1324
vn -0.0276 0.9914 0.1281
vn -0.0236 0.9919 0.1245
vn -0.0201 0.9924 0.1218
vn -0.0170 0.9927 0.1196
vn -0.0137 0.9930 0.1177
vn -0.0107 0.9932 0.1163
vn -0.0079 0.9933 0.1153
vn -0.0051 0.9934 0.1147
vn -0.0023 0.9934 0.1144
vn 0.0004 0.9934 0.1145
vn 0.0031 0.9934 0.1149
vn 0.0059 0.9933 0.1157
vn 0.0088 0.9931 0.1169
vn 0.0117 0.9929 0.1185
vn 0.0149 0.9926 0.1205
vn 0.0182 0.9922 0.1231
vn 0.0217 0.9918 0.1261
vn 0.0256 0.9912 0.1297
vn 0.0300 0.9905 0.1344
vn 0.0346 0.9896 0.1396
vn 0.0402 0.9884 0.1463
vn 0.0464 0.9869 0.1543
vn 0.0537 0.9850 0.1640
vn 0.0628 0.9823 0.1766
vn 0.0735 0.9787 0.1919
vn 0.0878 0.9731 0.2130
vn 0.1061 0.9649 0.2402
vn 0.1318 0.9511 0.2793
vn 0.1678 0.9275 0.3340
vn 0.2258 0.8776 0.4228
vn 0.3311 0.7426 0.5822
vn 0.4789 0.3723 0.7950
vn 0.5069 -0.3341 0.7946
vn 0.3665 -0.7555 0.5430
vn 0.2617 -0.8928 0.3665
vn 0.2010 -0.9425 0.2668
vn 0.1620 -0.9655 0.2037
vn 0.1359 -0.9774 0.1619
vn 0.1176 -0.9841 0.1330
vn 0.1030 -0.9885 0.1104
vn 0.0919 -0.9914 0.0933
vn 0.0832 -0.9933 0.0802
vn 0.0760 -0.9947 0.0694
vn 0.0700 -0.9957 0.0606
vn 0.0649 -0.9965 0.0533
vn 0.0606 -0.9971 0.0471
vn 0.0566 -0.9975 0.0415
vn 0.0534 -0.9979 0.0371
vn 0.0504 -0.9982 0.0330
vn 0.0478 -0.9984 0.0295
vn 0.0453 -0.9986 0.0264
vn 0.0431 -0.9988 0.0236
vn 0.0411 -0.9989 0.0211
vn -0.0386 0.9992 0.0105
vn -0.0414 0.9991 0.0018
vn -0.0422 0.9991 0.0007
vn -0.0430 0.9991 -0.0005
vn -0.0438 0.9990 -0.0019
vn -0.0445 0.9990 -0.0032
vn -0.0452 0.9990 -0.0047
vn -0.0459 0.9989 -0.0063
vn -0.0465 0.9989 -0.0079
vn -0.0471 0.9988 -0.0096
vn -0.0476 0.9988 -0.0114
vn -0.0481 0.9988 -0.0132
vn -0.0484 0.9987 -0.0152
vn -0.0487 0.9987 -0.0172
vn -0.0489 0.9986 -0.0193
vn -0.0491 0.9986 -0.0214
vn -0.0491 0.9985 -0.0236
vn -0.0490 0.9985 -0.0259
vn -0.0488 0.9984 -0.0282
vn -0.0484 0.9984 -0.0306
vn -0.0480 0.9983 -0.0330
vn -0.0474 0.9982 -0.0354
vn -0.0467 0.9982 -0.0378
vn -0.0459 0.9981 -0.0403
vn -0.0449 0.9981 -0.0427
vn -0.0438 0.9980 -0.0451
vn -0.0425 0.9980 -0.0475
vn -0.0411 0.9979 -0.0499
vn -0.0396 0.9979 -0.0522
vn -0.0380 0.9978 -0.0544
vn -0.0362 0.9977 -0.0566
vn -0.0342 0.9977 -0.0587
vn -0.0321 0.9976 -0.0607
vn -0.0300 0.9976 -0.0626
vn -0.0277 0.9975 -0.0643
vn -0.0253 0.9975 -0.0660
vn -0.0228 0.9975 -0.0675
vn -0.0202 0.9974 -0.0688
vn -0.0175 0.9974 -0.0700
vn -0.0148 0.9974 -0.0711
vn -0.0120 0.9973 -0.0719
vn -0.0091 0.9973 -0.0726
vn -0.0062 0.9973 -0.0732
vn -0.0033 0.9973 -0.0735
vn -0.0004 0.9973 -0.0737
vn 0.0026 0.9973 -0.0737
vn 0.0055 0.9973 -0.0735
vn 0.0084 0.9973 -0.0731
vn 0.0113 0.9973 -0.0726
vn 0.0142 0.9973 -0.0719
vn 0.0170 0.9973 -0.0710
vn 0.0197 0.9974 -0.0699
vn 0.0223 0.9974 -0.0687
vn 0.0249 0.9974 -0.0673
vn 0.0274 0.9975 -0.0658
vn 0.0298 0.9975 -0.0641
vn 0.0321 0.9975 -0.0623
vn 0.0342 0.9976 -0.0604
vn 0.0362 0.9976 -0.0584
vn 0.0381 0.9977 -0.0563
vn 0.0399 0.9977 -0.0540
vn 0.0415 0.9978 -0.0518
vn 0.0430 0.9979 -0.0494
vn 0.0443 0.9979 -0.0470
vn 0.0455 0.9980 -0.0446
vn 0.0466 0.9980 -0.0422
vn 0.0475 0.9981 -0.0397
vn 0.0482 0.9981 -0.0372
vn 0.0489 0.9982 -0.0348
vn 0.0493 0.9983 -0.0323
vn 0.0497 0.9983 -0.0300
vn 0.0499 0.9984 -0.0276
vn 0.0501 0.9984 -0.0253
vn 0.0501 0.9985 -0.0230
vn 0.0500 0.9985 -0.0208
vn 0.0498 0.9986 -0.0187
vn 0.0495 0.9986 -0.0166
vn 0.0491 0.9987 -0.0146
vn 0.0487 0.9987 -0.0127
vn 0.0482 0.9988 -0.0109
vn 0.0476 0.9988 -0.0091
vn 0.0470 0.9989 -0.0074
vn 0.0463 0.9989 -0.0058
vn 0.0455 0.9990 -0.0043
vn 0.0448 0.9990 -0.0029
vn 0.0440 0.9990 -0.0015
vn 0.0431 0.9991 -0.0003
vn 0.0423 0.9991 0.0009
vn 0.0414 0.9991 0.0021
vn 0.0155 0.9996 0.0234
vn -0.0754 -0.9964 0.0375
vn -0.0791 -0.9960 0.0419
vn -0.0831 -0.9954 0.0469
vn -0.0875 -0.9948 0.0523
vn -0.0925 -0.9940 0.0586
vn -0.0980 -0.9930 0.0658
vn -0.1043 -0.9918 0.0741
vn -0.1111 -0.9903 0.0833
vn -0.1192 -0.9884 0.0944
vn -0.1287 -0.9858 0.1075
vn -0.1396 -0.9825 0.1230
vn -0.1527 -0.9780 0.1419
vn -0.1685 -0.9718 0.1651
vn -0.1881 -0.9628 0.1942
vn -0.2122 -0.9496 0.2307
vn -0.2436 -0.9289 0.2791
vn -0.2857 -0.8939 0.3455
vn -0.3416 -0.8328 0.4356
vn -0.4135 -0.7212 0.5558
vn -0.4975 -0.5035 0.7064
vn -0.5487 -0.1458 0.8232
vn -0.5140 0.2641 0.8161
vn -0.4230 0.5609 0.7116
vn -0.3374 0.7244 0.6012
vn -0.2702 0.8159 0.5112
vn -0.2197 0.8694 0.4427
vn -0.1825 0.9016 0.3921
vn -0.1542 0.9224 0.3541
vn -0.1316 0.9369 0.3240
vn -0.1134 0.9471 0.3004
vn -0.0986 0.9544 0.2818
vn -0.0859 0.9601 0.2663
vn -0.0750 0.9644 0.2537
vn -0.0656 0.9677 0.2434
vn -0.0571 0.9704 0.2346
vn -0.0496 0.9725 0.2275
vn -0.0426 0.9742 0.2214
vn -0.0363 0.9756 0.2165
vn -0.0305 0.9767 0.2126
vn -0.0250 0.9775 0.2094
vn -0.0196 0.9782 0.2070
vn -0.0145 0.9786 0.2052
vn -0.0095 0.9789 0.2041
vn -0.0047 0.9791 0.2036
vn 0.0002 0.9790 0.2037
vn 0.0051 0.9789 0.2044
vn 0.0100 0.9786 0.2057
vn 0.0151 0.9781 0.2077
vn 0.0204 0.9774 0.2103
vn 0.0259 0.9766 0.2137
vn 0.0317 0.9755 0.2179
vn 0.0380 0.9740 0.2231
vn 0.0447 0.9724 0.2292
vn 0.0521 0.9702 0.2367
vn 0.0604 0.9675 0.2457
vn 0.0698 0.9640 0.2565
vn 0.0804 0.9596 0.2696
vn 0.0927 0.9540 0.2852
vn 0.1075 0.9463 0.3048
vn 0.1252 0.9360 0.3290
vn 0.1472 0.9214 0.3597
vn 0.1751 0.8999 0.3993
vn 0.2119 0.8666 0.4517
vn 0.2601 0.8132 0.5206
vn 0.3255 0.7205 0.6123
vn 0.4121 0.5461 0.7293
vn 0.4989 0.2425 0.8321
vn 0.5291 -0.1552 0.8343
vn 0.4790 -0.5111 0.7137
vn 0.3994 -0.7234 0.5631
vn 0.3281 -0.8373 0.4373
vn 0.2764 -0.8952 0.3496
vn 0.2363 -0.9296 0.2830
vn 0.2062 -0.9501 0.2341
vn 0.1831 -0.9631 0.1974
vn 0.1642 -0.9720 0.1678
vn 0.1491 -0.9782 0.1444
vn 0.1366 -0.9827 0.1254
vn 0.1259 -0.9860 0.1095
vn 0.1170 -0.9884 0.0964
vn 0.1093 -0.9903 0.0853
vn 0.1022 -0.9919 0.0754
vn 0.0963 -0.9931 0.0672
vn 0.0910 -0.9940 0.0600
vn 0.0863 -0.9948 0.0536
vn 0.0819 -0.9955 0.0479
vn 0.0780 -0.9960 0.0429
vn 0.0744 -0.9965 0.0384
vn -0.0549 0.9983 0.0180
vn -0.0619 0.9981 0.0028
vn -0.0632 0.9980 0.0011
vn -0.0644 0.9979 -0.0008
vn -0.0655 0.9978 -0.0027
vn -0.0667 0.9978 -0.0048
vn -0.0677 0.9977 -0.0070
vn -0.0687 0.9976 -0.0093
vn -0.0697 0.9975 -0.0117
vn -0.0705 0.9974 -0.0143
vn -0.0713 0.9973 -0.0169
vn -0.0720 0.9972 -0.0197
vn -0.0725 0.9971 -0.0226
vn -0.0730 0.9970 -0.0256
vn -0.0733 0.9969 -0.0288
vn -0.0734 0.9968 -0.0320
vn -0.0735 0.9967 -0.0353
vn -0.0733 0.9966 -0.0387
vn -0.0730 0.9964 -0.0421
vn -0.0725 0.9963 -0.0456
vn -0.0719 0.9962 -0.0492
vn -0.0710 0.9961 -0.0528
vn -0.0700 0.9959 -0.0565
vn -0.0687 0.9958 -0.0601
vn -0.0672 0.9957 -0.0638
vn -0.0656 0.9956 -0.0674
vn -0.0637 0.9954 -0.0709
vn -0.0616 0.9953 -0.0745
vn -0.0593 0.9952 -0.0779
vn -0.0569 0.9951 -0.0813
vn -0.0542 0.9950 -0.0845
vn -0.0513 0.9948 -0.0876
vn -0.0482 0.9947 -0.0906
vn -0.0449 0.9946 -0.0934
vn -0.0415 0.9945 -0.0960
vn -0.0379 0.9944 -0.0985
vn -0.0342 0.9943 -0.1007
vn -0.0303 0.9942 -0.1028
vn -0.0264 0.9942 -0.1046
vn -0.0223 0.9941 -0.1061
vn -0.0181 0.9940 -0.1074
vn -0.0138 0.9940 -0.1085
vn -0.0095 0.9940 -0.1093
vn -0.0051 0.9939 -0.1098
vn -0.0007 0.9939 -0.1101
vn 0.0037 0.9939 -0.1101
vn 0.0080 0.9939 -0.1098
vn 0.0124 0.9939 -0.1093
vn 0.0167 0.9940 -0.1085
vn 0.0210 0.9940 -0.1074
vn 0.0252 0.9940 -0.1061
vn 0.0293 0.9941 -0.1045
vn 0.0332 0.9942 -0.1027
vn 0.0371 0.9942 -0.1006
vn 0.0408 0.9943 -0.0984
vn 0.0444 0.9944 -0.0959
vn 0.0478 0.9945 -0.0932
vn 0.0510 0.9946 -0.0904
vn 0.0540 0.9947 -0.0874
vn 0.0569 0.9948 -0.0842
vn 0.0595 0.9949 -0.0809
vn 0.0619 0.9951 -0.0775
vn 0.0642 0.9952 -0.0740
vn 0.0662 0.9953 -0.0705
vn 0.0680 0.9954 -0.0668
vn 0.0695 0.9956 -0.0632
vn 0.0709 0.9957 -0.0595
vn 0.0721 0.9958 -0.0558
vn 0.0730 0.9960 -0.0522
vn 0.0738 0.9961 -0.0485
vn 0.0743 0.9962 -0.0449
vn 0.0747 0.9963 -0.0414
vn 0.0749 0.9965 -0.0380
vn 0.0749 0.9966 -0.0346
vn 0.0748 0.9967 -0.0313
vn 0.0745 0.9968 -0.0281
vn 0.0741 0.9969 -0.0249
vn 0.0735 0.9971 -0.0220
vn 0.0729 0.9972 -0.0191
vn 0.0721 0.9973 -0.0163
vn 0.0713 0.9974 -0.0137
vn 0.0703 0.9975 -0.0112
vn 0.0693 0.9976 -0.0088
vn 0.0682 0.9977 -0.0065
vn 0.0671 0.9977 -0.0044
vn 0.0659 0.9978 -0.0024
vn 0.0646 0.9979 -0.0005
vn 0.0634 0.9980 0.0014
vn 0.0621 0.9981 0.0030
vn 0.0316 0.9991 0.0296
vn -0.1125 -0.9921 0.0558
vn -0.1178 -0.9911 0.0623
vn -0.1237 -0.9899 0.0696
vn -0.1302 -0.9884 0.0777
vn -0.1374 -0.9867 0.0870
vn -0.1454 -0.9846 0.0973
vn -0.1544 -0.9819 0.1095
vn -0.1645 -0.9787 0.1232
vn -0.1759 -0.9745 0.1390
vn -0.1892 -0.9692 0.1578
vn -0.2045 -0.9622 0.1799
vn -0.2225 -0.9528 0.2064
vn -0.2437 -0.9401 0.2382
vn -0.2689 -0.9225 0.2770
vn -0.2994 -0.8971 0.3250
vn -0.3363 -0.8596 0.3846
vn -0.3811 -0.8022 0.4595
vn -0.4340 -0.7119 0.5521
vn -0.4895 -0.5734 0.6570
vn -0.5360 -0.3684 0.7596
vn -0.5523 -0.1044 0.8271
vn -0.5263 0.1690 0.8333
vn -0.4686 0.4032 0.7860
vn -0.4023 0.5709 0.7157
vn -0.3416 0.6834 0.6452
vn -0.2904 0.7586 0.5832
vn -0.2477 0.8105 0.5308
vn -0.2129 0.8466 0.4879
vn -0.1848 0.8719 0.4535
vn -0.1610 0.8908 0.4249
vn -0.1408 0.9051 0.4012
vn -0.1235 0.9160 0.3816
vn -0.1083 0.9246 0.3652
vn -0.0950 0.9314 0.3514
vn -0.0830 0.9368 0.3399
vn -0.0723 0.9411 0.3302
vn -0.0625 0.9446 0.3222
vn -0.0533 0.9474 0.3155
vn -0.0447 0.9497 0.3101
vn -0.0366 0.9514 0.3057
vn -0.0290 0.9528 0.3023
vn -0.0214 0.9537 0.2999
vn -0.0142 0.9544 0.2983
vn -0.0070 0.9547 0.2976
vn -0.0000 0.9547 0.2977
vn 0.0072 0.9543 0.2987
vn 0.0143 0.9537 0.3004
vn 0.0218 0.9527 0.3031
vn 0.0295 0.9513 0.3067
vn 0.0374 0.9496 0.3113
vn 0.0457 0.9473 0.3169
vn 0.0548 0.9445 0.3240
vn 0.0646 0.9409 0.3324
vn 0.0751 0.9366 0.3423
vn 0.0866 0.9312 0.3540
vn 0.0997 0.9244 0.3682
vn 0.1144 0.9158 0.3850
vn 0.1312 0.9049 0.4050
vn 0.1508 0.8906 0.4291
vn 0.1739 0.8716 0.4583
vn 0.2013 0.8462 0.4934
vn 0.2346 0.8106 0.5365
vn 0.2757 0.7593 0.5895
vn 0.3255 0.6841 0.6528
vn 0.3840 0.5731 0.7240
vn 0.4489 0.4053 0.7964
vn 0.5056 0.1727 0.8453
vn 0.5323 -0.0977 0.8409
vn 0.5187 -0.3620 0.7745
vn 0.4755 -0.5680 0.6717
vn 0.4217 -0.7103 0.5636
vn 0.3720 -0.7998 0.4712
vn 0.3290 -0.8577 0.3950
vn 0.2927 -0.8963 0.3331
vn 0.2633 -0.9219 0.2842
vn 0.2390 -0.9396 0.2448
vn 0.2181 -0.9527 0.2116
vn 0.2009 -0.9620 0.1848
vn 0.1860 -0.9691 0.1622
vn 0.1731 -0.9745 0.1430
vn 0.1621 -0.9786 0.1268
vn 0.1521 -0.9819 0.1126
vn 0.1433 -0.9846 0.1002
vn 0.1356 -0.9867 0.0896
vn 0.1286 -0.9885 0.0801
vn 0.1223 -0.9899 0.0717
vn 0.1165 -0.9911 0.0642
vn 0.1113 -0.9921 0.0575
vn -0.0725 0.9970 0.0264
vn -0.0846 0.9964 0.0039
vn -0.0863 0.9963 0.0015
vn -0.0879 0.9961 -0.0010
vn -0.0895 0.9960 -0.0036
vn -0.0911 0.9958 -0.0065
vn -0.0925 0.9957 -0.0095
vn -0.0939 0.9955 -0.0126
vn -0.0952 0.9953 -0.0159
vn -0.0963 0.9952 -0.0194
vn -0.0974 0.9950 -0.0230
vn -0.0983 0.9948 -0.0268
vn -0.0990 0.9946 -0.0308
vn -0.0996 0.9944 -0.0349
vn -0.1000 0.9942 -0.0392
vn -0.1002 0.9940 -0.0435
vn -0.1003 0.9938 -0.0480
vn -0.1001 0.9936 -0.0527
vn -0.0996 0.9934 -0.0574
vn -0.0990 0.9931 -0.0622
vn -0.0981 0.9929 -0.0671
vn -0.0969 0.9927 -0.0720
vn -0.0955 0.9925 -0.0770
vn -0.0938 0.9922 -0.0819
vn -0.0918 0.9920 -0.0869
vn -0.0895 0.9917 -0.0918
vn -0.0869 0.9915 -0.0967
vn -0.0841 0.9913 -0.1014
vn -0.0810 0.9911 -0.1061
vn -0.0776 0.9908 -0.1107
vn -0.0739 0.9906 -0.1151
vn -0.0700 0.9904 -0.1193
vn -0.0658 0.9902 -0.1234
vn -0.0613 0.9900 -0.1272
vn -0.0567 0.9898 -0.1308
vn -0.0518 0.9896 -0.1341
vn -0.0467 0.9895 -0.1371
vn -0.0414 0.9893 -0.1399
vn -0.0360 0.9892 -0.1424
vn -0.0304 0.9890 -0.1445
vn -0.0247 0.9889 -0.1463
vn -0.0189 0.9888 -0.1477
vn -0.0130 0.9888 -0.1488
vn -0.0071 0.9887 -0.1495
vn -0.0011 0.9887 -0.1499
vn 0.0049 0.9887 -0.1499
vn 0.0108 0.9887 -0.1496
vn 0.0168 0.9887 -0.1488
vn 0.0227 0.9888 -0.1477
vn 0.0285 0.9888 -0.1463
vn 0.0342 0.9889 -0.1445
vn 0.0397 0.9890 -0.1423
vn 0.0451 0.9891 -0.1399
vn 0.0504 0.9893 -0.1371
vn 0.0555 0.9894 -0.1340
vn 0.0603 0.9896 -0.1307
vn 0.0650 0.9898 -0.1270
vn 0.0694 0.9900 -0.1232
vn 0.0735 0.9902 -0.1191
vn 0.0774 0.9904 -0.1148
vn 0.0810 0.9906 -0.1103
vn 0.0843 0.9908 -0.1057
vn 0.0874 0.9910 -0.1010
vn 0.0901 0.9913 -0.0961
vn 0.0926 0.9915 -0.0912
vn 0.0948 0.9918 -0.0863
vn 0.0966 0.9920 -0.0813
vn 0.0982 0.9922 -0.0763
vn 0.0995 0.9925 -0.0713
vn 0.1006 0.9927 -0.0663
vn 0.1014 0.9930 -0.0614
vn 0.1019 0.9932 -0.0566
vn 0.1022 0.9934 -0.0519
vn 0.1022 0.9936 -0.0472
vn 0.1020 0.9939 -0.0427
vn 0.1017 0.9941 -0.0384
vn 0.1011 0.9943 -0.0341
vn 0.1004 0.9945 -0.0301
vn 0.0995 0.9947 -0.0261
vn 0.0985 0.9949 -0.0224
vn 0.0973 0.9951 -0.0188
vn 0.0960 0.9953 -0.0153
vn 0.0946 0.9954 -0.0121
vn 0.0932 0.9956 -0.0090
vn 0.0916 0.9958 -0.0060
vn 0.0900 0.9959 -0.0033
vn 0.0883 0.9961 -0.0007
vn 0.0866 0.9962 0.0018
vn 0.0848 0.9964 0.0041
vn 0.0484 0.9981 0.0373
vn -0.1528 -0.9854 0.0757
vn -0.1600 -0.9835 0.0845
vn -0.1678 -0.9813 0.0942
vn -0.1763 -0.9787 0.1051
vn -0.1858 -0.9755 0.1175
vn -0.1962 -0.9717 0.1312
vn -0.2079 -0.9670 0.1472
vn -0.2210 -0.9612 0.1653
vn -0.2355 -0.9539 0.1859
vn -0.2521 -0.9446 0.2101
vn -0.2709 -0.9327 0.2380
vn -0.2925 -0.9171 0.2709
vn -0.3174 -0.8962 0.3100
vn -0.3458 -0.8682 0.3559
vn -0.3783 -0.8299 0.4101
vn -0.4150 -0.7765 0.4741
vn -0.4553 -0.7014 0.5485
vn -0.4959 -0.5978 0.6299
vn -0.5317 -0.4574 0.7128
vn -0.5537 -0.2814 0.7837
vn -0.5540 -0.0808 0.8286
vn -0.5305 0.1213 0.8390
vn -0.4884 0.3033 0.8182
vn -0.4381 0.4503 0.7780
vn -0.3868 0.5636 0.7299
vn -0.3401 0.6471 0.6824
vn -0.2983 0.7099 0.6381
vn -0.2618 0.7569 0.5988
vn -0.2304 0.7924 0.5648
vn -0.2032 0.8196 0.5357
vn -0.1794 0.8408 0.5107
vn -0.1585 0.8576 0.4893
vn -0.1400 0.8709 0.4711
vn -0.1234 0.8816 0.4556
vn -0.1084 0.8902 0.4425
vn -0.0946 0.8973 0.4312
vn -0.0819 0.9030 0.4218
vn -0.0701 0.9076 0.4139
vn -0.0589 0.9114 0.4074
vn -0.0483 0.9143 0.4022
vn -0.0383 0.9165 0.3982
vn -0.0285 0.9182 0.3952
vn -0.0189 0.9192 0.3933
vn -0.0094 0.9197 0.3925
vn -0.0001 0.9197 0.3926
vn 0.0093 0.9192 0.3937
vn 0.0187 0.9181 0.3959
vn 0.0284 0.9165 0.3990
vn 0.0385 0.9142 0.4034
vn 0.0489 0.9113 0.4088
vn 0.0598 0.9076 0.4155
vn 0.0714 0.9030 0.4237
vn 0.0839 0.8973 0.4335
vn 0.0974 0.8901 0.4451
vn 0.1120 0.8816 0.4586
vn 0.1281 0.8710 0.4743
vn 0.1460 0.8578 0.4928
vn 0.1665 0.8410 0.5148
vn 0.1894 0.8200 0.5400
vn 0.2159 0.7929 0.5699
vn 0.2462 0.7579 0.6041
vn 0.2811 0.7118 0.6437
vn 0.3213 0.6503 0.6884
vn 0.3676 0.5661 0.7378
vn 0.4165 0.4565 0.7862
vn 0.4661 0.3116 0.8281
vn 0.5082 0.1316 0.8511
vn 0.5333 -0.0706 0.8430
vn 0.5354 -0.2698 0.8003
vn 0.5161 -0.4483 0.7298
vn 0.4829 -0.5909 0.6463
vn 0.4445 -0.6963 0.5636
vn 0.4063 -0.7723 0.4883
vn 0.3708 -0.8270 0.4225
vn 0.3392 -0.8664 0.3665
vn 0.3118 -0.8948 0.3195
vn 0.2878 -0.9159 0.2797
vn 0.2667 -0.9319 0.2457
vn 0.2484 -0.9441 0.2169
vn 0.2321 -0.9536 0.1919
vn 0.2179 -0.9610 0.1705
vn 0.2053 -0.9668 0.1521
vn 0.1938 -0.9716 0.1356
vn 0.1836 -0.9755 0.1214
vn 0.1744 -0.9787 0.1087
vn 0.1660 -0.9813 0.0975
vn 0.1584 -0.9835 0.0874
vn 0.1513 -0.9854 0.0784
vn -0.0923 0.9951 0.0361
vn -0.1101 0.9939 0.0051
vn -0.1123 0.9937 0.0020
vn -0.1144 0.9934 -0.0012
vn -0.1164 0.9932 -0.0047
vn -0.1184 0.9929 -0.0084
vn -0.1203 0.9927 -0.0122
vn -0.1221 0.9924 -0.0163
vn -0.1237 0.9921 -0.0206
vn -0.1252 0.9918 -0.0252
vn -0.1265 0.9915 -0.0299
vn -0.1277 0.9912 -0.0348
vn -0.1287 0.9909 -0.0400
vn -0.1294 0.9906 -0.0453
vn -0.1300 0.9902 -0.0508
vn -0.1302 0.9899 -0.0565
vn -0.1302 0.9895 -0.0623
vn -0.1300 0.9892 -0.0683
vn -0.1294 0.9888 -0.0744
vn -0.1285 0.9884 -0.0807
vn -0.1273 0.9880 -0.0870
vn -0.1258 0.9877 -0.0933
vn -0.1239 0.9873 -0.0998
vn -0.1217 0.9869 -0.1062
vn -0.1191 0.9865 -0.1126
vn -0.1161 0.9861 -0.1190
vn -0.1128 0.9857 -0.1253
vn -0.1091 0.9853 -0.1315
vn -0.1050 0.9849 -0.1375
vn -0.1006 0.9845 -0.1434
vn -0.0958 0.9842 -0.1491
vn -0.0907 0.9838 -0.1546
vn -0.0853 0.9835 -0.1598
vn -0.0795 0.9831 -0.1647
vn -0.0735 0.9828 -0.1693
vn -0.0671 0.9825 -0.1736
vn -0.0606 0.9822 -0.1775
vn -0.0537 0.9820 -0.1811
vn -0.0467 0.9818 -0.1843
vn -0.0395 0.9816 -0.1870
vn -0.0321 0.9814 -0.1893
vn -0.0246 0.9812 -0.1912
vn -0.0170 0.9811 -0.1926
vn -0.0093 0.9810 -0.1936
vn -0.0016 0.9810 -0.1940
vn 0.0062 0.9810 -0.1940
vn 0.0139 0.9810 -0.1936
vn 0.0216 0.9810 -0.1926
vn 0.0292 0.9811 -0.1913
vn 0.0367 0.9812 -0.1894
vn 0.0441 0.9814 -0.1871
vn 0.0513 0.9815 -0.1843
vn 0.0584 0.9817 -0.1812
vn 0.0652 0.9819 -0.1776
vn 0.0717 0.9822 -0.1736
vn 0.0781 0.9825 -0.1693
vn 0.0841 0.9828 -0.1646
vn 0.0898 0.9831 -0.1596
vn 0.0952 0.9834 -0.1543
vn 0.1002 0.9838 -0.1488
vn 0.1049 0.9841 -0.1431
vn 0.1093 0.9845 -0.1371
vn 0.1132 0.9849 -0.1310
vn 0.1168 0.9853 -0.1248
vn 0.1200 0.9857 -0.1184
vn 0.1229 0.9861 -0.1120
vn 0.1253 0.9865 -0.1055
vn 0.1274 0.9869 -0.0990
vn 0.1292 0.9873 -0.0926
vn 0.1305 0.9877 -0.0862
vn 0.1316 0.9881 -0.0798
vn 0.1323 0.9885 -0.0735
vn 0.1326 0.9889 -0.0674
vn 0.1327 0.9892 -0.0614
vn 0.1325 0.9896 -0.0556
vn 0.1321 0.9900 -0.0499
vn 0.1314 0.9903 -0.0444
vn 0.1305 0.9907 -0.0391
vn 0.1293 0.9910 -0.0340
vn 0.1280 0.9913 -0.0291
vn 0.1265 0.9917 -0.0245
vn 0.1249 0.9920 -0.0200
vn 0.1231 0.9923 -0.0157
vn 0.1212 0.9926 -0.0117
vn 0.1192 0.9928 -0.0079
vn 0.1171 0.9931 -0.0043
vn 0.1149 0.9934 -0.0009
vn 0.1127 0.9936 0.0023
vn 0.1104 0.9939 0.0053
vn 0.0668 0.9967 0.0460
vn -0.1972 -0.9755 0.0977
vn -0.2062 -0.9724 0.1088
vn -0.2160 -0.9688 0.1212
vn -0.2266 -0.9646 0.1350
vn -0.2383 -0.9595 0.1505
vn -0.2511 -0.9533 0.1679
vn -0.2651 -0.9458 0.1874
vn -0.2807 -0.9366 0.2098
vn -0.2977 -0.9253 0.2348
vn -0.3169 -0.9110 0.2638
vn -0.3382 -0.8930 0.2970
vn -0.3617 -0.8701 0.3348
vn -0.3878 -0.8406 0.3783
vn -0.4163 -0.8022 0.4281
vn -0.4469 -0.7522 0.4842
vn -0.4785 -0.6873 0.5465
vn -0.5096 -0.6033 0.6135
vn -0.5368 -0.4973 0.6816
vn -0.5560 -0.3688 0.7449
vn -0.5630 -0.2212 0.7963
vn -0.5551 -0.0645 0.8293
vn -0.5324 0.0921 0.8415
vn -0.4983 0.2361 0.8342
vn -0.4580 0.3597 0.8129
vn -0.4158 0.4618 0.7835
vn -0.3742 0.5449 0.7504
vn -0.3354 0.6110 0.7171
vn -0.3000 0.6635 0.6854
vn -0.2681 0.7052 0.6564
vn -0.2393 0.7387 0.6302
vn -0.2134 0.7656 0.6069
vn -0.1901 0.7874 0.5863
vn -0.1691 0.8052 0.5684
vn -0.1500 0.8196 0.5529
vn -0.1323 0.8316 0.5394
vn -0.1160 0.8415 0.5277
vn -0.1007 0.8496 0.5177
vn -0.0864 0.8562 0.5094
vn -0.0729 0.8615 0.5024
vn -0.0599 0.8658 0.4969
vn -0.0475 0.8690 0.4925
vn -0.0354 0.8714 0.4893
vn -0.0236 0.8729 0.4873
vn -0.0120 0.8737 0.4863
vn -0.0003 0.8737 0.4865
vn 0.0114 0.8729 0.4878
vn 0.0231 0.8714 0.4901
vn 0.0350 0.8690 0.4935
vn 0.0474 0.8657 0.4983
vn 0.0602 0.8615 0.5041
vn 0.0735 0.8562 0.5114
vn 0.0875 0.8497 0.5200
vn 0.1025 0.8416 0.5303
vn 0.1184 0.8319 0.5422
vn 0.1357 0.8199 0.5562
vn 0.1544 0.8055 0.5722
vn 0.1747 0.7881 0.5903
vn 0.1974 0.7665 0.6112
vn 0.2226 0.7397 0.6351
vn 0.2503 0.7069 0.6616
vn 0.2815 0.6653 0.6914
vn 0.3158 0.6138 0.7235
vn 0.3531 0.5495 0.7572
vn 0.3938 0.4674 0.7915
vn 0.4353 0.3668 0.8222
vn 0.4752 0.2453 0.8450
vn 0.5096 0.1032 0.8542
vn 0.5336 -0.0522 0.8442
vn 0.5435 -0.2096 0.8128
vn 0.5391 -0.3568 0.7629
vn 0.5221 -0.4884 0.6992
vn 0.4970 -0.5961 0.6306
vn 0.4682 -0.6810 0.5631
vn 0.4379 -0.7476 0.4993
vn 0.4088 -0.7984 0.4421
vn 0.3810 -0.8380 0.3907
vn 0.3559 -0.8680 0.3461
vn 0.3331 -0.8915 0.3071
vn 0.3125 -0.9098 0.2731
vn 0.2939 -0.9244 0.2432
vn 0.2770 -0.9360 0.2170
vn 0.2619 -0.9454 0.1942
vn 0.2482 -0.9530 0.1739
vn 0.2357 -0.9592 0.1559
vn 0.2243 -0.9644 0.1399
vn 0.2139 -0.9687 0.1257
vn 0.2043 -0.9724 0.1129
vn 0.1955 -0.9755 0.1013
vn -0.1154 0.9922 0.0475
vn -0.1396 0.9902 0.0065
vn -0.1423 0.9898 0.0026
vn -0.1450 0.9894 -0.0015
vn -0.1476 0.9890 -0.0059
vn -0.1500 0.9886 -0.0105
vn -0.1524 0.9882 -0.0155
vn -0.1546 0.9878 -0.0207
vn -0.1567 0.9873 -0.0261
vn -0.1585 0.9868 -0.0318
vn -0.1602 0.9864 -0.0378
vn -0.1616 0.9859 -0.0440
vn -0.1628 0.9854 -0.0505
vn -0.1638 0.9848 -0.0573
vn -0.1644 0.9843 -0.0642
vn -0.1647 0.9838 -0.0714
vn -0.1647 0.9832 -0.0788
vn -0.1643 0.9826 -0.0863
vn -0.1636 0.9820 -0.0940
vn -0.1624 0.9814 -0.1019
vn -0.1609 0.9808 -0.1098
vn -0.1589 0.9802 -0.1178
vn -0.1565 0.9796 -0.1259
vn -0.1537 0.9790 -0.1340
vn -0.1503 0.9784 -0.1421
vn -0.1466 0.9778 -0.1500
vn -0.1423 0.9771 -0.1579
vn -0.1376 0.9765 -0.1657
vn -0.1325 0.9759 -0.1733
vn -0.1269 0.9753 -0.1807
vn -0.1209 0.9747 -0.1878
vn -0.1144 0.9742 -0.1947
vn -0.1075 0.9736 -0.2012
vn -0.1002 0.9731 -0.2074
vn -0.0926 0.9726 -0.2132
vn -0.0846 0.9721 -0.2186
vn -0.0763 0.9717 -0.2235
vn -0.0677 0.9713 -0.2279
vn -0.0589 0.9710 -0.2319
vn -0.0498 0.9706 -0.2353
vn -0.0405 0.9704 -0.2382
vn -0.0310 0.9701 -0.2405
vn -0.0215 0.9700 -0.2423
vn -0.0118 0.9698 -0.2435
vn -0.0021 0.9697 -0.2441
vn 0.0077 0.9697 -0.2441
vn 0.0174 0.9697 -0.2435
vn 0.0271 0.9698 -0.2424
vn 0.0367 0.9699 -0.2406
vn 0.0461 0.9701 -0.2383
vn 0.0554 0.9703 -0.2354
vn 0.0645 0.9706 -0.2320
vn 0.0734 0.9709 -0.2280
vn 0.0819 0.9712 -0.2236
vn 0.0902 0.9716 -0.2186
vn 0.0982 0.9721 -0.2132
vn 0.1058 0.9725 -0.2074
vn 0.1130 0.9730 -0.2011
vn 0.1199 0.9736 -0.1945
vn 0.1262 0.9741 -0.1876
vn 0.1322 0.9747 -0.1804
vn 0.1377 0.9753 -0.1729
vn 0.1427 0.9759 -0.1652
vn 0.1473 0.9765 -0.1574
vn 0.1514 0.9771 -0.1494
vn 0.1550 0.9777 -0.1413
vn 0.1582 0.9784 -0.1332
vn 0.1608 0.9790 -0.1251
vn 0.1631 0.9797 -0.1169
vn 0.1648 0.9803 -0.1089
vn 0.1662 0.9809 -0.1009
vn 0.1671 0.9815 -0.0930
vn 0.1676 0.9822 -0.0853
vn 0.1678 0.9828 -0.0777
vn 0.1676 0.9833 -0.0704
vn 0.1671 0.9839 -0.0632
vn 0.1662 0.9845 -0.0563
vn 0.1651 0.9850 -0.0496
vn 0.1637 0.9856 -0.0431
vn 0.1620 0.9861 -0.0369
vn 0.1602 0.9866 -0.0310
vn 0.1581 0.9871 -0.0254
vn 0.1559 0.9876 -0.0200
vn 0.1535 0.9880 -0.0149
vn 0.1510 0.9885 -0.0101
vn 0.1484 0.9889 -0.0055
vn 0.1457 0.9893 -0.0012
vn 0.1429 0.9897 0.0029
vn 0.1400 0.9901 0.0067
vn 0.0877 0.9946 0.0562
vn -0.2473 -0.9612 0.1224
vn -0.2581 -0.9565 0.1361
vn -0.2697 -0.9510 0.1512
vn -0.2823 -0.9445 0.1680
vn -0.2959 -0.9368 0.1868
vn -0.3108 -0.9275 0.2077
vn -0.3267 -0.9165 0.2309
vn -0.3442 -0.9030 0.2571
vn -0.3630 -0.8867 0.2863
vn -0.3834 -0.8668 0.3189
vn -0.4055 -0.8420 0.3559
vn -0.4290 -0.8115 0.3969
vn -0.4537 -0.7736 0.4424
vn -0.4792 -0.7265 0.4925
vn -0.5046 -0.6684 0.5465
vn -0.5286 -0.5970 0.6034
vn -0.5491 -0.5120 0.6606
vn -0.5641 -0.4117 0.7158
vn -0.5711 -0.2985 0.7647
vn -0.5684 -0.1765 0.8036
vn -0.5557 -0.0515 0.8298
vn -0.5336 0.0714 0.8427
vn -0.5041 0.1865 0.8433
vn -0.4701 0.2892 0.8339
vn -0.4341 0.3781 0.8177
vn -0.3979 0.4540 0.7972
vn -0.3625 0.5182 0.7746
vn -0.3293 0.5713 0.7518
vn -0.2981 0.6154 0.7296
vn -0.2692 0.6523 0.7086
vn -0.2426 0.6827 0.6892
vn -0.2179 0.7082 0.6715
vn -0.1952 0.7294 0.6556
vn -0.1742 0.7471 0.6415
vn -0.1544 0.7619 0.6290
vn -0.1360 0.7743 0.6181
vn -0.1185 0.7846 0.6086
vn -0.1020 0.7931 0.6005
vn -0.0863 0.8000 0.5938
vn -0.0711 0.8055 0.5883
vn -0.0565 0.8098 0.5840
vn -0.0421 0.8129 0.5809
vn -0.0281 0.8149 0.5789
vn -0.0143 0.8159 0.5780
vn -0.0005 0.8160 0.5781
vn 0.0133 0.8149 0.5794
vn 0.0273 0.8129 0.5818
vn 0.0414 0.8099 0.5852
vn 0.0559 0.8056 0.5898
vn 0.0709 0.8001 0.5957
vn 0.0865 0.7932 0.6028
vn 0.1027 0.7848 0.6112
vn 0.1198 0.7746 0.6210
vn 0.1380 0.7623 0.6323
vn 0.1571 0.7478 0.6451
vn 0.1779 0.7301 0.6597
vn 0.2001 0.7091 0.6761
vn 0.2239 0.6842 0.6940
vn 0.2500 0.6540 0.7140
vn 0.2780 0.6180 0.7354
vn 0.3084 0.5744 0.7583
vn 0.3412 0.5216 0.7820
vn 0.3754 0.4592 0.8051
vn 0.4109 0.3847 0.8265
vn 0.4467 0.2966 0.8441
vn 0.4805 0.1959 0.8548
vn 0.5104 0.0822 0.8560
vn 0.5336 -0.0396 0.8448
vn 0.5480 -0.1651 0.8200
vn 0.5527 -0.2873 0.7823
vn 0.5478 -0.4011 0.7342
vn 0.5349 -0.5029 0.6790
vn 0.5163 -0.5895 0.6213
vn 0.4940 -0.6620 0.5636
vn 0.4702 -0.7212 0.5087
vn 0.4458 -0.7694 0.4574
vn 0.4221 -0.8082 0.4106
vn 0.3994 -0.8395 0.3684
vn 0.3781 -0.8648 0.3304
vn 0.3583 -0.8852 0.2967
vn 0.3399 -0.9019 0.2665
vn 0.3230 -0.9156 0.2396
vn 0.3073 -0.9269 0.2154
vn 0.2929 -0.9363 0.1939
vn 0.2796 -0.9441 0.1746
vn 0.2672 -0.9508 0.1570
vn 0.2558 -0.9563 0.1414
vn 0.2452 -0.9611 0.1272
vn -0.1435 0.9877 0.0615
vn -0.1750 0.9845 0.0082
vn -0.1784 0.9840 0.0033
vn -0.1817 0.9834 -0.0018
vn -0.1849 0.9827 -0.0073
vn -0.1880 0.9821 -0.0132
vn -0.1909 0.9814 -0.0193
vn -0.1936 0.9807 -0.0258
vn -0.1961 0.9800 -0.0326
vn -0.1984 0.9793 -0.0398
vn -0.2004 0.9786 -0.0472
vn -0.2022 0.9778 -0.0550
vn -0.2036 0.9770 -0.0631
vn -0.2047 0.9762 -0.0715
vn -0.2055 0.9754 -0.0802
vn -0.2058 0.9745 -0.0891
vn -0.2057 0.9737 -0.0983
vn -0.2052 0.9728 -0.1077
vn -0.2042 0.9719 -0.1173
vn -0.2027 0.9710 -0.1270
vn -0.2007 0.9700 -0.1369
vn -0.1982 0.9691 -0.1469
vn -0.1951 0.9682 -0.1569
vn -0.1915 0.9672 -0.1669
vn -0.1873 0.9662 -0.1769
vn -0.1826 0.9653 -0.1868
vn -0.1772 0.9643 -0.1966
vn -0.1713 0.9634 -0.2062
vn -0.1649 0.9625 -0.2155
vn -0.1579 0.9616 -0.2246
vn -0.1503 0.9607 -0.2335
vn -0.1422 0.9598 -0.2419
vn -0.1336 0.9590 -0.2499
vn -0.1246 0.9582 -0.2575
vn -0.1151 0.9575 -0.2647
vn -0.1051 0.9567 -0.2713
vn -0.0948 0.9561 -0.2773
vn -0.0841 0.9555 -0.2828
vn -0.0731 0.9549 -0.2876
vn -0.0618 0.9545 -0.2918
vn -0.0503 0.9541 -0.2954
vn -0.0386 0.9537 -0.2982
vn -0.0267 0.9534 -0.3004
vn -0.0147 0.9532 -0.3019
vn -0.0026 0.9531 -0.3026
vn 0.0094 0.9531 -0.3026
vn 0.0215 0.9531 -0.3019
vn 0.0335 0.9532 -0.3005
vn 0.0454 0.9534 -0.2983
vn 0.0571 0.9536 -0.2955
vn 0.0687 0.9540 -0.2920
vn 0.0799 0.9544 -0.2878
vn 0.0909 0.9548 -0.2829
vn 0.1016 0.9554 -0.2774
vn 0.1119 0.9560 -0.2713
vn 0.1218 0.9566 -0.2647
vn 0.1313 0.9573 -0.2575
vn 0.1403 0.9581 -0.2498
vn 0.1488 0.9589 -0.2417
vn 0.1568 0.9597 -0.2332
vn 0.1643 0.9606 -0.2243
vn 0.1712 0.9615 -0.2151
vn 0.1775 0.9624 -0.2056
vn 0.1833 0.9633 -0.1959
vn 0.1884 0.9643 -0.1861
vn 0.1930 0.9653 -0.1761
vn 0.1970 0.9662 -0.1660
vn 0.2004 0.9672 -0.1560
vn 0.2032 0.9682 -0.1458
vn 0.2055 0.9692 -0.1358
vn 0.2073 0.9701 -0.1259
vn 0.2085 0.9711 -0.1161
vn 0.2093 0.9720 -0.1065
vn 0.2095 0.9730 -0.0971
vn 0.2094 0.9739 -0.0880
vn 0.2088 0.9748 -0.0790
vn 0.2078 0.9756 -0.0704
vn 0.2064 0.9765 -0.0621
vn 0.2047 0.9773 -0.0540
vn 0.2027 0.9781 -0.0463
vn 0.2005 0.9789 -0.0389
vn 0.1980 0.9797 -0.0318
vn 0.1952 0.9804 -0.0251
vn 0.1923 0.9812 -0.0187
vn 0.1892 0.9819 -0.0126
vn 0.1860 0.9825 -0.0069
vn 0.1826 0.9832 -0.0015
vn 0.1791 0.9838 0.0035
vn 0.1756 0.9844 0.0083
vn 0.1126 0.9913 0.0684
vn -0.3050 -0.9403 0.1509
vn -0.3175 -0.9334 0.1674
vn -0.3309 -0.9253 0.1854
vn -0.3451 -0.9158 0.2053
vn -0.3603 -0.9047 0.2273
vn -0.3766 -0.8916 0.2516
vn -0.3938 -0.8761 0.2782
vn -0.4120 -0.8577 0.3076
vn -0.4313 -0.8357 0.3400
vn -0.4514 -0.8094 0.3755
vn -0.4722 -0.7781 0.4142
vn -0.4934 -0.7405 0.4563
vn -0.5143 -0.6959 0.5013
vn -0.5343 -0.6428 0.5489
vn -0.5524 -0.5807 0.5980
vn -0.5674 -0.5088 0.6474
vn -0.5779 -0.4276 0.6951
vn -0.5827 -0.3381 0.7390
vn -0.5808 -0.2413 0.7774
vn -0.5719 -0.1414 0.8081
vn -0.5560 -0.0411 0.8302
vn -0.5342 0.0561 0.8435
vn -0.5076 0.1481 0.8488
vn -0.4778 0.2322 0.8472
vn -0.4463 0.3077 0.8403
vn -0.4143 0.3742 0.8297
vn -0.3823 0.4327 0.8165
vn -0.3515 0.4829 0.8021
vn -0.3219 0.5260 0.7872
vn -0.2935 0.5634 0.7723
vn -0.2670 0.5951 0.7580
vn -0.2418 0.6223 0.7445
vn -0.2181 0.6454 0.7321
vn -0.1957 0.6652 0.7206
vn -0.1745 0.6820 0.7102
vn -0.1544 0.6962 0.7010
vn -0.1351 0.7082 0.6930
vn -0.1166 0.7181 0.6861
vn -0.0989 0.7263 0.6802
vn -0.0818 0.7329 0.6754
vn -0.0650 0.7381 0.6716
vn -0.0486 0.7419 0.6688
vn -0.0326 0.7444 0.6669
vn -0.0166 0.7456 0.6662
vn -0.0006 0.7456 0.6664
vn 0.0151 0.7444 0.6675
vn 0.0313 0.7419 0.6698
vn 0.0476 0.7382 0.6729
vn 0.0641 0.7331 0.6770
vn 0.0811 0.7267 0.6822
vn 0.0986 0.7185 0.6885
vn 0.1169 0.7085 0.6959
vn 0.1357 0.6968 0.7043
vn 0.1557 0.6826 0.7140
vn 0.1764 0.6661 0.7247
vn 0.1983 0.6467 0.7365
vn 0.2216 0.6238 0.7495
vn 0.2463 0.5969 0.7636
vn 0.2724 0.5657 0.7784
vn 0.3000 0.5290 0.7938
vn 0.3290 0.4866 0.8093
vn 0.3594 0.4370 0.8245
vn 0.3909 0.3795 0.8386
vn 0.4225 0.3142 0.8502
vn 0.4540 0.2395 0.8582
vn 0.4838 0.1569 0.8610
vn 0.5109 0.0661 0.8571
vn 0.5336 -0.0307 0.8452
vn 0.5507 -0.1304 0.8245
vn 0.5613 -0.2310 0.7947
vn 0.5649 -0.3274 0.7574
vn 0.5619 -0.4183 0.7136
vn 0.5533 -0.5001 0.6661
vn 0.5400 -0.5731 0.6164
vn 0.5235 -0.6364 0.5665
vn 0.5049 -0.6903 0.5182
vn 0.4851 -0.7361 0.4720
vn 0.4650 -0.7744 0.4291
vn 0.4450 -0.8065 0.3892
vn 0.4257 -0.8333 0.3527
vn 0.4070 -0.8558 0.3192
vn 0.3893 -0.8747 0.2888
vn 0.3726 -0.8904 0.2614
vn 0.3567 -0.9039 0.2362
vn 0.3420 -0.9151 0.2136
vn 0.3280 -0.9248 0.1929
vn 0.3149 -0.9330 0.1741
vn 0.3026 -0.9401 0.1570
vn -0.1796 0.9805 0.0795
vn -0.2195 0.9756 0.0103
vn -0.2237 0.9746 0.0042
vn -0.2278 0.9737 -0.0023
vn -0.2317 0.9727 -0.0092
vn -0.2355 0.9717 -0.0165
vn -0.2390 0.9707 -0.0241
vn -0.2423 0.9697 -0.0323
vn -0.2454 0.9686 -0.0408
vn -0.2482 0.9674 -0.0497
vn -0.2506 0.9663 -0.0590
vn -0.2527 0.9651 -0.0687
vn -0.2544 0.9639 -0.0788
vn -0.2556 0.9626 -0.0892
vn -0.2564 0.9614 -0.1000
vn -0.2567 0.9601 -0.1111
vn -0.2565 0.9587 -0.1225
vn -0.2557 0.9574 -0.1341
vn -0.2543 0.9560 -0.1460
vn -0.2524 0.9546 -0.1581
vn -0.2498 0.9532 -0.1703
vn -0.2465 0.9518 -0.1826
vn -0.2426 0.9504 -0.1949
vn -0.2379 0.9489 -0.2073
vn -0.2326 0.9475 -0.2195
vn -0.2266 0.9460 -0.2317
vn -0.2198 0.9446 -0.2437
vn -0.2124 0.9432 -0.2555
vn -0.2043 0.9418 -0.2670
vn -0.1955 0.9404 -0.2781
vn -0.1861 0.9391 -0.2889
vn -0.1760 0.9378 -0.2992
vn -0.1653 0.9366 -0.3090
vn -0.1540 0.9354 -0.3183
vn -0.1422 0.9343 -0.3270
vn -0.1299 0.9332 -0.3350
vn -0.1171 0.9322 -0.3423
vn -0.1039 0.9314 -0.3490
vn -0.0903 0.9305 -0.3549
vn -0.0763 0.9298 -0.3600
vn -0.0621 0.9292 -0.3643
vn -0.0477 0.9287 -0.3677
vn -0.0330 0.9283 -0.3704
vn -0.0182 0.9280 -0.3721
vn -0.0033 0.9278 -0.3730
vn 0.0116 0.9278 -0.3730
vn 0.0264 0.9278 -0.3722
vn 0.0412 0.9279 -0.3704
vn 0.0559 0.9282 -0.3678
vn 0.0703 0.9286 -0.3644
vn 0.0846 0.9291 -0.3601
vn 0.0985 0.9297 -0.3550
vn 0.1121 0.9304 -0.3491
vn 0.1253 0.9311 -0.3424
vn 0.1381 0.9320 -0.3350
vn 0.1504 0.9330 -0.3270
vn 0.1622 0.9340 -0.3182
vn 0.1734 0.9352 -0.3089
vn 0.1840 0.9364 -0.2989
vn 0.1940 0.9376 -0.2885
vn 0.2033 0.9389 -0.2777
vn 0.2119 0.9403 -0.2664
vn 0.2199 0.9417 -0.2548
vn 0.2271 0.9431 -0.2430
vn 0.2337 0.9445 -0.2308
vn 0.2395 0.9460 -0.2186
vn 0.2446 0.9475 -0.2062
vn 0.2489 0.9489 -0.1938
vn 0.2526 0.9504 -0.1814
vn 0.2556 0.9519 -0.1690
vn 0.2579 0.9534 -0.1568
vn 0.2596 0.9548 -0.1447
vn 0.2607 0.9562 -0.1328
vn 0.2612 0.9577 -0.1211
vn 0.2611 0.9591 -0.1097
vn 0.2605 0.9604 -0.0987
vn 0.2594 0.9618 -0.0879
vn 0.2578 0.9631 -0.0776
vn 0.2558 0.9644 -0.0675
vn 0.2535 0.9656 -0.0579
vn 0.2507 0.9668 -0.0487
vn 0.2477 0.9680 -0.0399
vn 0.2444 0.9692 -0.0315
vn 0.2408 0.9703 -0.0234
vn 0.2371 0.9714 -0.0159
vn 0.2331 0.9724 -0.0087
vn 0.2290 0.9734 -0.0020
vn 0.2247 0.9744 0.0044
vn 0.2203 0.9754 0.0104
vn 0.1436 0.9861 0.0837
vn -0.3733 -0.9091 0.1846
vn -0.3872 -0.8992 0.2040
vn -0.4018 -0.8876 0.2251
vn -0.4171 -0.8744 0.2481
vn -0.4331 -0.8590 0.2731
vn -0.4497 -0.8412 0.3003
vn -0.4668 -0.8206 0.3297
vn -0.4844 -0.7967 0.3615
vn -0.5022 -0.7689 0.3957
vn -0.5200 -0.7366 0.4324
vn -0.5373 -0.6995 0.4712
vn -0.5537 -0.6568 0.5119
vn -0.5686 -0.6080 0.5541
vn -0.5814 -0.5528 0.5970
vn -0.5911 -0.4912 0.6398
vn -0.5972 -0.4235 0.6812
vn -0.5989 -0.3504 0.7201
vn -0.5957 -0.2734 0.7553
vn -0.5873 -0.1933 0.7859
vn -0.5741 -0.1125 0.8110
vn -0.5563 -0.0330 0.8303
vn -0.5346 0.0441 0.8440
vn -0.5099 0.1169 0.8523
vn -0.4829 0.1849 0.8559
vn -0.4547 0.2471 0.8557
vn -0.4257 0.3034 0.8525
vn -0.3967 0.3541 0.8469
vn -0.3681 0.3990 0.8398
vn -0.3403 0.4386 0.8317
vn -0.3130 0.4739 0.8231
vn -0.2869 0.5046 0.8143
vn -0.2618 0.5314 0.8056
vn -0.2378 0.5548 0.7973
vn -0.2145 0.5752 0.7894
vn -0.1922 0.5928 0.7820
vn -0.1708 0.6080 0.7754
vn -0.1502 0.6209 0.7694
vn -0.1302 0.6317 0.7642
vn -0.1105 0.6407 0.7598
vn -0.0916 0.6480 0.7561
vn -0.0731 0.6537 0.7532
vn -0.0547 0.6579 0.7511
vn -0.0366 0.6607 0.7498
vn -0.0188 0.6622 0.7491
vn -0.0008 0.6621 0.7494
vn 0.0170 0.6608 0.7503
vn 0.0350 0.6582 0.7521
vn 0.0532 0.6540 0.7546
vn 0.0717 0.6483 0.7580
vn 0.0905 0.6410 0.7621
vn 0.1098 0.6323 0.7669
vn 0.1296 0.6215 0.7726
vn 0.1501 0.6088 0.7790
vn 0.1713 0.5938 0.7862
vn 0.1933 0.5764 0.7940
vn 0.2160 0.5564 0.8023
vn 0.2397 0.5334 0.8112
vn 0.2645 0.5068 0.8205
vn 0.2902 0.4767 0.8298
vn 0.3170 0.4420 0.8391
vn 0.3447 0.4026 0.8480
vn 0.3729 0.3584 0.8558
vn 0.4017 0.3086 0.8622
vn 0.4304 0.2534 0.8664
vn 0.4588 0.1918 0.8676
vn 0.4859 0.1248 0.8651
vn 0.5111 0.0526 0.8579
vn 0.5336 -0.0238 0.8454
vn 0.5524 -0.1028 0.8272
vn 0.5669 -0.1834 0.8031
vn 0.5766 -0.2634 0.7734
vn 0.5814 -0.3410 0.7387
vn 0.5814 -0.4148 0.7000
vn 0.5770 -0.4828 0.6588
vn 0.5687 -0.5455 0.6156
vn 0.5574 -0.6016 0.5722
vn 0.5438 -0.6511 0.5294
vn 0.5285 -0.6948 0.4878
vn 0.5122 -0.7327 0.4480
vn 0.4954 -0.7656 0.4105
vn 0.4784 -0.7938 0.3754
vn 0.4614 -0.8184 0.3425
vn 0.4449 -0.8394 0.3122
vn 0.4288 -0.8575 0.2841
vn 0.4133 -0.8732 0.2582
vn 0.3984 -0.8868 0.2344
vn 0.3841 -0.8985 0.2124
vn 0.3706 -0.9087 0.1924
vn -0.2287 0.9679 0.1041
vn -0.2785 0.9604 0.0132
vn -0.2836 0.9589 0.0054
vn -0.2886 0.9574 -0.0029
vn -0.2934 0.9559 -0.0116
vn -0.2980 0.9543 -0.0208
vn -0.3023 0.9527 -0.0305
vn -0.3063 0.9511 -0.0407
vn -0.3100 0.9493 -0.0514
vn -0.3133 0.9476 -0.0627
vn -0.3161 0.9458 -0.0744
vn -0.3185 0.9440 -0.0865
vn -0.3204 0.9421 -0.0992
vn -0.3217 0.9401 -0.1123
vn -0.3225 0.9382 -0.1257
vn -0.3226 0.9362 -0.1396
vn -0.3221 0.9341 -0.1538
vn -0.3209 0.9321 -0.1682
vn -0.3189 0.9300 -0.1830
vn -0.3161 0.9278 -0.1980
vn -0.3126 0.9257 -0.2131
vn -0.3083 0.9235 -0.2283
vn -0.3031 0.9213 -0.2435
vn -0.2971 0.9192 -0.2586
vn -0.2901 0.9170 -0.2738
vn -0.2824 0.9148 -0.2887
vn -0.2738 0.9127 -0.3034
vn -0.2643 0.9106 -0.3178
vn -0.2540 0.9085 -0.3318
vn -0.2429 0.9065 -0.3454
vn -0.2310 0.9045 -0.3585
vn -0.2184 0.9026 -0.3711
vn -0.2050 0.9007 -0.3830
vn -0.1909 0.8990 -0.3942
vn -0.1761 0.8973 -0.4047
vn -0.1608 0.8958 -0.4144
vn -0.1449 0.8943 -0.4233
vn -0.1285 0.8930 -0.4313
vn -0.1116 0.8919 -0.4383
vn -0.0944 0.8908 -0.4445
vn -0.0768 0.8899 -0.4496
vn -0.0589 0.8892 -0.4538
vn -0.0408 0.8886 -0.4569
vn -0.0225 0.8882 -0.4590
vn -0.0042 0.8879 -0.4601
vn 0.0142 0.8878 -0.4601
vn 0.0325 0.8878 -0.4590
vn 0.0508 0.8881 -0.4569
vn 0.0689 0.8884 -0.4538
vn 0.0867 0.8890 -0.4496
vn 0.1043 0.8897 -0.4445
vn 0.1216 0.8906 -0.4383
vn 0.1384 0.8916 -0.4312
vn 0.1548 0.8927 -0.4232
vn 0.1707 0.8940 -0.4143
vn 0.1860 0.8954 -0.4045
vn 0.2007 0.8970 -0.3939
vn 0.2146 0.8986 -0.3826
vn 0.2279 0.9004 -0.3706
vn 0.2405 0.9022 -0.3579
vn 0.2523 0.9042 -0.3447
vn 0.2632 0.9062 -0.3310
vn 0.2733 0.9082 -0.3169
vn 0.2826 0.9104 -0.3024
vn 0.2909 0.9125 -0.2875
vn 0.2984 0.9147 -0.2725
vn 0.3050 0.9169 -0.2573
vn 0.3108 0.9191 -0.2420
vn 0.3157 0.9214 -0.2267
vn 0.3197 0.9236 -0.2115
vn 0.3229 0.9259 -0.1963
vn 0.3253 0.9281 -0.1813
vn 0.3269 0.9303 -0.1666
vn 0.3278 0.9324 -0.1521
vn 0.3279 0.9346 -0.1379
vn 0.3275 0.9367 -0.1241
vn 0.3263 0.9388 -0.1107
vn 0.3246 0.9408 -0.0977
vn 0.3224 0.9428 -0.0852
vn 0.3197 0.9447 -0.0731
vn 0.3165 0.9466 -0.0615
vn 0.3129 0.9485 -0.0504
vn 0.3089 0.9503 -0.0398
vn 0.3046 0.9520 -0.0297
vn 0.3000 0.9537 -0.0201
vn 0.2952 0.9554 -0.0111
vn 0.2902 0.9570 -0.0025
vn 0.2849 0.9585 0.0056
vn 0.2796 0.9600 0.0132
vn 0.1844 0.9773 0.1039
vn -0.4556 -0.8612 0.2252
vn -0.4700 -0.8472 0.2476
vn -0.4848 -0.8314 0.2716
vn -0.4999 -0.8135 0.2973
vn -0.5151 -0.7932 0.3248
vn -0.5304 -0.7703 0.3541
vn -0.5455 -0.7444 0.3851
vn -0.5602 -0.7152 0.4180
vn -0.5742 -0.6824 0.4524
vn -0.5871 -0.6458 0.4881
vn -0.5986 -0.6051 0.5249
vn -0.6083 -0.5602 0.5622
vn -0.6157 -0.5111 0.5997
vn -0.6203 -0.4579 0.6369
vn -0.6217 -0.4011 0.6727
vn -0.6197 -0.3413 0.7067
vn -0.6141 -0.2792 0.7382
vn -0.6048 -0.2158 0.7666
vn -0.5918 -0.1516 0.7917
vn -0.5756 -0.0880 0.8129
vn -0.5565 -0.0260 0.8305
vn -0.5349 0.0337 0.8442
vn -0.5114 0.0904 0.8546
vn -0.4864 0.1439 0.8618
vn -0.4604 0.1938 0.8663
vn -0.4339 0.2396 0.8685
vn -0.4072 0.2815 0.8689
vn -0.3805 0.3195 0.8678
vn -0.3542 0.3539 0.8656
vn -0.3282 0.3850 0.8626
vn -0.3028 0.4128 0.8590
vn -0.2780 0.4375 0.8551
vn -0.2539 0.4594 0.8511
vn -0.2303 0.4789 0.8471
vn -0.2073 0.4959 0.8433
vn -0.1850 0.5107 0.8396
vn -0.1633 0.5234 0.8363
vn -0.1420 0.5343 0.8333
vn -0.1211 0.5435 0.8306
vn -0.1005 0.5509 0.8285
vn -0.0802 0.5567 0.8268
vn -0.0603 0.5612 0.8255
vn -0.0404 0.5639 0.8248
vn -0.0207 0.5653 0.8246
vn -0.0011 0.5655 0.8248
vn 0.0187 0.5641 0.8255
vn 0.0384 0.5613 0.8267
vn 0.0583 0.5571 0.8284
vn 0.0784 0.5513 0.8306
vn 0.0989 0.5439 0.8333
vn 0.1197 0.5349 0.8364
vn 0.1409 0.5242 0.8399
vn 0.1624 0.5117 0.8436
vn 0.1846 0.4971 0.8478
vn 0.2073 0.4802 0.8523
vn 0.2306 0.4612 0.8568
vn 0.2544 0.4396 0.8614
vn 0.2791 0.4151 0.8659
vn 0.3042 0.3878 0.8701
vn 0.3298 0.3575 0.8737
vn 0.3562 0.3233 0.8767
vn 0.3827 0.2857 0.8786
vn 0.4094 0.2444 0.8790
vn 0.4359 0.1992 0.8777
vn 0.4620 0.1504 0.8741
vn 0.4873 0.0974 0.8678
vn 0.5112 0.0415 0.8584
vn 0.5336 -0.0181 0.8456
vn 0.5535 -0.0798 0.8290
vn 0.5707 -0.1430 0.8086
vn 0.5848 -0.2068 0.7844
vn 0.5953 -0.2701 0.7567
vn 0.6024 -0.3329 0.7255
vn 0.6058 -0.3930 0.6918
vn 0.6058 -0.4502 0.6560
vn 0.6026 -0.5041 0.6187
vn 0.5966 -0.5536 0.5810
vn 0.5881 -0.5995 0.5429
vn 0.5777 -0.6409 0.5054
vn 0.5659 -0.6781 0.4690
vn 0.5529 -0.7114 0.4339
vn 0.5389 -0.7413 0.4001
vn 0.5246 -0.7677 0.3681
vn 0.5101 -0.7909 0.3380
vn 0.4954 -0.8116 0.3096
vn 0.4808 -0.8299 0.2829
vn 0.4664 -0.8461 0.2580
vn 0.4523 -0.8604 0.2348
vn -0.3008 0.9433 0.1404
vn -0.3615 0.9322 0.0171
vn -0.3679 0.9299 0.0070
vn -0.3740 0.9274 -0.0036
vn -0.3798 0.9250 -0.0149
vn -0.3853 0.9224 -0.0268
vn -0.3904 0.9198 -0.0393
vn -0.3951 0.9171 -0.0525
vn -0.3993 0.9144 -0.0662
vn -0.4031 0.9116 -0.0806
vn -0.4063 0.9087 -0.0955
vn -0.4088 0.9058 -0.1110
vn -0.4107 0.9029 -0.1271
vn -0.4119 0.8998 -0.1436
vn -0.4123 0.8968 -0.1607
vn -0.4119 0.8936 -0.1781
vn -0.4107 0.8905 -0.1960
vn -0.4086 0.8873 -0.2142
vn -0.4055 0.8840 -0.2326
vn -0.4014 0.8807 -0.2513
vn -0.3964 0.8775 -0.2701
vn -0.3903 0.8742 -0.2889
vn -0.3832 0.8709 -0.3077
vn -0.3751 0.8676 -0.3265
vn -0.3659 0.8643 -0.3451
vn -0.3556 0.8611 -0.3634
vn -0.3443 0.8579 -0.3814
vn -0.3320 0.8547 -0.3990
vn -0.3187 0.8517 -0.4161
vn -0.3043 0.8487 -0.4326
vn -0.2891 0.8458 -0.4485
vn -0.2729 0.8430 -0.4636
vn -0.2559 0.8403 -0.4779
vn -0.2380 0.8378 -0.4914
vn -0.2194 0.8354 -0.5039
vn -0.2002 0.8332 -0.5155
vn -0.1802 0.8311 -0.5261
vn -0.1597 0.8292 -0.5357
vn -0.1386 0.8275 -0.5441
vn -0.1171 0.8260 -0.5513
vn -0.0953 0.8247 -0.5574
vn -0.0731 0.8237 -0.5623
vn -0.0506 0.8228 -0.5660
vn -0.0280 0.8222 -0.5685
vn -0.0053 0.8218 -0.5697
vn 0.0174 0.8217 -0.5697
vn 0.0402 0.8218 -0.5684
vn 0.0628 0.8221 -0.5659
vn 0.0852 0.8226 -0.5621
vn 0.1073 0.8234 -0.5572
vn 0.1292 0.8244 -0.5510
vn 0.1507 0.8256 -0.5437
vn 0.1717 0.8271 -0.5352
vn 0.1922 0.8287 -0.5256
vn 0.2121 0.8306 -0.5150
vn 0.2313 0.8326 -0.5033
vn 0.2498 0.8349 -0.4906
vn 0.2675 0.8372 -0.4770
vn 0.2844 0.8398 -0.4625
vn 0.3004 0.8424 -0.4473
vn 0.3155 0.8453 -0.4313
vn 0.3296 0.8482 -0.4147
vn 0.3427 0.8512 -0.3975
vn 0.3548 0.8543 -0.3798
vn 0.3658 0.8575 -0.3617
vn 0.3758 0.8608 -0.3432
vn 0.3846 0.8641 -0.3245
vn 0.3924 0.8675 -0.3057
vn 0.3992 0.8709 -0.2868
vn 0.4049 0.8742 -0.2679
vn 0.4095 0.8776 -0.2491
vn 0.4132 0.8810 -0.2304
vn 0.4158 0.8844 -0.2120
vn 0.4175 0.8877 -0.1938
vn 0.4184 0.8911 -0.1760
vn 0.4183 0.8943 -0.1586
vn 0.4175 0.8976 -0.1417
vn 0.4159 0.9007 -0.1252
vn 0.4136 0.9039 -0.1093
vn 0.4107 0.9069 -0.0939
vn 0.4071 0.9100 -0.0791
vn 0.4030 0.9129 -0.0650
vn 0.3984 0.9158 -0.0514
vn 0.3933 0.9186 -0.0384
vn 0.3879 0.9213 -0.0261
vn 0.3821 0.9240 -0.0144
vn 0.3760 0.9266 -0.0033
vn 0.3696 0.9292 0.0072
vn 0.3630 0.9316 0.0171
vn 0.2419 0.9612 0.1323
vn -0.5553 -0.7850 0.2744
vn -0.5685 -0.7663 0.2993
vn -0.5814 -0.7456 0.3256
vn -0.5939 -0.7229 0.3531
vn -0.6059 -0.6978 0.3819
vn -0.6172 -0.6703 0.4119
vn -0.6275 -0.6404 0.4429
vn -0.6365 -0.6078 0.4748
vn -0.6441 -0.5725 0.5073
vn -0.6499 -0.5348 0.5401
vn -0.6537 -0.4945 0.5729
vn -0.6553 -0.4515 0.6056
vn -0.6545 -0.4065 0.6375
vn -0.6511 -0.3598 0.6683
vn -0.6450 -0.3115 0.6978
vn -0.6363 -0.2625 0.7254
vn -0.6249 -0.2129 0.7511
vn -0.6111 -0.1634 0.7745
vn -0.5950 -0.1144 0.7956
vn -0.5767 -0.0663 0.8143
vn -0.5567 -0.0198 0.8305
vn -0.5352 0.0248 0.8444
vn -0.5125 0.0673 0.8560
vn -0.4887 0.1078 0.8658
vn -0.4643 0.1457 0.8736
vn -0.4396 0.1811 0.8798
vn -0.4147 0.2138 0.8845
vn -0.3896 0.2441 0.8881
vn -0.3644 0.2720 0.8906
vn -0.3396 0.2975 0.8923
vn -0.3150 0.3207 0.8933
vn -0.2906 0.3417 0.8937
vn -0.2667 0.3606 0.8938
vn -0.2431 0.3774 0.8936
vn -0.2197 0.3924 0.8932
vn -0.1968 0.4057 0.8926
vn -0.1743 0.4173 0.8919
vn -0.1519 0.4271 0.8913
vn -0.1299 0.4355 0.8908
vn -0.1081 0.4424 0.8903
vn -0.0865 0.4479 0.8899
vn -0.0650 0.4519 0.8897
vn -0.0438 0.4547 0.8896
vn -0.0224 0.4560 0.8897
vn -0.0012 0.4560 0.8900
vn 0.0200 0.4548 0.8904
vn 0.0413 0.4521 0.8910
vn 0.0627 0.4482 0.8917
vn 0.0841 0.4429 0.8926
vn 0.1059 0.4361 0.8937
vn 0.1279 0.4278 0.8948
vn 0.1502 0.4180 0.8960
vn 0.1727 0.4066 0.8972
vn 0.1954 0.3937 0.8982
vn 0.2186 0.3789 0.8993
vn 0.2421 0.3622 0.9001
vn 0.2659 0.3437 0.9006
vn 0.2902 0.3230 0.9008
vn 0.3148 0.3000 0.9005
vn 0.3395 0.2752 0.8995
vn 0.3645 0.2478 0.8976
vn 0.3898 0.2177 0.8948
vn 0.4147 0.1856 0.8908
vn 0.4397 0.1506 0.8854
vn 0.4641 0.1134 0.8785
vn 0.4883 0.0733 0.8696
vn 0.5114 0.0312 0.8588
vn 0.5335 -0.0130 0.8457
vn 0.5542 -0.0590 0.8303
vn 0.5732 -0.1068 0.8124
vn 0.5903 -0.1559 0.7919
vn 0.6052 -0.2051 0.7692
vn 0.6176 -0.2546 0.7441
vn 0.6276 -0.3039 0.7168
vn 0.6348 -0.3524 0.6876
vn 0.6395 -0.3995 0.6568
vn 0.6416 -0.4448 0.6249
vn 0.6413 -0.4879 0.5922
vn 0.6386 -0.5290 0.5589
vn 0.6339 -0.5675 0.5255
vn 0.6274 -0.6031 0.4925
vn 0.6194 -0.6363 0.4600
vn 0.6100 -0.6668 0.4281
vn 0.5996 -0.6947 0.3974
vn 0.5883 -0.7202 0.3677
vn 0.5764 -0.7434 0.3393
vn 0.5641 -0.7644 0.3122
vn 0.5514 -0.7836 0.2864
vn -0.4177 0.8864 0.1995
vn -0.4874 0.8729 0.0231
vn -0.4949 0.8689 0.0095
vn -0.5021 0.8648 -0.0048
vn -0.5088 0.8607 -0.0199
vn -0.5150 0.8564 -0.0358
vn -0.5207 0.8521 -0.0524
vn -0.5258 0.8477 -0.0698
vn -0.5302 0.8433 -0.0879
vn -0.5340 0.8387 -0.1067
vn -0.5369 0.8341 -0.1262
vn -0.5390 0.8295 -0.1463
vn -0.5402 0.8248 -0.1670
vn -0.5405 0.8200 -0.1884
vn -0.5397 0.8152 -0.2102
vn -0.5379 0.8103 -0.2325
vn -0.5349 0.8054 -0.2552
vn -0.5308 0.8005 -0.2781
vn -0.5255 0.7956 -0.3014
vn -0.5190 0.7907 -0.3247
vn -0.5112 0.7858 -0.3481
vn -0.5021 0.7809 -0.3716
vn -0.4918 0.7760 -0.3948
vn -0.4802 0.7712 -0.4179
vn -0.4673 0.7665 -0.4406
vn -0.4532 0.7618 -0.4629
vn -0.4377 0.7572 -0.4848
vn -0.4211 0.7528 -0.5060
vn -0.4033 0.7484 -0.5265
vn -0.3845 0.7442 -0.5462
vn -0.3644 0.7402 -0.5651
vn -0.3434 0.7363 -0.5831
vn -0.3214 0.7326 -0.6000
vn -0.2985 0.7291 -0.6158
vn -0.2747 0.7259 -0.6306
vn -0.2502 0.7228 -0.6441
vn -0.2250 0.7200 -0.6565
vn -0.1991 0.7175 -0.6675
vn -0.1727 0.7152 -0.6772
vn -0.1458 0.7132 -0.6856
vn -0.1185 0.7115 -0.6926
vn -0.0909 0.7101 -0.6982
vn -0.0629 0.7090 -0.7024
vn -0.0349 0.7081 -0.7052
vn -0.0066 0.7076 -0.7066
vn 0.0215 0.7074 -0.7065
vn 0.0497 0.7075 -0.7049
vn 0.0777 0.7079 -0.7020
vn 0.1056 0.7087 -0.6976
vn 0.1332 0.7097 -0.6918
vn 0.1605 0.7110 -0.6846
vn 0.1873 0.7126 -0.6761
vn 0.2136 0.7146 -0.6662
vn 0.2393 0.7167 -0.6550
vn 0.2644 0.7193 -0.6424
vn 0.2888 0.7220 -0.6287
vn 0.3124 0.7250 -0.6138
vn 0.3351 0.7283 -0.5978
vn 0.3569 0.7318 -0.5806
vn 0.3777 0.7354 -0.5625
vn 0.3975 0.7393 -0.5435
vn 0.4161 0.7434 -0.5237
vn 0.4336 0.7476 -0.5030
vn 0.4499 0.7521 -0.4817
vn 0.4649 0.7566 -0.4598
vn 0.4787 0.7613 -0.4374
vn 0.4912 0.7660 -0.4146
vn 0.5024 0.7709 -0.3915
vn 0.5123 0.7758 -0.3682
vn 0.5210 0.7808 -0.3448
vn 0.5283 0.7859 -0.3214
vn 0.5344 0.7909 -0.2982
vn 0.5393 0.7960 -0.2750
vn 0.5429 0.8011 -0.2521
vn 0.5454 0.8061 -0.2296
vn 0.5467 0.8112 -0.2074
vn 0.5471 0.8162 -0.1857
vn 0.5464 0.8212 -0.1646
vn 0.5447 0.8261 -0.1440
vn 0.5422 0.8310 -0.1241
vn 0.5388 0.8359 -0.1048
vn 0.5347 0.8406 -0.0863
vn 0.5299 0.8453 -0.0684
vn 0.5244 0.8499 -0.0513
vn 0.5184 0.8544 -0.0349
vn 0.5118 0.8589 -0.0193
vn 0.5048 0.8632 -0.0045
vn 0.4973 0.8675 0.0096
vn 0.4895 0.8717 0.0229
vn 0.3302 0.9273 0.1761
vn -0.6728 -0.6609 0.3324
vn -0.6813 -0.6382 0.3586
vn -0.6889 -0.6138 0.3857
vn -0.6953 -0.5879 0.4133
vn -0.7006 -0.5606 0.4415
vn -0.7045 -0.5317 0.4701
vn -0.7069 -0.5014 0.4989
vn -0.7077 -0.4697 0.5278
vn -0.7068 -0.4367 0.5565
vn -0.7040 -0.4027 0.5849
vn -0.6994 -0.3677 0.6129
vn -0.6928 -0.3318 0.6402
vn -0.6844 -0.2955 0.6666
vn -0.6741 -0.2591 0.6917
vn -0.6619 -0.2226 0.7158
vn -0.6479 -0.1860 0.7386
vn -0.6325 -0.1501 0.7599
vn -0.6154 -0.1146 0.7799
vn -0.5970 -0.0800 0.7982
vn -0.5774 -0.0465 0.8151
vn -0.5568 -0.0142 0.8305
vn -0.5353 0.0169 0.8445
vn -0.5132 0.0465 0.8570
vn -0.4903 0.0748 0.8683
vn -0.4671 0.1015 0.8784
vn -0.4435 0.1265 0.8873
vn -0.4197 0.1500 0.8952
vn -0.3959 0.1719 0.9021
vn -0.3718 0.1924 0.9082
vn -0.3477 0.2112 0.9135
vn -0.3239 0.2286 0.9181
vn -0.3000 0.2445 0.9221
vn -0.2763 0.2589 0.9255
vn -0.2527 0.2721 0.9285
vn -0.2291 0.2839 0.9311
vn -0.2058 0.2943 0.9333
vn -0.1827 0.3034 0.9352
vn -0.1598 0.3115 0.9367
vn -0.1369 0.3184 0.9380
vn -0.1141 0.3239 0.9392
vn -0.0915 0.3285 0.9401
vn -0.0689 0.3317 0.9409
vn -0.0463 0.3339 0.9415
vn -0.0239 0.3352 0.9419
vn -0.0013 0.3352 0.9422
vn 0.0211 0.3342 0.9423
vn 0.0435 0.3321 0.9422
vn 0.0662 0.3287 0.9421
vn 0.0887 0.3244 0.9417
vn 0.1114 0.3190 0.9412
vn 0.1344 0.3123 0.9404
vn 0.1573 0.3045 0.9394
vn 0.1805 0.2954 0.9382
vn 0.2037 0.2851 0.9366
vn 0.2271 0.2735 0.9347
vn 0.2507 0.2606 0.9323
vn 0.2745 0.2463 0.9295
vn 0.2982 0.2309 0.9262
vn 0.3223 0.2137 0.9222
vn 0.3463 0.1950 0.9176
vn 0.3704 0.1750 0.9122
vn 0.3945 0.1534 0.9060
vn 0.4184 0.1301 0.8989
vn 0.4422 0.1054 0.8907
vn 0.4656 0.0792 0.8814
vn 0.4888 0.0515 0.8709
vn 0.5115 0.0219 0.8590
vn 0.5334 -0.0087 0.8458
vn 0.5546 -0.0408 0.8311
vn 0.5748 -0.0738 0.8150
vn 0.5940 -0.1084 0.7971
vn 0.6118 -0.1436 0.7778
vn 0.6282 -0.1795 0.7570
vn 0.6431 -0.2157 0.7348
vn 0.6563 -0.2524 0.7110
vn 0.6677 -0.2891 0.6860
vn 0.6773 -0.3256 0.6597
vn 0.6850 -0.3615 0.6326
vn 0.6907 -0.3966 0.6047
vn 0.6946 -0.4311 0.5759
vn 0.6966 -0.4644 0.5469
vn 0.6969 -0.4964 0.5177
vn 0.6955 -0.5273 0.4882
vn 0.6925 -0.5565 0.4591
vn 0.6881 -0.5842 0.4302
vn 0.6824 -0.6106 0.4017
vn 0.6757 -0.6352 0.3740
vn 0.6679 -0.6584 0.3470
vn -0.6228 0.7209 0.3040
vn -0.6872 0.7257 0.0327
vn -0.6947 0.7191 0.0135
vn -0.7016 0.7126 -0.0067
vn -0.7078 0.7059 -0.0276
vn -0.7131 0.6993 -0.0495
vn -0.7178 0.6925 -0.0722
vn -0.7215 0.6858 -0.0957
vn -0.7242 0.6790 -0.1199
vn -0.7260 0.6723 -0.1449
vn -0.7266 0.6655 -0.1707
vn -0.7261 0.6588 -0.1970
vn -0.7244 0.6520 -0.2239
vn -0.7214 0.6453 -0.2513
vn -0.7171 0.6386 -0.2792
vn -0.7115 0.6319 -0.3074
vn -0.7044 0.6253 -0.3359
vn -0.6959 0.6187 -0.3645
vn -0.6860 0.6122 -0.3933
vn -0.6745 0.6058 -0.4220
vn -0.6617 0.5994 -0.4504
vn -0.6472 0.5932 -0.4788
vn -0.6313 0.5871 -0.5067
vn -0.6140 0.5811 -0.5341
vn -0.5952 0.5753 -0.5610
vn -0.5750 0.5697 -0.5873
vn -0.5535 0.5642 -0.6127
vn -0.5306 0.5589 -0.6373
vn -0.5065 0.5538 -0.6609
vn -0.4812 0.5489 -0.6835
vn -0.4547 0.5443 -0.7050
vn -0.4273 0.5398 -0.7253
vn -0.3989 0.5357 -0.7443
vn -0.3695 0.5318 -0.7620
vn -0.3393 0.5281 -0.7785
vn -0.3083 0.5247 -0.7935
vn -0.2767 0.5216 -0.8071
vn -0.2445 0.5188 -0.8192
vn -0.2117 0.5163 -0.8298
vn -0.1785 0.5142 -0.8389
vn -0.1449 0.5123 -0.8465
vn -0.1111 0.5108 -0.8525
vn -0.0769 0.5096 -0.8570
vn -0.0426 0.5088 -0.8599
vn -0.0082 0.5081 -0.8612
vn 0.0261 0.5079 -0.8610
vn 0.0604 0.5080 -0.8593
vn 0.0947 0.5084 -0.8559
vn 0.1287 0.5091 -0.8510
vn 0.1625 0.5103 -0.8445
vn 0.1959 0.5117 -0.8366
vn 0.2290 0.5135 -0.8270
vn 0.2615 0.5155 -0.8160
vn 0.2935 0.5178 -0.8036
vn 0.3248 0.5205 -0.7896
vn 0.3555 0.5236 -0.7742
vn 0.3854 0.5269 -0.7575
vn 0.4144 0.5304 -0.7395
vn 0.4425 0.5342 -0.7203
vn 0.4696 0.5385 -0.6996
vn 0.4956 0.5429 -0.6779
vn 0.5205 0.5476 -0.6551
vn 0.5441 0.5525 -0.6314
vn 0.5665 0.5577 -0.6067
vn 0.5875 0.5630 -0.5812
vn 0.6072 0.5686 -0.5550
vn 0.6255 0.5744 -0.5281
vn 0.6423 0.5803 -0.5006
vn 0.6577 0.5863 -0.4729
vn 0.6717 0.5925 -0.4447
vn 0.6840 0.5990 -0.4163
vn 0.6950 0.6055 -0.3878
vn 0.7045 0.6120 -0.3594
vn 0.7125 0.6188 -0.3310
vn 0.7190 0.6256 -0.3028
vn 0.7242 0.6324 -0.2748
vn 0.7281 0.6394 -0.2473
vn 0.7306 0.6463 -0.2202
vn 0.7319 0.6533 -0.1936
vn 0.7320 0.6603 -0.1676
vn 0.7310 0.6674 -0.1423
vn 0.7289 0.6744 -0.1177
vn 0.7259 0.6814 -0.0938
vn 0.7218 0.6884 -0.0707
vn 0.7169 0.6955 -0.0484
vn 0.7112 0.7024 -0.0269
vn 0.7048 0.7093 -0.0064
vn 0.6977 0.7162 0.0134
vn 0.6901 0.7230 0.0323
vn 0.4811 0.8401 0.2506
vn -0.7956 -0.4611 0.3930
vn -0.7949 -0.4393 0.4184
vn -0.7931 -0.4170 0.4439
vn -0.7900 -0.3942 0.4695
vn -0.7857 -0.3710 0.4950
vn -0.7800 -0.3476 0.5203
vn -0.7731 -0.3238 0.5455
vn -0.7648 -0.2997 0.5703
vn -0.7553 -0.2756 0.5946
vn -0.7445 -0.2515 0.6184
vn -0.7324 -0.2274 0.6417
vn -0.7192 -0.2034 0.6644
vn -0.7048 -0.1799 0.6862
vn -0.6894 -0.1567 0.7073
vn -0.6729 -0.1338 0.7275
vn -0.6554 -0.1113 0.7471
vn -0.6372 -0.0896 0.7655
vn -0.6181 -0.0683 0.7831
vn -0.5982 -0.0477 0.7999
vn -0.5779 -0.0279 0.8156
vn -0.5570 -0.0088 0.8305
vn -0.5355 0.0095 0.8445
vn -0.5136 0.0270 0.8576
vn -0.4913 0.0437 0.8699
vn -0.4687 0.0596 0.8813
vn -0.4459 0.0745 0.8920
vn -0.4229 0.0887 0.9018
vn -0.3998 0.1019 0.9109
vn -0.3765 0.1144 0.9193
vn -0.3530 0.1260 0.9271
vn -0.3296 0.1367 0.9342
vn -0.3061 0.1467 0.9406
vn -0.2826 0.1557 0.9465
vn -0.2591 0.1641 0.9518
vn -0.2355 0.1718 0.9566
vn -0.2120 0.1784 0.9608
vn -0.1886 0.1843 0.9646
vn -0.1651 0.1894 0.9679
vn -0.1417 0.1938 0.9707
vn -0.1183 0.1976 0.9731
vn -0.0949 0.2006 0.9751
vn -0.0716 0.2029 0.9766
vn -0.0482 0.2044 0.9777
vn -0.0249 0.2051 0.9784
vn -0.0015 0.2051 0.9787
vn 0.0219 0.2044 0.9787
vn 0.0451 0.2030 0.9781
vn 0.0684 0.2010 0.9772
vn 0.0919 0.1981 0.9759
vn 0.1153 0.1945 0.9741
vn 0.1387 0.1903 0.9719
vn 0.1623 0.1851 0.9692
vn 0.1858 0.1794 0.9661
vn 0.2092 0.1728 0.9625
vn 0.2327 0.1656 0.9584
vn 0.2564 0.1573 0.9537
vn 0.2800 0.1483 0.9485
vn 0.3035 0.1385 0.9427
vn 0.3270 0.1281 0.9363
vn 0.3506 0.1167 0.9292
vn 0.3740 0.1045 0.9215
vn 0.3974 0.0913 0.9131
vn 0.4206 0.0775 0.9039
vn 0.4437 0.0627 0.8940
vn 0.4666 0.0470 0.8832
vn 0.4892 0.0307 0.8717
vn 0.5115 0.0134 0.8592
vn 0.5334 -0.0047 0.8459
vn 0.5549 -0.0236 0.8316
vn 0.5758 -0.0431 0.8165
vn 0.5962 -0.0635 0.8003
vn 0.6160 -0.0847 0.7832
vn 0.6349 -0.1063 0.7652
vn 0.6531 -0.1286 0.7462
vn 0.6704 -0.1512 0.7264
vn 0.6867 -0.1743 0.7057
vn 0.7021 -0.1981 0.6840
vn 0.7162 -0.2219 0.6616
vn 0.7293 -0.2460 0.6385
vn 0.7411 -0.2701 0.6147
vn 0.7516 -0.2946 0.5901
vn 0.7609 -0.3186 0.5653
vn 0.7689 -0.3426 0.5399
vn 0.7755 -0.3664 0.5142
vn 0.7808 -0.3897 0.4883
vn 0.7848 -0.4128 0.4622
vn 0.7876 -0.4355 0.4360
vn 0.7891 -0.4573 0.4101
vn -0.8791 0.1873 0.4383
vn -0.9428 0.3304 0.0449
vn -0.9456 0.3248 0.0184
vn -0.9476 0.3193 -0.0089
vn -0.9487 0.3140 -0.0369
vn -0.9489 0.3088 -0.0657
vn -0.9481 0.3035 -0.0952
vn -0.9462 0.2984 -0.1254
vn -0.9432 0.2933 -0.1561
vn -0.9390 0.2884 -0.1873
vn -0.9336 0.2836 -0.2191
vn -0.9268 0.2789 -0.2514
vn -0.9188 0.2743 -0.2839
vn -0.9094 0.2697 -0.3167
vn -0.8985 0.2654 -0.3497
vn -0.8862 0.2611 -0.3828
vn -0.8724 0.2567 -0.4159
vn -0.8571 0.2526 -0.4489
vn -0.8404 0.2486 -0.4816
vn -0.8221 0.2447 -0.5141
vn -0.8023 0.2409 -0.5461
vn -0.7811 0.2372 -0.5776
vn -0.7583 0.2337 -0.6085
vn -0.7343 0.2302 -0.6386
vn -0.7088 0.2269 -0.6679
vn -0.6820 0.2237 -0.6963
vn -0.6539 0.2208 -0.7236
vn -0.6245 0.2179 -0.7500
vn -0.5941 0.2150 -0.7751
vn -0.5627 0.2123 -0.7989
vn -0.5301 0.2100 -0.8215
vn -0.4966 0.2076 -0.8428
vn -0.4624 0.2054 -0.8625
vn -0.4273 0.2034 -0.8810
vn -0.3914 0.2015 -0.8979
vn -0.3550 0.1998 -0.9133
vn -0.3180 0.1982 -0.9271
vn -0.2804 0.1969 -0.9395
vn -0.2426 0.1955 -0.9502
vn -0.2043 0.1944 -0.9594
vn -0.1658 0.1934 -0.9670
vn -0.1268 0.1927 -0.9730
vn -0.0879 0.1920 -0.9775
vn -0.0488 0.1916 -0.9803
vn -0.0095 0.1914 -0.9815
vn 0.0297 0.1912 -0.9811
vn 0.0687 0.1911 -0.9792
vn 0.1078 0.1914 -0.9756
vn 0.1466 0.1916 -0.9705
vn 0.1853 0.1922 -0.9637
vn 0.2236 0.1929 -0.9554
vn 0.2617 0.1938 -0.9455
vn 0.2993 0.1947 -0.9341
vn 0.3363 0.1958 -0.9212
vn 0.3729 0.1972 -0.9067
vn 0.4088 0.1985 -0.8907
vn 0.4442 0.2002 -0.8733
vn 0.4787 0.2021 -0.8544
vn 0.5124 0.2039 -0.8342
vn 0.5453 0.2060 -0.8126
vn 0.5771 0.2082 -0.7897
vn 0.6079 0.2108 -0.7655
vn 0.6377 0.2134 -0.7402
vn 0.6662 0.2161 -0.7137
vn 0.6936 0.2189 -0.6863
vn 0.7196 0.2218 -0.6580
vn 0.7444 0.2251 -0.6287
vn 0.7678 0.2284 -0.5986
vn 0.7898 0.2317 -0.5679
vn 0.8103 0.2353 -0.5367
vn 0.8294 0.2389 -0.5050
vn 0.8470 0.2428 -0.4728
vn 0.8632 0.2468 -0.4404
vn 0.8779 0.2508 -0.4080
vn 0.8911 0.2550 -0.3754
vn 0.9029 0.2593 -0.3428
vn 0.9133 0.2638 -0.3103
vn 0.9223 0.2683 -0.2781
vn 0.9300 0.2729 -0.2462
vn 0.9364 0.2777 -0.2145
vn 0.9416 0.2825 -0.1835
vn 0.9455 0.2876 -0.1527
vn 0.9483 0.2926 -0.1226
vn 0.9501 0.2978 -0.0932
vn 0.9508 0.3032 -0.0643
vn 0.9505 0.3085 -0.0361
vn 0.9494 0.3140 -0.0087
vn 0.9474 0.3196 0.0181
vn 0.9446 0.3254 0.0441
vn 0.7408 0.5556 0.3774
vn -0.8835 -0.1704 0.4363
vn -0.8734 -0.1607 0.4597
vn -0.8626 -0.1510 0.4828
vn -0.8511 -0.1415 0.5057
vn -0.8387 -0.1320 0.5283
vn -0.8257 -0.1227 0.5506
vn -0.8118 -0.1135 0.5728
vn -0.7973 -0.1042 0.5945
vn -0.7822 -0.0953 0.6157
vn -0.7664 -0.0865 0.6365
vn -0.7499 -0.0780 0.6570
vn -0.7328 -0.0694 0.6769
vn -0.7152 -0.0613 0.6962
vn -0.6970 -0.0533 0.7151
vn -0.6783 -0.0454 0.7334
vn -0.6591 -0.0377 0.7511
vn -0.6395 -0.0305 0.7682
vn -0.6195 -0.0234 0.7846
vn -0.5989 -0.0165 0.8006
vn -0.5782 -0.0099 0.8159
vn -0.5570 -0.0036 0.8305
vn -0.5356 0.0025 0.8445
vn -0.5138 0.0083 0.8579
vn -0.4918 0.0139 0.8706
vn -0.4696 0.0191 0.8827
vn -0.4471 0.0241 0.8941
vn -0.4245 0.0288 0.9050
vn -0.4017 0.0333 0.9151
vn -0.3787 0.0375 0.9248
vn -0.3556 0.0415 0.9337
vn -0.3324 0.0452 0.9420
vn -0.3092 0.0486 0.9498
vn -0.2858 0.0517 0.9569
vn -0.2622 0.0546 0.9635
vn -0.2387 0.0572 0.9694
vn -0.2152 0.0596 0.9747
vn -0.1916 0.0617 0.9795
vn -0.1680 0.0635 0.9837
vn -0.1442 0.0649 0.9874
vn -0.1205 0.0663 0.9905
vn -0.0967 0.0673 0.9930
vn -0.0729 0.0681 0.9950
vn -0.0492 0.0688 0.9964
vn -0.0255 0.0691 0.9973
vn -0.0017 0.0691 0.9976
vn 0.0221 0.0689 0.9974
vn 0.0459 0.0683 0.9966
vn 0.0697 0.0677 0.9953
vn 0.0934 0.0668 0.9934
vn 0.1173 0.0655 0.9909
vn 0.1409 0.0641 0.9879
vn 0.1647 0.0623 0.9844
vn 0.1884 0.0603 0.9802
vn 0.2121 0.0581 0.9755
vn 0.2355 0.0557 0.9703
vn 0.2591 0.0529 0.9644
vn 0.2826 0.0499 0.9579
vn 0.3060 0.0465 0.9509
vn 0.3294 0.0430 0.9432
vn 0.3527 0.0392 0.9349
vn 0.3758 0.0352 0.9261
vn 0.3988 0.0308 0.9165
vn 0.4217 0.0262 0.9064
vn 0.4444 0.0214 0.8956
vn 0.4669 0.0162 0.8842
vn 0.4893 0.0107 0.8720
vn 0.5115 0.0051 0.8593
vn 0.5333 -0.0009 0.8459
vn 0.5550 -0.0071 0.8318
vn 0.5762 -0.0135 0.8172
vn 0.5972 -0.0202 0.8019
vn 0.6179 -0.0273 0.7858
vn 0.6381 -0.0344 0.7692
vn 0.6580 -0.0419 0.7519
vn 0.6774 -0.0496 0.7340
vn 0.6962 -0.0574 0.7156
vn 0.7146 -0.0656 0.6964
vn 0.7325 -0.0739 0.6767
vn 0.7498 -0.0825 0.6566
vn 0.7664 -0.0912 0.6358
vn 0.7825 -0.1001 0.6146
vn 0.7979 -0.1093 0.5929
vn 0.8126 -0.1185 0.5707
vn 0.8265 -0.1278 0.5482
vn 0.8398 -0.1373 0.5252
vn 0.8523 -0.1468 0.5021
vn 0.8640 -0.1565 0.4785
vn 0.8750 -0.1662 0.4547
vn -0.7447 -0.5491 0.3794
vn -0.9442 -0.3262 0.0451
vn -0.9470 -0.3207 0.0185
vn -0.9489 -0.3153 -0.0088
vn -0.9500 -0.3101 -0.0369
vn -0.9501 -0.3049 -0.0657
vn -0.9493 -0.2997 -0.0953
vn -0.9473 -0.2946 -0.1254
vn -0.9443 -0.2897 -0.1562
vn -0.9400 -0.2850 -0.1874
vn -0.9346 -0.2803 -0.2193
vn -0.9278 -0.2757 -0.2515
vn -0.9197 -0.2711 -0.2840
vn -0.9102 -0.2667 -0.3168
vn -0.8993 -0.2624 -0.3499
vn -0.8869 -0.2581 -0.3830
vn -0.8731 -0.2540 -0.4161
vn -0.8578 -0.2500 -0.4490
vn -0.8410 -0.2460 -0.4819
vn -0.8227 -0.2423 -0.5143
vn -0.8029 -0.2386 -0.5463
vn -0.7816 -0.2350 -0.5778
vn -0.7588 -0.2316 -0.6087
vn -0.7347 -0.2282 -0.6388
vn -0.7092 -0.2250 -0.6681
vn -0.6823 -0.2220 -0.6965
vn -0.6543 -0.2192 -0.7238
vn -0.6249 -0.2163 -0.7501
vn -0.5944 -0.2135 -0.7753
vn -0.5629 -0.2110 -0.7991
vn -0.5304 -0.2087 -0.8217
vn -0.4969 -0.2065 -0.8429
vn -0.4626 -0.2043 -0.8627
vn -0.4275 -0.2024 -0.8811
vn -0.3916 -0.2006 -0.8980
vn -0.3552 -0.1990 -0.9134
vn -0.3182 -0.1976 -0.9272
vn -0.2806 -0.1962 -0.9395
vn -0.2427 -0.1949 -0.9503
vn -0.2045 -0.1939 -0.9595
vn -0.1659 -0.1931 -0.9671
vn -0.1271 -0.1924 -0.9731
vn -0.0879 -0.1918 -0.9775
vn -0.0489 -0.1915 -0.9803
vn -0.0097 -0.1913 -0.9815
vn 0.0295 -0.1912 -0.9811
vn 0.0686 -0.1912 -0.9791
vn 0.1076 -0.1916 -0.9756
vn 0.1465 -0.1919 -0.9704
vn 0.1850 -0.1926 -0.9637
vn 0.2235 -0.1933 -0.9553
vn 0.2615 -0.1943 -0.9455
vn 0.2991 -0.1953 -0.9340
vn 0.3361 -0.1966 -0.9211
vn 0.3727 -0.1979 -0.9066
vn 0.4087 -0.1994 -0.8906
vn 0.4439 -0.2012 -0.8732
vn 0.4785 -0.2031 -0.8543
vn 0.5122 -0.2050 -0.8340
vn 0.5450 -0.2072 -0.8124
vn 0.5768 -0.2097 -0.7895
vn 0.6076 -0.2123 -0.7654
vn 0.6373 -0.2150 -0.7400
vn 0.6659 -0.2177 -0.7136
vn 0.6932 -0.2207 -0.6861
vn 0.7192 -0.2238 -0.6577
vn 0.7439 -0.2271 -0.6285
vn 0.7673 -0.2305 -0.5984
vn 0.7893 -0.2339 -0.5677
vn 0.8098 -0.2376 -0.5365
vn 0.8288 -0.2414 -0.5047
vn 0.8464 -0.2454 -0.4726
vn 0.8625 -0.2495 -0.4403
vn 0.8772 -0.2536 -0.4077
vn 0.8903 -0.2580 -0.3752
vn 0.9021 -0.2623 -0.3426
vn 0.9125 -0.2669 -0.3101
vn 0.9214 -0.2715 -0.2779
vn 0.9291 -0.2762 -0.2460
vn 0.9354 -0.2811 -0.2144
vn 0.9405 -0.2861 -0.1833
vn 0.9444 -0.2912 -0.1527
vn 0.9472 -0.2964 -0.1226
vn 0.9488 -0.3017 -0.0931
vn 0.9495 -0.3071 -0.0643
vn 0.9492 -0.3125 -0.0361
vn 0.9480 -0.3181 -0.0087
vn 0.9459 -0.3239 0.0180
vn 0.9431 -0.3296 0.0439
vn 0.8793 -0.1866 0.4382
vn -0.8841 0.1667 0.4365
vn -0.8740 0.1570 0.4599
vn -0.8631 0.1474 0.4830
vn -0.8515 0.1380 0.5058
vn -0.8392 0.1286 0.5285
vn -0.8261 0.1193 0.5508
vn -0.8122 0.1101 0.5729
vn -0.7976 0.1010 0.5947
vn -0.7825 0.0922 0.6158
vn -0.7667 0.0835 0.6366
vn -0.7502 0.0750 0.6570
vn -0.7330 0.0666 0.6770
vn -0.7154 0.0585 0.6962
vn -0.6972 0.0505 0.7151
vn -0.6785 0.0427 0.7334
vn -0.6592 0.0352 0.7511
vn -0.6397 0.0281 0.7681
vn -0.6196 0.0211 0.7846
vn -0.5990 0.0143 0.8006
vn -0.5782 0.0078 0.8158
vn -0.5572 0.0016 0.8304
vn -0.5356 -0.0045 0.8444
vn -0.5139 -0.0101 0.8578
vn -0.4918 -0.0156 0.8705
vn -0.4696 -0.0207 0.8826
vn -0.4472 -0.0256 0.8941
vn -0.4246 -0.0303 0.9049
vn -0.4018 -0.0347 0.9151
vn -0.3788 -0.0388 0.9247
vn -0.3557 -0.0427 0.9336
vn -0.3325 -0.0463 0.9420
vn -0.3092 -0.0496 0.9497
vn -0.2859 -0.0526 0.9568
vn -0.2624 -0.0554 0.9634
vn -0.2388 -0.0580 0.9693
vn -0.2153 -0.0603 0.9747
vn -0.1917 -0.0623 0.9795
vn -0.1680 -0.0640 0.9837
vn -0.1443 -0.0654 0.9874
vn -0.1205 -0.0666 0.9905
vn -0.0969 -0.0676 0.9930
vn -0.0730 -0.0684 0.9950
vn -0.0492 -0.0690 0.9964
vn -0.0256 -0.0692 0.9973
vn -0.0018 -0.0691 0.9976
vn 0.0220 -0.0687 0.9974
vn 0.0458 -0.0681 0.9966
vn 0.0697 -0.0674 0.9953
vn 0.0934 -0.0664 0.9934
vn 0.1172 -0.0651 0.9910
vn 0.1409 -0.0636 0.9880
vn 0.1645 -0.0617 0.9844
vn 0.1884 -0.0596 0.9803
vn 0.2119 -0.0573 0.9756
vn 0.2355 -0.0548 0.9703
vn 0.2590 -0.0520 0.9645
vn 0.2826 -0.0488 0.9580
vn 0.3059 -0.0454 0.9510
vn 0.3293 -0.0418 0.9433
vn 0.3526 -0.0379 0.9350
vn 0.3758 -0.0338 0.9261
vn 0.3987 -0.0293 0.9166
vn 0.4216 -0.0247 0.9064
vn 0.4443 -0.0197 0.8957
vn 0.4669 -0.0144 0.8842
vn 0.4892 -0.0089 0.8721
vn 0.5114 -0.0032 0.8593
vn 0.5332 0.0029 0.8460
vn 0.5549 0.0092 0.8319
vn 0.5761 0.0157 0.8172
vn 0.5971 0.0225 0.8019
vn 0.6177 0.0296 0.7859
vn 0.6380 0.0369 0.7692
vn 0.6578 0.0445 0.7519
vn 0.6772 0.0522 0.7339
vn 0.6961 0.0602 0.7155
vn 0.7144 0.0685 0.6964
vn 0.7323 0.0769 0.6766
vn 0.7495 0.0855 0.6565
vn 0.7662 0.0943 0.6357
vn 0.7822 0.1034 0.6144
vn 0.7975 0.1126 0.5927
vn 0.8122 0.1219 0.5705
vn 0.8261 0.1313 0.5480
vn 0.8393 0.1408 0.5251
vn 0.8518 0.1504 0.5018
vn 0.8635 0.1602 0.4783
vn 0.8744 0.1698 0.4545
vn -0.4862 -0.8364 0.2530
vn -0.6889 -0.7241 0.0330
vn -0.6964 -0.7175 0.0137
vn -0.7033 -0.7109 -0.0065
vn -0.7094 -0.7043 -0.0275
vn -0.7147 -0.6977 -0.0493
vn -0.7193 -0.6909 -0.0721
vn -0.7230 -0.6842 -0.0956
vn -0.7258 -0.6774 -0.1199
vn -0.7275 -0.6706 -0.1450
vn -0.7281 -0.6639 -0.1708
vn -0.7275 -0.6572 -0.1971
vn -0.7257 -0.6505 -0.2240
vn -0.7227 -0.6437 -0.2515
vn -0.7184 -0.6371 -0.2794
vn -0.7127 -0.6305 -0.3076
vn -0.7056 -0.6238 -0.3361
vn -0.6971 -0.6173 -0.3648
vn -0.6871 -0.6108 -0.3935
vn -0.6756 -0.6044 -0.4222
vn -0.6626 -0.5982 -0.4507
vn -0.6481 -0.5920 -0.4790
vn -0.6322 -0.5859 -0.5070
vn -0.6148 -0.5800 -0.5344
vn -0.5960 -0.5743 -0.5613
vn -0.5757 -0.5686 -0.5876
vn -0.5541 -0.5632 -0.6130
vn -0.5312 -0.5581 -0.6375
vn -0.5071 -0.5529 -0.6612
vn -0.4818 -0.5481 -0.6837
vn -0.4553 -0.5434 -0.7052
vn -0.4278 -0.5391 -0.7255
vn -0.3994 -0.5351 -0.7445
vn -0.3700 -0.5312 -0.7622
vn -0.3397 -0.5275 -0.7787
vn -0.3087 -0.5242 -0.7937
vn -0.2771 -0.5211 -0.8072
vn -0.2449 -0.5185 -0.8193
vn -0.2121 -0.5160 -0.8299
vn -0.1789 -0.5139 -0.8390
vn -0.1453 -0.5121 -0.8465
vn -0.1114 -0.5106 -0.8526
vn -0.0773 -0.5095 -0.8570
vn -0.0430 -0.5086 -0.8599
vn -0.0086 -0.5081 -0.8612
vn 0.0257 -0.5079 -0.8610
vn 0.0601 -0.5080 -0.8593
vn 0.0943 -0.5085 -0.8559
vn 0.1284 -0.5093 -0.8509
vn 0.1621 -0.5105 -0.8445
vn 0.1956 -0.5120 -0.8365
vn 0.2286 -0.5138 -0.8269
vn 0.2611 -0.5159 -0.8159
vn 0.2931 -0.5183 -0.8034
vn 0.3244 -0.5211 -0.7894
vn 0.3550 -0.5242 -0.7741
vn 0.3850 -0.5274 -0.7574
vn 0.4139 -0.5311 -0.7393
vn 0.4420 -0.5351 -0.7200
vn 0.4691 -0.5393 -0.6994
vn 0.4951 -0.5437 -0.6777
vn 0.5198 -0.5485 -0.6549
vn 0.5434 -0.5535 -0.6311
vn 0.5657 -0.5587 -0.6065
vn 0.5868 -0.5641 -0.5809
vn 0.6064 -0.5697 -0.5547
vn 0.6247 -0.5755 -0.5278
vn 0.6414 -0.5815 -0.5004
vn 0.6568 -0.5876 -0.4726
vn 0.6707 -0.5939 -0.4444
vn 0.6830 -0.6003 -0.4161
vn 0.6940 -0.6068 -0.3876
vn 0.7033 -0.6135 -0.3591
vn 0.7113 -0.6202 -0.3308
vn 0.7178 -0.6271 -0.3026
vn 0.7229 -0.6340 -0.2747
vn 0.7267 -0.6409 -0.2471
vn 0.7292 -0.6479 -0.2201
vn 0.7305 -0.6549 -0.1935
vn 0.7306 -0.6620 -0.1676
vn 0.7295 -0.6690 -0.1423
vn 0.7274 -0.6760 -0.1177
vn 0.7243 -0.6831 -0.0938
vn 0.7203 -0.6901 -0.0708
vn 0.7153 -0.6971 -0.0485
vn 0.7096 -0.7041 -0.0271
vn 0.7032 -0.7110 -0.0065
vn 0.6960 -0.7179 0.0132
vn 0.6883 -0.7247 0.0320
vn 0.6199 -0.7241 0.3023
vn -0.7969 0.4584 0.3934
vn -0.7962 0.4367 0.4188
vn -0.7943 0.4142 0.4444
vn -0.7912 0.3915 0.4699
vn -0.7867 0.3683 0.4954
vn -0.7810 0.3449 0.5207
vn -0.7740 0.3211 0.5458
vn -0.7656 0.2969 0.5706
vn -0.7561 0.2729 0.5949
vn -0.7452 0.2488 0.6187
vn -0.7331 0.2248 0.6419
vn -0.7197 0.2008 0.6646
vn -0.7053 0.1773 0.6864
vn -0.6898 0.1544 0.7073
vn -0.6733 0.1314 0.7276
vn -0.6558 0.1090 0.7471
vn -0.6375 0.0872 0.7655
vn -0.6184 0.0661 0.7831
vn -0.5986 0.0456 0.7998
vn -0.5781 0.0257 0.8156
vn -0.5572 0.0069 0.8303
vn -0.5357 -0.0113 0.8443
vn -0.5138 -0.0288 0.8575
vn -0.4915 -0.0454 0.8697
vn -0.4689 -0.0612 0.8811
vn -0.4461 -0.0761 0.8918
vn -0.4231 -0.0900 0.9016
vn -0.4000 -0.1032 0.9107
vn -0.3766 -0.1156 0.9191
vn -0.3532 -0.1271 0.9269
vn -0.3298 -0.1378 0.9340
vn -0.3063 -0.1476 0.9404
vn -0.2828 -0.1567 0.9463
vn -0.2593 -0.1649 0.9516
vn -0.2357 -0.1725 0.9564
vn -0.2123 -0.1790 0.9607
vn -0.1888 -0.1848 0.9645
vn -0.1653 -0.1900 0.9678
vn -0.1420 -0.1943 0.9706
vn -0.1185 -0.1980 0.9730
vn -0.0952 -0.2008 0.9750
vn -0.0718 -0.2030 0.9765
vn -0.0484 -0.2044 0.9777
vn -0.0251 -0.2052 0.9784
vn -0.0017 -0.2051 0.9787
vn 0.0216 -0.2044 0.9787
vn 0.0449 -0.2028 0.9782
vn 0.0682 -0.2006 0.9773
vn 0.0917 -0.1978 0.9760
vn 0.1151 -0.1941 0.9742
vn 0.1386 -0.1898 0.9720
vn 0.1620 -0.1846 0.9694
vn 0.1856 -0.1787 0.9662
vn 0.2090 -0.1721 0.9626
vn 0.2325 -0.1647 0.9585
vn 0.2561 -0.1564 0.9539
vn 0.2798 -0.1474 0.9487
vn 0.3033 -0.1376 0.9429
vn 0.3269 -0.1269 0.9365
vn 0.3504 -0.1154 0.9295
vn 0.3739 -0.1032 0.9217
vn 0.3972 -0.0900 0.9133
vn 0.4204 -0.0760 0.9041
vn 0.4435 -0.0611 0.8942
vn 0.4663 -0.0455 0.8834
vn 0.4890 -0.0289 0.8718
vn 0.5113 -0.0115 0.8593
vn 0.5331 0.0066 0.8460
vn 0.5546 0.0256 0.8317
vn 0.5755 0.0452 0.8165
vn 0.5959 0.0657 0.8003
vn 0.6156 0.0869 0.7833
vn 0.6345 0.1086 0.7652
vn 0.6527 0.1309 0.7462
vn 0.6700 0.1537 0.7263
vn 0.6863 0.1769 0.7055
vn 0.7015 0.2006 0.6839
vn 0.7157 0.2246 0.6614
vn 0.7285 0.2486 0.6383
vn 0.7403 0.2729 0.6143
vn 0.7508 0.2971 0.5899
vn 0.7600 0.3213 0.5649
vn 0.7679 0.3454 0.5395
vn 0.7745 0.3691 0.5138
vn 0.7797 0.3925 0.4879
vn 0.7836 0.4156 0.4618
vn 0.7863 0.4381 0.4357
vn 0.7878 0.4601 0.4096
vn -0.3345 -0.9254 0.1781
vn -0.4884 -0.8723 0.0234
vn -0.4959 -0.8683 0.0098
vn -0.5031 -0.8642 -0.0046
vn -0.5098 -0.8600 -0.0197
vn -0.5160 -0.8558 -0.0356
vn -0.5217 -0.8515 -0.0522
vn -0.5268 -0.8471 -0.0696
vn -0.5312 -0.8427 -0.0877
vn -0.5350 -0.8381 -0.1065
vn -0.5379 -0.8335 -0.1261
vn -0.5400 -0.8288 -0.1463
vn -0.5412 -0.8241 -0.1670
vn -0.5414 -0.8194 -0.1883
vn -0.5407 -0.8145 -0.2102
vn -0.5388 -0.8097 -0.2325
vn -0.5358 -0.8049 -0.2552
vn -0.5317 -0.7999 -0.2782
vn -0.5264 -0.7950 -0.3014
vn -0.5198 -0.7901 -0.3248
vn -0.5121 -0.7852 -0.3483
vn -0.5029 -0.7804 -0.3716
vn -0.4926 -0.7755 -0.3949
vn -0.4810 -0.7707 -0.4180
vn -0.4680 -0.7660 -0.4407
vn -0.4539 -0.7613 -0.4630
vn -0.4384 -0.7567 -0.4849
vn -0.4218 -0.7523 -0.5061
vn -0.4040 -0.7480 -0.5266
vn -0.3851 -0.7438 -0.5463
vn -0.3651 -0.7398 -0.5652
vn -0.3440 -0.7359 -0.5832
vn -0.3220 -0.7323 -0.6001
vn -0.2991 -0.7289 -0.6159
vn -0.2753 -0.7256 -0.6306
vn -0.2507 -0.7226 -0.6442
vn -0.2255 -0.7198 -0.6566
vn -0.1996 -0.7173 -0.6676
vn -0.1732 -0.7150 -0.6773
vn -0.1463 -0.7131 -0.6856
vn -0.1190 -0.7114 -0.6926
vn -0.0913 -0.7100 -0.6983
vn -0.0635 -0.7089 -0.7024
vn -0.0354 -0.7081 -0.7052
vn -0.0071 -0.7076 -0.7066
vn 0.0210 -0.7074 -0.7065
vn 0.0491 -0.7076 -0.7049
vn 0.0773 -0.7080 -0.7020
vn 0.1051 -0.7088 -0.6976
vn 0.1327 -0.7098 -0.6918
vn 0.1599 -0.7112 -0.6846
vn 0.1868 -0.7128 -0.6760
vn 0.2130 -0.7148 -0.6661
vn 0.2388 -0.7170 -0.6549
vn 0.2639 -0.7195 -0.6424
vn 0.2882 -0.7223 -0.6286
vn 0.3118 -0.7254 -0.6137
vn 0.3345 -0.7286 -0.5977
vn 0.3563 -0.7321 -0.5806
vn 0.3771 -0.7358 -0.5625
vn 0.3968 -0.7397 -0.5434
vn 0.4155 -0.7438 -0.5236
vn 0.4329 -0.7481 -0.5029
vn 0.4492 -0.7525 -0.4816
vn 0.4642 -0.7571 -0.4597
vn 0.4779 -0.7618 -0.4373
vn 0.4904 -0.7666 -0.4145
vn 0.5016 -0.7715 -0.3914
vn 0.5115 -0.7764 -0.3682
vn 0.5202 -0.7814 -0.3447
vn 0.5274 -0.7865 -0.3214
vn 0.5335 -0.7915 -0.2981
vn 0.5384 -0.7966 -0.2750
vn 0.5420 -0.8017 -0.2521
vn 0.5444 -0.8068 -0.2296
vn 0.5458 -0.8118 -0.2074
vn 0.5461 -0.8169 -0.1858
vn 0.5454 -0.8218 -0.1647
vn 0.5438 -0.8268 -0.1441
vn 0.5412 -0.8317 -0.1242
vn 0.5378 -0.8365 -0.1050
vn 0.5337 -0.8413 -0.0864
vn 0.5289 -0.8459 -0.0686
vn 0.5234 -0.8505 -0.0515
vn 0.5174 -0.8550 -0.0351
vn 0.5108 -0.8595 -0.0196
vn 0.5037 -0.8639 -0.0047
vn 0.4963 -0.8681 0.0093
vn 0.4885 -0.8723 0.0227
vn 0.4145 -0.8883 0.1977
vn -0.6741 0.6595 0.3327
vn -0.6826 0.6366 0.3589
vn -0.6901 0.6122 0.3860
vn -0.6965 0.5863 0.4136
vn -0.7018 0.5588 0.4419
vn -0.7057 0.5298 0.4704
vn -0.7080 0.4996 0.4992
vn -0.7088 0.4677 0.5281
vn -0.7078 0.4348 0.5568
vn -0.7050 0.4008 0.5851
vn -0.7003 0.3657 0.6131
vn -0.6937 0.3298 0.6404
vn -0.6851 0.2934 0.6667
vn -0.6748 0.2570 0.6918
vn -0.6625 0.2206 0.7158
vn -0.6485 0.1840 0.7386
vn -0.6330 0.1481 0.7599
vn -0.6159 0.1128 0.7797
vn -0.5974 0.0781 0.7981
vn -0.5779 0.0448 0.8149
vn -0.5571 0.0123 0.8303
vn -0.5357 -0.0184 0.8442
vn -0.5135 -0.0481 0.8568
vn -0.4906 -0.0763 0.8680
vn -0.4674 -0.1027 0.8781
vn -0.4438 -0.1277 0.8870
vn -0.4200 -0.1513 0.8948
vn -0.3962 -0.1730 0.9017
vn -0.3721 -0.1934 0.9078
vn -0.3481 -0.2122 0.9131
vn -0.3241 -0.2295 0.9178
vn -0.3003 -0.2453 0.9218
vn -0.2767 -0.2596 0.9252
vn -0.2531 -0.2727 0.9282
vn -0.2295 -0.2845 0.9308
vn -0.2062 -0.2949 0.9330
vn -0.1831 -0.3039 0.9349
vn -0.1601 -0.3119 0.9365
vn -0.1373 -0.3186 0.9379
vn -0.1145 -0.3242 0.9390
vn -0.0918 -0.3287 0.9400
vn -0.0693 -0.3319 0.9408
vn -0.0467 -0.3341 0.9414
vn -0.0242 -0.3352 0.9418
vn -0.0018 -0.3351 0.9422
vn 0.0207 -0.3341 0.9423
vn 0.0432 -0.3319 0.9423
vn 0.0657 -0.3286 0.9422
vn 0.0884 -0.3242 0.9419
vn 0.1111 -0.3186 0.9414
vn 0.1340 -0.3119 0.9406
vn 0.1570 -0.3040 0.9396
vn 0.1801 -0.2948 0.9384
vn 0.2034 -0.2846 0.9368
vn 0.2268 -0.2729 0.9349
vn 0.2504 -0.2599 0.9326
vn 0.2740 -0.2456 0.9298
vn 0.2979 -0.2299 0.9265
vn 0.3219 -0.2127 0.9226
vn 0.3460 -0.1941 0.9179
vn 0.3701 -0.1739 0.9126
vn 0.3942 -0.1522 0.9064
vn 0.4180 -0.1290 0.8992
vn 0.4419 -0.1041 0.8910
vn 0.4653 -0.0778 0.8817
vn 0.4885 -0.0499 0.8712
vn 0.5112 -0.0204 0.8592
vn 0.5331 0.0104 0.8460
vn 0.5542 0.0425 0.8313
vn 0.5744 0.0757 0.8151
vn 0.5935 0.1102 0.7973
vn 0.6113 0.1455 0.7779
vn 0.6276 0.1814 0.7571
vn 0.6425 0.2178 0.7347
vn 0.6556 0.2544 0.7110
vn 0.6670 0.2911 0.6858
vn 0.6765 0.3276 0.6596
vn 0.6841 0.3635 0.6324
vn 0.6898 0.3986 0.6044
vn 0.6936 0.4330 0.5757
vn 0.6956 0.4663 0.5466
vn 0.6958 0.4983 0.5173
vn 0.6943 0.5290 0.4879
vn 0.6913 0.5582 0.4588
vn 0.6869 0.5859 0.4299
vn 0.6812 0.6122 0.4014
vn 0.6744 0.6367 0.3738
vn 0.6666 0.6598 0.3467
vn -0.2453 -0.9602 0.1339
vn -0.3621 -0.9320 0.0174
vn -0.3684 -0.9296 0.0073
vn -0.3745 -0.9272 -0.0034
vn -0.3803 -0.9247 -0.0147
vn -0.3859 -0.9222 -0.0266
vn -0.3910 -0.9196 -0.0391
vn -0.3957 -0.9169 -0.0522
vn -0.4000 -0.9141 -0.0660
vn -0.4037 -0.9114 -0.0803
vn -0.4069 -0.9085 -0.0953
vn -0.4095 -0.9056 -0.1108
vn -0.4114 -0.9026 -0.1269
vn -0.4126 -0.8996 -0.1434
vn -0.4130 -0.8965 -0.1605
vn -0.4126 -0.8934 -0.1780
vn -0.4114 -0.8902 -0.1958
vn -0.4092 -0.8870 -0.2140
vn -0.4061 -0.8838 -0.2325
vn -0.4021 -0.8805 -0.2511
vn -0.3970 -0.8772 -0.2699
vn -0.3910 -0.8739 -0.2888
vn -0.3839 -0.8706 -0.3076
vn -0.3757 -0.8674 -0.3264
vn -0.3665 -0.8641 -0.3450
vn -0.3563 -0.8609 -0.3633
vn -0.3449 -0.8577 -0.3813
vn -0.3326 -0.8545 -0.3989
vn -0.3193 -0.8515 -0.4160
vn -0.3050 -0.8485 -0.4326
vn -0.2897 -0.8456 -0.4484
vn -0.2735 -0.8428 -0.4635
vn -0.2565 -0.8402 -0.4779
vn -0.2386 -0.8376 -0.4914
vn -0.2200 -0.8353 -0.5039
vn -0.2007 -0.8331 -0.5155
vn -0.1808 -0.8310 -0.5261
vn -0.1602 -0.8291 -0.5356
vn -0.1392 -0.8274 -0.5440
vn -0.1177 -0.8259 -0.5513
vn -0.0959 -0.8247 -0.5574
vn -0.0737 -0.8236 -0.5623
vn -0.0512 -0.8228 -0.5660
vn -0.0286 -0.8222 -0.5685
vn -0.0059 -0.8218 -0.5697
vn 0.0169 -0.8217 -0.5697
vn 0.0395 -0.8218 -0.5684
vn 0.0622 -0.8221 -0.5659
vn 0.0846 -0.8227 -0.5622
vn 0.1068 -0.8235 -0.5572
vn 0.1286 -0.8245 -0.5511
vn 0.1502 -0.8257 -0.5437
vn 0.1711 -0.8272 -0.5352
vn 0.1916 -0.8288 -0.5257
vn 0.2115 -0.8307 -0.5150
vn 0.2307 -0.8327 -0.5033
vn 0.2492 -0.8350 -0.4906
vn 0.2669 -0.8374 -0.4770
vn 0.2838 -0.8399 -0.4626
vn 0.2998 -0.8426 -0.4473
vn 0.3149 -0.8455 -0.4314
vn 0.3290 -0.8484 -0.4147
vn 0.3421 -0.8514 -0.3975
vn 0.3541 -0.8546 -0.3799
vn 0.3652 -0.8578 -0.3617
vn 0.3751 -0.8611 -0.3433
vn 0.3840 -0.8644 -0.3247
vn 0.3918 -0.8677 -0.3058
vn 0.3985 -0.8711 -0.2869
vn 0.4042 -0.8745 -0.2680
vn 0.4089 -0.8779 -0.2492
vn 0.4125 -0.8813 -0.2306
vn 0.4151 -0.8847 -0.2121
vn 0.4169 -0.8880 -0.1940
vn 0.4177 -0.8913 -0.1762
vn 0.4177 -0.8946 -0.1588
vn 0.4169 -0.8978 -0.1419
vn 0.4153 -0.9010 -0.1254
vn 0.4130 -0.9041 -0.1095
vn 0.4100 -0.9072 -0.0941
vn 0.4065 -0.9102 -0.0793
vn 0.4023 -0.9132 -0.0652
vn 0.3977 -0.9160 -0.0516
vn 0.3927 -0.9188 -0.0387
vn 0.3873 -0.9216 -0.0263
vn 0.3815 -0.9243 -0.0146
vn 0.3754 -0.9269 -0.0036
vn 0.3690 -0.9294 0.0069
vn 0.3625 -0.9318 0.0168
vn 0.2981 -0.9444 0.1389
vn -0.5562 0.7844 0.2745
vn -0.5694 0.7656 0.2993
vn -0.5824 0.7448 0.3256
vn -0.5949 0.7221 0.3532
vn -0.6069 0.6970 0.3820
vn -0.6182 0.6693 0.4121
vn -0.6285 0.6393 0.4430
vn -0.6375 0.6066 0.4749
vn -0.6451 0.5713 0.5074
vn -0.6508 0.5336 0.5401
vn -0.6546 0.4932 0.5730
vn -0.6562 0.4502 0.6056
vn -0.6553 0.4052 0.6375
vn -0.6519 0.3582 0.6684
vn -0.6458 0.3102 0.6977
vn -0.6370 0.2611 0.7253
vn -0.6256 0.2114 0.7509
vn -0.6118 0.1621 0.7742
vn -0.5955 0.1128 0.7954
vn -0.5773 0.0650 0.8139
vn -0.5572 0.0185 0.8302
vn -0.5357 -0.0260 0.8440
vn -0.5130 -0.0683 0.8556
vn -0.4892 -0.1090 0.8653
vn -0.4647 -0.1469 0.8732
vn -0.4401 -0.1819 0.8793
vn -0.4151 -0.2147 0.8841
vn -0.3901 -0.2448 0.8876
vn -0.3650 -0.2727 0.8902
vn -0.3401 -0.2982 0.8919
vn -0.3155 -0.3212 0.8929
vn -0.2911 -0.3424 0.8933
vn -0.2672 -0.3611 0.8934
vn -0.2436 -0.3778 0.8933
vn -0.2203 -0.3927 0.8929
vn -0.1972 -0.4061 0.8923
vn -0.1748 -0.4174 0.8917
vn -0.1525 -0.4274 0.8911
vn -0.1303 -0.4358 0.8905
vn -0.1087 -0.4425 0.8902
vn -0.0870 -0.4480 0.8898
vn -0.0656 -0.4520 0.8896
vn -0.0443 -0.4546 0.8896
vn -0.0230 -0.4560 0.8897
vn -0.0017 -0.4560 0.8900
vn 0.0195 -0.4547 0.8904
vn 0.0408 -0.4521 0.8911
vn 0.0621 -0.4480 0.8919
vn 0.0836 -0.4427 0.8928
vn 0.1054 -0.4359 0.8938
vn 0.1274 -0.4276 0.8950
vn 0.1497 -0.4177 0.8962
vn 0.1721 -0.4063 0.8974
vn 0.1949 -0.3932 0.8985
vn 0.2181 -0.3784 0.8996
vn 0.2416 -0.3617 0.9004
vn 0.2654 -0.3432 0.9010
vn 0.2897 -0.3224 0.9012
vn 0.3143 -0.2995 0.9009
vn 0.3390 -0.2744 0.8999
vn 0.3641 -0.2469 0.8980
vn 0.3893 -0.2169 0.8952
vn 0.4143 -0.1845 0.8913
vn 0.4391 -0.1497 0.8859
vn 0.4637 -0.1122 0.8788
vn 0.4876 -0.0723 0.8700
vn 0.5109 -0.0300 0.8591
vn 0.5330 0.0143 0.8460
vn 0.5536 0.0605 0.8306
vn 0.5726 0.1082 0.8127
vn 0.5897 0.1571 0.7922
vn 0.6045 0.2065 0.7693
vn 0.6169 0.2560 0.7442
vn 0.6268 0.3054 0.7168
vn 0.6340 0.3538 0.6877
vn 0.6386 0.4008 0.6569
vn 0.6407 0.4461 0.6249
vn 0.6403 0.4894 0.5920
vn 0.6376 0.5302 0.5588
vn 0.6329 0.5686 0.5255
vn 0.6264 0.6042 0.4924
vn 0.6184 0.6373 0.4598
vn 0.6090 0.6678 0.4280
vn 0.5986 0.6956 0.3973
vn 0.5873 0.7210 0.3677
vn 0.5754 0.7442 0.3392
vn 0.5631 0.7652 0.3121
vn 0.5505 0.7842 0.2864
vn -0.1872 -0.9767 0.1051
vn -0.2788 -0.9603 0.0134
vn -0.2840 -0.9588 0.0057
vn -0.2890 -0.9573 -0.0026
vn -0.2938 -0.9558 -0.0113
vn -0.2984 -0.9542 -0.0205
vn -0.3027 -0.9526 -0.0302
vn -0.3067 -0.9509 -0.0404
vn -0.3104 -0.9492 -0.0512
vn -0.3137 -0.9475 -0.0624
vn -0.3165 -0.9457 -0.0741
vn -0.3189 -0.9438 -0.0863
vn -0.3208 -0.9420 -0.0989
vn -0.3222 -0.9400 -0.1120
vn -0.3229 -0.9381 -0.1254
vn -0.3231 -0.9361 -0.1393
vn -0.3226 -0.9340 -0.1535
vn -0.3213 -0.9319 -0.1680
vn -0.3194 -0.9298 -0.1827
vn -0.3166 -0.9277 -0.1977
vn -0.3131 -0.9256 -0.2128
vn -0.3088 -0.9234 -0.2280
vn -0.3036 -0.9212 -0.2432
vn -0.2976 -0.9191 -0.2584
vn -0.2907 -0.9169 -0.2735
vn -0.2830 -0.9147 -0.2885
vn -0.2743 -0.9126 -0.3032
vn -0.2649 -0.9105 -0.3176
vn -0.2546 -0.9084 -0.3316
vn -0.2435 -0.9064 -0.3452
vn -0.2316 -0.9044 -0.3584
vn -0.2190 -0.9025 -0.3709
vn -0.2056 -0.9007 -0.3828
vn -0.1915 -0.8989 -0.3941
vn -0.1767 -0.8973 -0.4046
vn -0.1614 -0.8957 -0.4143
vn -0.1455 -0.8943 -0.4231
vn -0.1291 -0.8930 -0.4312
vn -0.1122 -0.8918 -0.4383
vn -0.0950 -0.8908 -0.4444
vn -0.0774 -0.8899 -0.4496
vn -0.0595 -0.8891 -0.4537
vn -0.0414 -0.8886 -0.4569
vn -0.0232 -0.8881 -0.4590
vn -0.0048 -0.8879 -0.4600
vn 0.0136 -0.8878 -0.4601
vn 0.0319 -0.8878 -0.4591
vn 0.0501 -0.8881 -0.4570
vn 0.0683 -0.8885 -0.4538
vn 0.0861 -0.8890 -0.4497
vn 0.1037 -0.8897 -0.4445
vn 0.1210 -0.8906 -0.4384
vn 0.1378 -0.8916 -0.4313
vn 0.1542 -0.8928 -0.4233
vn 0.1701 -0.8941 -0.4144
vn 0.1854 -0.8955 -0.4046
vn 0.2001 -0.8970 -0.3941
vn 0.2141 -0.8987 -0.3828
vn 0.2274 -0.9005 -0.3708
vn 0.2399 -0.9023 -0.3581
vn 0.2517 -0.9043 -0.3449
vn 0.2626 -0.9063 -0.3312
vn 0.2728 -0.9083 -0.3171
vn 0.2820 -0.9105 -0.3026
vn 0.2904 -0.9126 -0.2877
vn 0.2979 -0.9148 -0.2727
vn 0.3045 -0.9170 -0.2575
vn 0.3103 -0.9193 -0.2423
vn 0.3152 -0.9215 -0.2270
vn 0.3192 -0.9237 -0.2117
vn 0.3224 -0.9260 -0.1966
vn 0.3248 -0.9282 -0.1816
vn 0.3264 -0.9304 -0.1669
vn 0.3273 -0.9326 -0.1524
vn 0.3275 -0.9347 -0.1382
vn 0.3270 -0.9368 -0.1244
vn 0.3259 -0.9389 -0.1110
vn 0.3242 -0.9409 -0.0980
vn 0.3220 -0.9429 -0.0854
vn 0.3192 -0.9448 -0.0734
vn 0.3161 -0.9467 -0.0617
vn 0.3125 -0.9486 -0.0507
vn 0.3085 -0.9504 -0.0401
vn 0.3042 -0.9521 -0.0300
vn 0.2997 -0.9538 -0.0204
vn 0.2948 -0.9555 -0.0113
vn 0.2898 -0.9571 -0.0028
vn 0.2846 -0.9586 0.0053
vn 0.2792 -0.9601 0.0129
vn 0.2266 -0.9685 0.1029
vn -0.4562 0.8610 0.2250
vn -0.4706 0.8470 0.2474
vn -0.4855 0.8311 0.2714
vn -0.5006 0.8131 0.2971
vn -0.5158 0.7929 0.3245
vn -0.5311 0.7699 0.3538
vn -0.5462 0.7440 0.3849
vn -0.5609 0.7148 0.4177
vn -0.5750 0.6818 0.4522
vn -0.5880 0.6452 0.4879
vn -0.5994 0.6046 0.5245
vn -0.6091 0.5595 0.5620
vn -0.6165 0.5105 0.5995
vn -0.6211 0.4574 0.6365
vn -0.6225 0.4002 0.6725
vn -0.6205 0.3406 0.7064
vn -0.6149 0.2785 0.7378
vn -0.6055 0.2149 0.7663
vn -0.5926 0.1510 0.7912
vn -0.5763 0.0873 0.8125
vn -0.5573 0.0254 0.8300
vn -0.5356 -0.0346 0.8438
vn -0.5121 -0.0910 0.8541
vn -0.4871 -0.1443 0.8613
vn -0.4610 -0.1943 0.8658
vn -0.4345 -0.2401 0.8681
vn -0.4078 -0.2819 0.8685
vn -0.3812 -0.3198 0.8674
vn -0.3549 -0.3543 0.8652
vn -0.3288 -0.3854 0.8622
vn -0.3036 -0.4129 0.8587
vn -0.2787 -0.4377 0.8549
vn -0.2545 -0.4597 0.8508
vn -0.2309 -0.4792 0.8468
vn -0.2080 -0.4960 0.8430
vn -0.1857 -0.5108 0.8394
vn -0.1639 -0.5237 0.8360
vn -0.1427 -0.5344 0.8331
vn -0.1217 -0.5435 0.8305
vn -0.1011 -0.5510 0.8284
vn -0.0809 -0.5568 0.8267
vn -0.0609 -0.5611 0.8255
vn -0.0411 -0.5639 0.8248
vn -0.0214 -0.5654 0.8245
vn -0.0017 -0.5654 0.8248
vn 0.0180 -0.5641 0.8255
vn 0.0377 -0.5612 0.8268
vn 0.0576 -0.5570 0.8285
vn 0.0778 -0.5512 0.8307
vn 0.0982 -0.5438 0.8335
vn 0.1190 -0.5348 0.8365
vn 0.1402 -0.5241 0.8400
vn 0.1618 -0.5115 0.8439
vn 0.1839 -0.4969 0.8481
vn 0.2066 -0.4801 0.8525
vn 0.2299 -0.4609 0.8571
vn 0.2538 -0.4393 0.8617
vn 0.2783 -0.4149 0.8662
vn 0.3036 -0.3875 0.8704
vn 0.3292 -0.3571 0.8741
vn 0.3554 -0.3230 0.8771
vn 0.3821 -0.2852 0.8790
vn 0.4087 -0.2439 0.8795
vn 0.4352 -0.1989 0.8781
vn 0.4613 -0.1497 0.8745
vn 0.4866 -0.0969 0.8683
vn 0.5105 -0.0406 0.8589
vn 0.5328 0.0187 0.8460
vn 0.5528 0.0803 0.8294
vn 0.5700 0.1437 0.8090
vn 0.5839 0.2075 0.7848
vn 0.5946 0.2712 0.7569
vn 0.6016 0.3335 0.7259
vn 0.6050 0.3937 0.6921
vn 0.6050 0.4511 0.6561
vn 0.6017 0.5046 0.6191
vn 0.5957 0.5543 0.5812
vn 0.5873 0.6000 0.5432
vn 0.5770 0.6415 0.5056
vn 0.5651 0.6786 0.4693
vn 0.5521 0.7119 0.4341
vn 0.5382 0.7416 0.4003
vn 0.5239 0.7680 0.3683
vn 0.5094 0.7913 0.3382
vn 0.4947 0.8119 0.3098
vn 0.4801 0.8303 0.2831
vn 0.4658 0.8464 0.2582
vn 0.4518 0.8606 0.2351
vn -0.1459 -0.9857 0.0847
vn -0.2197 -0.9755 0.0106
vn -0.2239 -0.9746 0.0045
vn -0.2280 -0.9737 -0.0020
vn -0.2319 -0.9727 -0.0089
vn -0.2357 -0.9717 -0.0162
vn -0.2392 -0.9707 -0.0238
vn -0.2426 -0.9696 -0.0320
vn -0.2457 -0.9685 -0.0405
vn -0.2484 -0.9674 -0.0494
vn -0.2509 -0.9662 -0.0587
vn -0.2530 -0.9650 -0.0684
vn -0.2547 -0.9638 -0.0785
vn -0.2559 -0.9626 -0.0889
vn -0.2568 -0.9613 -0.0997
vn -0.2571 -0.9600 -0.1108
vn -0.2569 -0.9587 -0.1222
vn -0.2561 -0.9574 -0.1338
vn -0.2547 -0.9560 -0.1457
vn -0.2528 -0.9546 -0.1578
vn -0.2502 -0.9532 -0.1699
vn -0.2469 -0.9517 -0.1823
vn -0.2430 -0.9503 -0.1946
vn -0.2384 -0.9489 -0.2069
vn -0.2331 -0.9474 -0.2192
vn -0.2271 -0.9460 -0.2314
vn -0.2203 -0.9446 -0.2434
vn -0.2129 -0.9432 -0.2552
vn -0.2048 -0.9418 -0.2667
vn -0.1961 -0.9404 -0.2779
vn -0.1866 -0.9391 -0.2886
vn -0.1766 -0.9378 -0.2989
vn -0.1659 -0.9366 -0.3088
vn -0.1546 -0.9354 -0.3181
vn -0.1428 -0.9342 -0.3268
vn -0.1305 -0.9332 -0.3348
vn -0.1177 -0.9322 -0.3422
vn -0.1045 -0.9313 -0.3488
vn -0.0909 -0.9305 -0.3548
vn -0.0770 -0.9298 -0.3599
vn -0.0628 -0.9292 -0.3642
vn -0.0483 -0.9287 -0.3677
vn -0.0336 -0.9283 -0.3703
vn -0.0188 -0.9280 -0.3721
vn -0.0040 -0.9278 -0.3730
vn 0.0109 -0.9278 -0.3730
vn 0.0258 -0.9278 -0.3722
vn 0.0406 -0.9279 -0.3705
vn 0.0553 -0.9282 -0.3679
vn 0.0697 -0.9286 -0.3645
vn 0.0839 -0.9291 -0.3602
vn 0.0979 -0.9297 -0.3551
vn 0.1115 -0.9304 -0.3492
vn 0.1247 -0.9312 -0.3426
vn 0.1375 -0.9321 -0.3352
vn 0.1498 -0.9330 -0.3271
vn 0.1616 -0.9341 -0.3184
vn 0.1728 -0.9352 -0.3091
vn 0.1834 -0.9364 -0.2992
vn 0.1934 -0.9376 -0.2888
vn 0.2028 -0.9390 -0.2780
vn 0.2114 -0.9403 -0.2667
vn 0.2194 -0.9417 -0.2551
vn 0.2266 -0.9431 -0.2432
vn 0.2332 -0.9446 -0.2312
vn 0.2390 -0.9460 -0.2189
vn 0.2441 -0.9475 -0.2065
vn 0.2485 -0.9490 -0.1941
vn 0.2522 -0.9505 -0.1817
vn 0.2552 -0.9519 -0.1694
vn 0.2576 -0.9534 -0.1571
vn 0.2593 -0.9549 -0.1450
vn 0.2603 -0.9563 -0.1331
vn 0.2608 -0.9577 -0.1215
vn 0.2607 -0.9591 -0.1101
vn 0.2601 -0.9605 -0.0990
vn 0.2591 -0.9618 -0.0883
vn 0.2575 -0.9631 -0.0779
vn 0.2556 -0.9644 -0.0679
vn 0.2532 -0.9657 -0.0582
vn 0.2505 -0.9669 -0.0490
vn 0.2475 -0.9681 -0.0402
vn 0.2442 -0.9692 -0.0318
vn 0.2406 -0.9703 -0.0238
vn 0.2368 -0.9714 -0.0162
vn 0.2329 -0.9725 -0.0090
vn 0.2288 -0.9735 -0.0022
vn 0.2245 -0.9745 0.0041
vn 0.2201 -0.9754 0.0101
vn 0.1780 -0.9809 0.0785
vn -0.3736 0.9091 0.1843
vn -0.3875 0.8991 0.2036
vn -0.4021 0.8876 0.2247
vn -0.4174 0.8743 0.2477
vn -0.4335 0.8589 0.2727
vn -0.4501 0.8412 0.2998
vn -0.4672 0.8206 0.3292
vn -0.4848 0.7966 0.3610
vn -0.5026 0.7689 0.3951
vn -0.5205 0.7366 0.4318
vn -0.5378 0.6995 0.4706
vn -0.5542 0.6569 0.5112
vn -0.5692 0.6080 0.5535
vn -0.5820 0.5528 0.5963
vn -0.5918 0.4914 0.6390
vn -0.5979 0.4234 0.6806
vn -0.5996 0.3507 0.7193
vn -0.5965 0.2735 0.7546
vn -0.5882 0.1934 0.7852
vn -0.5750 0.1127 0.8104
vn -0.5572 0.0332 0.8297
vn -0.5356 -0.0437 0.8434
vn -0.5108 -0.1168 0.8517
vn -0.4839 -0.1846 0.8554
vn -0.4557 -0.2468 0.8553
vn -0.4267 -0.3033 0.8520
vn -0.3975 -0.3541 0.8465
vn -0.3691 -0.3988 0.8395
vn -0.3412 -0.4385 0.8314
vn -0.3139 -0.4737 0.8228
vn -0.2878 -0.5046 0.8140
vn -0.2627 -0.5314 0.8054
vn -0.2386 -0.5547 0.7971
vn -0.2154 -0.5751 0.7892
vn -0.1929 -0.5929 0.7818
vn -0.1717 -0.6079 0.7752
vn -0.1510 -0.6208 0.7693
vn -0.1309 -0.6316 0.7641
vn -0.1114 -0.6406 0.7597
vn -0.0924 -0.6480 0.7560
vn -0.0738 -0.6537 0.7532
vn -0.0554 -0.6580 0.7510
vn -0.0374 -0.6607 0.7497
vn -0.0195 -0.6621 0.7492
vn -0.0017 -0.6621 0.7494
vn 0.0162 -0.6609 0.7503
vn 0.0343 -0.6581 0.7521
vn 0.0524 -0.6540 0.7547
vn 0.0709 -0.6483 0.7581
vn 0.0897 -0.6411 0.7622
vn 0.1090 -0.6322 0.7671
vn 0.1288 -0.6215 0.7727
vn 0.1493 -0.6088 0.7791
vn 0.1705 -0.5939 0.7863
vn 0.1924 -0.5765 0.7941
vn 0.2151 -0.5565 0.8025
vn 0.2389 -0.5334 0.8114
vn 0.2636 -0.5070 0.8207
vn 0.2894 -0.4766 0.8301
vn 0.3160 -0.4422 0.8394
vn 0.3437 -0.4029 0.8483
vn 0.3720 -0.3585 0.8562
vn 0.4007 -0.3089 0.8626
vn 0.4295 -0.2534 0.8668
vn 0.4577 -0.1921 0.8681
vn 0.4850 -0.1249 0.8655
vn 0.5102 -0.0529 0.8584
vn 0.5326 0.0236 0.8460
vn 0.5514 0.1026 0.8279
vn 0.5661 0.1834 0.8037
vn 0.5758 0.2632 0.7741
vn 0.5806 0.3408 0.7394
vn 0.5806 0.4146 0.7007
vn 0.5762 0.4828 0.6595
vn 0.5681 0.5454 0.6163
vn 0.5568 0.6015 0.5728
vn 0.5432 0.6511 0.5301
vn 0.5280 0.6947 0.4885
vn 0.5117 0.7328 0.4486
vn 0.4949 0.7655 0.4111
vn 0.4780 0.7939 0.3759
vn 0.4611 0.8184 0.3431
vn 0.4445 0.8394 0.3126
vn 0.4284 0.8576 0.2845
vn 0.4130 0.8732 0.2587
vn 0.3981 0.8868 0.2348
vn 0.3838 0.8986 0.2128
vn 0.3703 0.9087 0.1927
vn -0.1145 -0.9910 0.0692
vn -0.1751 -0.9845 0.0085
vn -0.1785 -0.9839 0.0036
vn -0.1818 -0.9833 -0.0016
vn -0.1850 -0.9827 -0.0070
vn -0.1881 -0.9821 -0.0129
vn -0.1910 -0.9814 -0.0190
vn -0.1937 -0.9807 -0.0255
vn -0.1963 -0.9800 -0.0323
vn -0.1986 -0.9793 -0.0394
vn -0.2006 -0.9785 -0.0469
vn -0.2024 -0.9778 -0.0547
vn -0.2039 -0.9770 -0.0628
vn -0.2050 -0.9762 -0.0711
vn -0.2057 -0.9754 -0.0798
vn -0.2061 -0.9745 -0.0887
vn -0.2060 -0.9736 -0.0980
vn -0.2055 -0.9728 -0.1073
vn -0.2045 -0.9719 -0.1169
vn -0.2030 -0.9709 -0.1266
vn -0.2011 -0.9700 -0.1365
vn -0.1986 -0.9691 -0.1465
vn -0.1955 -0.9681 -0.1565
vn -0.1919 -0.9672 -0.1665
vn -0.1877 -0.9662 -0.1765
vn -0.1830 -0.9653 -0.1864
vn -0.1777 -0.9643 -0.1962
vn -0.1718 -0.9634 -0.2058
vn -0.1654 -0.9625 -0.2152
vn -0.1584 -0.9616 -0.2243
vn -0.1508 -0.9607 -0.2332
vn -0.1428 -0.9598 -0.2416
vn -0.1342 -0.9590 -0.2497
vn -0.1252 -0.9582 -0.2573
vn -0.1157 -0.9574 -0.2644
vn -0.1057 -0.9567 -0.2710
vn -0.0954 -0.9561 -0.2771
vn -0.0847 -0.9555 -0.2826
vn -0.0737 -0.9549 -0.2875
vn -0.0625 -0.9545 -0.2917
vn -0.0509 -0.9541 -0.2953
vn -0.0392 -0.9537 -0.2981
vn -0.0273 -0.9534 -0.3003
vn -0.0153 -0.9532 -0.3018
vn -0.0033 -0.9531 -0.3026
vn 0.0088 -0.9531 -0.3026
vn 0.0208 -0.9531 -0.3020
vn 0.0329 -0.9532 -0.3005
vn 0.0447 -0.9534 -0.2984
vn 0.0565 -0.9536 -0.2956
vn 0.0680 -0.9540 -0.2921
vn 0.0793 -0.9544 -0.2879
vn 0.0903 -0.9548 -0.2831
vn 0.1010 -0.9554 -0.2776
vn 0.1113 -0.9560 -0.2716
vn 0.1213 -0.9566 -0.2649
vn 0.1307 -0.9573 -0.2578
vn 0.1397 -0.9581 -0.2501
vn 0.1483 -0.9589 -0.2420
vn 0.1563 -0.9597 -0.2335
vn 0.1638 -0.9606 -0.2246
vn 0.1707 -0.9615 -0.2154
vn 0.1770 -0.9624 -0.2060
vn 0.1828 -0.9634 -0.1963
vn 0.1880 -0.9643 -0.1864
vn 0.1926 -0.9653 -0.1765
vn 0.1966 -0.9663 -0.1664
vn 0.2000 -0.9672 -0.1563
vn 0.2029 -0.9682 -0.1462
vn 0.2052 -0.9692 -0.1362
vn 0.2070 -0.9702 -0.1263
vn 0.2082 -0.9711 -0.1165
vn 0.2090 -0.9721 -0.1069
vn 0.2093 -0.9730 -0.0975
vn 0.2091 -0.9739 -0.0883
vn 0.2085 -0.9748 -0.0794
vn 0.2075 -0.9757 -0.0708
vn 0.2062 -0.9765 -0.0624
vn 0.2045 -0.9773 -0.0544
vn 0.2026 -0.9782 -0.0466
vn 0.2003 -0.9789 -0.0392
vn 0.1978 -0.9797 -0.0321
vn 0.1951 -0.9805 -0.0254
vn 0.1922 -0.9812 -0.0190
vn 0.1891 -0.9819 -0.0129
vn 0.1859 -0.9826 -0.0072
vn 0.1825 -0.9832 -0.0018
vn 0.1790 -0.9838 0.0033
vn 0.1755 -0.9844 0.0080
vn 0.1423 -0.9880 0.0607
vn -0.3051 0.9404 0.1504
vn -0.3176 0.9334 0.1668
vn -0.3309 0.9254 0.1848
vn -0.3451 0.9160 0.2047
vn -0.3604 0.9048 0.2266
vn -0.3767 0.8917 0.2509
vn -0.3938 0.8763 0.2774
vn -0.4122 0.8579 0.3068
vn -0.4314 0.8360 0.3391
vn -0.4515 0.8099 0.3744
vn -0.4725 0.7784 0.4133
vn -0.4936 0.7411 0.4552
vn -0.5145 0.6966 0.5000
vn -0.5346 0.6437 0.5476
vn -0.5528 0.5817 0.5967
vn -0.5679 0.5100 0.6461
vn -0.5785 0.4289 0.6938
vn -0.5834 0.3395 0.7378
vn -0.5817 0.2432 0.7762
vn -0.5728 0.1430 0.8071
vn -0.5572 0.0428 0.8293
vn -0.5354 -0.0548 0.8428
vn -0.5089 -0.1465 0.8483
vn -0.4791 -0.2310 0.8468
vn -0.4477 -0.3065 0.8400
vn -0.4156 -0.3731 0.8295
vn -0.3836 -0.4318 0.8164
vn -0.3527 -0.4821 0.8020
vn -0.3231 -0.5254 0.7871
vn -0.2948 -0.5628 0.7723
vn -0.2681 -0.5945 0.7580
vn -0.2429 -0.6218 0.7445
vn -0.2191 -0.6452 0.7320
vn -0.1968 -0.6648 0.7206
vn -0.1755 -0.6816 0.7103
vn -0.1553 -0.6960 0.7011
vn -0.1360 -0.7080 0.6930
vn -0.1176 -0.7180 0.6860
vn -0.0998 -0.7262 0.6802
vn -0.0826 -0.7329 0.6754
vn -0.0659 -0.7380 0.6715
vn -0.0495 -0.7418 0.6688
vn -0.0335 -0.7443 0.6670
vn -0.0174 -0.7456 0.6662
vn -0.0016 -0.7456 0.6664
vn 0.0143 -0.7444 0.6676
vn 0.0304 -0.7420 0.6697
vn 0.0467 -0.7383 0.6728
vn 0.0632 -0.7332 0.6770
vn 0.0802 -0.7267 0.6822
vn 0.0977 -0.7186 0.6885
vn 0.1159 -0.7088 0.6959
vn 0.1348 -0.6969 0.7044
vn 0.1546 -0.6829 0.7139
vn 0.1755 -0.6664 0.7247
vn 0.1973 -0.6470 0.7365
vn 0.2206 -0.6242 0.7495
vn 0.2451 -0.5975 0.7635
vn 0.2712 -0.5662 0.7784
vn 0.2987 -0.5298 0.7938
vn 0.3277 -0.4873 0.8094
vn 0.3582 -0.4376 0.8247
vn 0.3894 -0.3808 0.8387
vn 0.4213 -0.3152 0.8504
vn 0.4526 -0.2411 0.8585
vn 0.4825 -0.1582 0.8615
vn 0.5096 -0.0675 0.8577
vn 0.5324 0.0290 0.8460
vn 0.5497 0.1290 0.8254
vn 0.5603 0.2290 0.7960
vn 0.5641 0.3263 0.7585
vn 0.5613 0.4165 0.7151
vn 0.5528 0.4993 0.6672
vn 0.5396 0.5720 0.6177
vn 0.5232 0.6354 0.5680
vn 0.5046 0.6897 0.5193
vn 0.4849 0.7354 0.4733
vn 0.4648 0.7739 0.4301
vn 0.4449 0.8061 0.3902
vn 0.4255 0.8330 0.3536
vn 0.4069 0.8555 0.3201
vn 0.3892 0.8744 0.2896
vn 0.3725 0.8903 0.2620
vn 0.3567 0.9037 0.2370
vn 0.3418 0.9150 0.2142
vn 0.3280 0.9247 0.1936
vn 0.3148 0.9329 0.1747
vn 0.3026 0.9400 0.1575
vn -0.0893 -0.9944 0.0568
vn -0.1396 -0.9902 0.0068
vn -0.1423 -0.9898 0.0029
vn -0.1450 -0.9894 -0.0012
vn -0.1476 -0.9890 -0.0056
vn -0.1501 -0.9886 -0.0102
vn -0.1525 -0.9882 -0.0151
vn -0.1547 -0.9878 -0.0203
vn -0.1568 -0.9873 -0.0258
vn -0.1586 -0.9868 -0.0315
vn -0.1603 -0.9864 -0.0374
vn -0.1618 -0.9859 -0.0436
vn -0.1630 -0.9854 -0.0501
vn -0.1639 -0.9848 -0.0569
vn -0.1646 -0.9843 -0.0638
vn -0.1649 -0.9838 -0.0710
vn -0.1649 -0.9832 -0.0784
vn -0.1646 -0.9826 -0.0859
vn -0.1639 -0.9820 -0.0936
vn -0.1627 -0.9814 -0.1014
vn -0.1612 -0.9808 -0.1094
vn -0.1592 -0.9802 -0.1174
vn -0.1569 -0.9796 -0.1255
vn -0.1540 -0.9790 -0.1336
vn -0.1507 -0.9784 -0.1417
vn -0.1470 -0.9778 -0.1496
vn -0.1428 -0.9771 -0.1575
vn -0.1381 -0.9765 -0.1653
vn -0.1330 -0.9759 -0.1729
vn -0.1274 -0.9753 -0.1803
vn -0.1214 -0.9747 -0.1875
vn -0.1149 -0.9742 -0.1944
vn -0.1081 -0.9736 -0.2009
vn -0.1008 -0.9731 -0.2071
vn -0.0932 -0.9726 -0.2129
vn -0.0852 -0.9721 -0.2183
vn -0.0769 -0.9717 -0.2233
vn -0.0684 -0.9713 -0.2277
vn -0.0595 -0.9710 -0.2317
vn -0.0504 -0.9706 -0.2352
vn -0.0411 -0.9704 -0.2381
vn -0.0317 -0.9701 -0.2404
vn -0.0221 -0.9700 -0.2422
vn -0.0125 -0.9698 -0.2435
vn -0.0027 -0.9697 -0.2441
vn 0.0070 -0.9697 -0.2441
vn 0.0168 -0.9697 -0.2436
vn 0.0264 -0.9698 -0.2424
vn 0.0360 -0.9699 -0.2407
vn 0.0454 -0.9701 -0.2384
vn 0.0548 -0.9703 -0.2356
vn 0.0639 -0.9706 -0.2322
vn 0.0727 -0.9709 -0.2282
vn 0.0813 -0.9712 -0.2238
vn 0.0896 -0.9716 -0.2189
vn 0.0976 -0.9721 -0.2135
vn 0.1052 -0.9725 -0.2077
vn 0.1125 -0.9730 -0.2014
vn 0.1193 -0.9735 -0.1949
vn 0.1257 -0.9741 -0.1880
vn 0.1317 -0.9747 -0.1808
vn 0.1372 -0.9753 -0.1733
vn 0.1423 -0.9759 -0.1656
vn 0.1469 -0.9765 -0.1578
vn 0.1510 -0.9771 -0.1498
vn 0.1546 -0.9777 -0.1418
vn 0.1578 -0.9784 -0.1336
vn 0.1605 -0.9790 -0.1255
vn 0.1627 -0.9797 -0.1174
vn 0.1645 -0.9803 -0.1093
vn 0.1659 -0.9809 -0.1013
vn 0.1669 -0.9815 -0.0934
vn 0.1674 -0.9822 -0.0857
vn 0.1676 -0.9828 -0.0781
vn 0.1674 -0.9833 -0.0708
vn 0.1669 -0.9839 -0.0636
vn 0.1660 -0.9845 -0.0567
vn 0.1649 -0.9850 -0.0500
vn 0.1635 -0.9856 -0.0435
vn 0.1619 -0.9861 -0.0373
vn 0.1601 -0.9866 -0.0314
vn 0.1580 -0.9871 -0.0257
vn 0.1558 -0.9876 -0.0203
vn 0.1534 -0.9880 -0.0152
vn 0.1509 -0.9885 -0.0104
vn 0.1483 -0.9889 -0.0058
vn 0.1456 -0.9893 -0.0015
vn 0.1428 -0.9897 0.0026
vn 0.1400 -0.9901 0.0064
vn 0.1145 -0.9923 0.0469
vn -0.2472 0.9613 0.1218
vn -0.2580 0.9566 0.1354
vn -0.2696 0.9511 0.1505
vn -0.2821 0.9447 0.1673
vn -0.2958 0.9370 0.1859
vn -0.3106 0.9278 0.2067
vn -0.3266 0.9167 0.2300
vn -0.3439 0.9035 0.2558
vn -0.3628 0.8872 0.2850
vn -0.3832 0.8673 0.3177
vn -0.4052 0.8428 0.3542
vn -0.4288 0.8124 0.3953
vn -0.4535 0.7747 0.4407
vn -0.4790 0.7281 0.4904
vn -0.5045 0.6701 0.5444
vn -0.5285 0.5995 0.6011
vn -0.5493 0.5145 0.6585
vn -0.5644 0.4150 0.7135
vn -0.5718 0.3017 0.7629
vn -0.5695 0.1804 0.8020
vn -0.5570 0.0553 0.8286
vn -0.5351 -0.0682 0.8420
vn -0.5059 -0.1832 0.8429
vn -0.4721 -0.2860 0.8339
vn -0.4360 -0.3757 0.8178
vn -0.3998 -0.4519 0.7975
vn -0.3644 -0.5163 0.7750
vn -0.3309 -0.5699 0.7522
vn -0.2998 -0.6142 0.7300
vn -0.2708 -0.6512 0.7090
vn -0.2440 -0.6820 0.6895
vn -0.2193 -0.7075 0.6718
vn -0.1966 -0.7287 0.6560
vn -0.1754 -0.7466 0.6417
vn -0.1556 -0.7615 0.6292
vn -0.1371 -0.7739 0.6182
vn -0.1196 -0.7842 0.6088
vn -0.1030 -0.7929 0.6006
vn -0.0872 -0.7998 0.5939
vn -0.0721 -0.8053 0.5884
vn -0.0574 -0.8096 0.5841
vn -0.0431 -0.8128 0.5809
vn -0.0291 -0.8149 0.5789
vn -0.0153 -0.8159 0.5780
vn -0.0014 -0.8160 0.5781
vn 0.0124 -0.8150 0.5794
vn 0.0263 -0.8130 0.5817
vn 0.0404 -0.8099 0.5851
vn 0.0550 -0.8057 0.5897
vn 0.0699 -0.8003 0.5955
vn 0.0855 -0.7934 0.6026
vn 0.1016 -0.7851 0.6110
vn 0.1188 -0.7749 0.6208
vn 0.1367 -0.7628 0.6320
vn 0.1560 -0.7482 0.6449
vn 0.1766 -0.7308 0.6594
vn 0.1986 -0.7100 0.6756
vn 0.2226 -0.6849 0.6937
vn 0.2484 -0.6551 0.7135
vn 0.2765 -0.6190 0.7351
vn 0.3067 -0.5759 0.7578
vn 0.3393 -0.5235 0.7816
vn 0.3735 -0.4613 0.8048
vn 0.4091 -0.3870 0.8264
vn 0.4448 -0.2996 0.8440
vn 0.4787 -0.1990 0.8551
vn 0.5088 -0.0858 0.8566
vn 0.5322 0.0360 0.8459
vn 0.5469 0.1612 0.8215
vn 0.5519 0.2835 0.7843
vn 0.5473 0.3984 0.7361
vn 0.5347 0.4999 0.6814
vn 0.5162 0.5871 0.6235
vn 0.4941 0.6601 0.5658
vn 0.4703 0.7196 0.5108
vn 0.4460 0.7683 0.4592
vn 0.4223 0.8072 0.4124
vn 0.3997 0.8387 0.3700
vn 0.3783 0.8642 0.3318
vn 0.3585 0.8847 0.2979
vn 0.3401 0.9015 0.2677
vn 0.3232 0.9152 0.2406
vn 0.3075 0.9266 0.2164
vn 0.2931 0.9360 0.1948
vn 0.2797 0.9439 0.1753
vn 0.2673 0.9506 0.1578
vn 0.2559 0.9562 0.1421
vn 0.2453 0.9610 0.1278
vn -0.0682 -0.9966 0.0465
vn -0.1101 -0.9939 0.0054
vn -0.1123 -0.9937 0.0023
vn -0.1144 -0.9934 -0.0009
vn -0.1165 -0.9932 -0.0044
vn -0.1185 -0.9929 -0.0080
vn -0.1204 -0.9927 -0.0119
vn -0.1221 -0.9924 -0.0160
vn -0.1238 -0.9921 -0.0203
vn -0.1253 -0.9918 -0.0248
vn -0.1266 -0.9915 -0.0295
vn -0.1278 -0.9912 -0.0344
vn -0.1288 -0.9909 -0.0396
vn -0.1296 -0.9906 -0.0449
vn -0.1301 -0.9902 -0.0504
vn -0.1304 -0.9899 -0.0561
vn -0.1304 -0.9895 -0.0619
vn -0.1302 -0.9892 -0.0679
vn -0.1297 -0.9888 -0.0740
vn -0.1288 -0.9884 -0.0802
vn -0.1276 -0.9880 -0.0865
vn -0.1261 -0.9877 -0.0929
vn -0.1242 -0.9873 -0.0993
vn -0.1220 -0.9869 -0.1057
vn -0.1195 -0.9865 -0.1122
vn -0.1165 -0.9861 -0.1185
vn -0.1132 -0.9857 -0.1248
vn -0.1095 -0.9853 -0.1310
vn -0.1055 -0.9849 -0.1371
vn -0.1011 -0.9845 -0.1430
vn -0.0963 -0.9842 -0.1487
vn -0.0913 -0.9838 -0.1542
vn -0.0858 -0.9835 -0.1594
vn -0.0801 -0.9831 -0.1644
vn -0.0741 -0.9828 -0.1690
vn -0.0678 -0.9825 -0.1733
vn -0.0612 -0.9823 -0.1773
vn -0.0544 -0.9820 -0.1809
vn -0.0474 -0.9818 -0.1841
vn -0.0402 -0.9816 -0.1868
vn -0.0328 -0.9814 -0.1892
vn -0.0252 -0.9812 -0.1911
vn -0.0177 -0.9811 -0.1925
vn -0.0100 -0.9810 -0.1935
vn -0.0022 -0.9810 -0.1940
vn 0.0055 -0.9810 -0.1941
vn 0.0133 -0.9810 -0.1936
vn 0.0209 -0.9810 -0.1927
vn 0.0286 -0.9811 -0.1914
vn 0.0361 -0.9812 -0.1895
vn 0.0435 -0.9814 -0.1872
vn 0.0507 -0.9815 -0.1845
vn 0.0577 -0.9817 -0.1814
vn 0.0646 -0.9819 -0.1778
vn 0.0711 -0.9822 -0.1739
vn 0.0775 -0.9825 -0.1696
vn 0.0835 -0.9828 -0.1649
vn 0.0892 -0.9831 -0.1600
vn 0.0947 -0.9834 -0.1547
vn 0.0997 -0.9838 -0.1492
vn 0.1044 -0.9841 -0.1435
vn 0.1088 -0.9845 -0.1375
vn 0.1128 -0.9849 -0.1314
vn 0.1164 -0.9853 -0.1252
vn 0.1197 -0.9857 -0.1188
vn 0.1225 -0.9861 -0.1124
vn 0.1250 -0.9865 -0.1059
vn 0.1271 -0.9869 -0.0995
vn 0.1289 -0.9873 -0.0930
vn 0.1303 -0.9877 -0.0866
vn 0.1313 -0.9881 -0.0802
vn 0.1320 -0.9885 -0.0740
vn 0.1324 -0.9889 -0.0679
vn 0.1325 -0.9892 -0.0619
vn 0.1324 -0.9896 -0.0560
vn 0.1319 -0.9900 -0.0503
vn 0.1313 -0.9903 -0.0448
vn 0.1303 -0.9907 -0.0395
vn 0.1292 -0.9910 -0.0344
vn 0.1279 -0.9913 -0.0295
vn 0.1264 -0.9917 -0.0248
vn 0.1248 -0.9920 -0.0203
vn 0.1230 -0.9923 -0.0161
vn 0.1211 -0.9926 -0.0120
vn 0.1191 -0.9928 -0.0082
vn 0.1171 -0.9931 -0.0046
vn 0.1149 -0.9934 -0.0012
vn 0.1127 -0.9936 0.0020
vn 0.1104 -0.9939 0.0050
vn 0.0916 -0.9952 0.0356
vn -0.1970 0.9756 0.0970
vn -0.2060 0.9726 0.1081
vn -0.2157 0.9690 0.1204
vn -0.2263 0.9648 0.1341
vn -0.2380 0.9597 0.1496
vn -0.2507 0.9536 0.1667
vn -0.2647 0.9462 0.1863
vn -0.2802 0.9370 0.2084
vn -0.2972 0.9259 0.2333
vn -0.3164 0.9117 0.2622
vn -0.3376 0.8939 0.2950
vn -0.3610 0.8713 0.3326
vn -0.3870 0.8420 0.3759
vn -0.4154 0.8042 0.4252
vn -0.4460 0.7548 0.4810
vn -0.4778 0.6905 0.5431
vn -0.5090 0.6074 0.6099
vn -0.5364 0.5029 0.6778
vn -0.5562 0.3751 0.7416
vn -0.5639 0.2283 0.7937
vn -0.5567 0.0720 0.8276
vn -0.5347 -0.0847 0.8408
vn -0.5009 -0.2302 0.8343
vn -0.4609 -0.3543 0.8137
vn -0.4185 -0.4577 0.7845
vn -0.3771 -0.5411 0.7517
vn -0.3378 -0.6084 0.7182
vn -0.3022 -0.6613 0.6865
vn -0.2702 -0.7034 0.6575
vn -0.2411 -0.7373 0.6310
vn -0.2153 -0.7644 0.6078
vn -0.1917 -0.7866 0.5870
vn -0.1706 -0.8044 0.5690
vn -0.1514 -0.8190 0.5535
vn -0.1337 -0.8310 0.5399
vn -0.1172 -0.8411 0.5280
vn -0.1019 -0.8493 0.5181
vn -0.0876 -0.8559 0.5097
vn -0.0740 -0.8613 0.5027
vn -0.0610 -0.8656 0.4970
vn -0.0485 -0.8689 0.4926
vn -0.0364 -0.8713 0.4894
vn -0.0246 -0.8729 0.4873
vn -0.0130 -0.8737 0.4864
vn -0.0013 -0.8737 0.4865
vn 0.0103 -0.8730 0.4877
vn 0.0221 -0.8715 0.4900
vn 0.0340 -0.8692 0.4934
vn 0.0463 -0.8659 0.4980
vn 0.0591 -0.8617 0.5039
vn 0.0723 -0.8565 0.5111
vn 0.0863 -0.8500 0.5197
vn 0.1012 -0.8420 0.5299
vn 0.1172 -0.8323 0.5418
vn 0.1342 -0.8206 0.5556
vn 0.1529 -0.8062 0.5715
vn 0.1732 -0.7889 0.5896
vn 0.1957 -0.7675 0.6105
vn 0.2206 -0.7412 0.6340
vn 0.2484 -0.7084 0.6606
vn 0.2792 -0.6677 0.6901
vn 0.3133 -0.6166 0.7222
vn 0.3508 -0.5525 0.7562
vn 0.3910 -0.4717 0.7903
vn 0.4325 -0.3720 0.8213
vn 0.4725 -0.2515 0.8447
vn 0.5074 -0.1099 0.8547
vn 0.5318 0.0448 0.8457
vn 0.5425 0.2021 0.8154
vn 0.5387 0.3508 0.7660
vn 0.5223 0.4828 0.7029
vn 0.4977 0.5915 0.6344
vn 0.4688 0.6777 0.5665
vn 0.4388 0.7448 0.5027
vn 0.4094 0.7966 0.4448
vn 0.3819 0.8362 0.3935
vn 0.3565 0.8670 0.3482
vn 0.3338 0.8905 0.3092
vn 0.3130 0.9091 0.2748
vn 0.2943 0.9239 0.2447
vn 0.2775 0.9356 0.2185
vn 0.2623 0.9450 0.1954
vn 0.2485 0.9527 0.1750
vn 0.2360 0.9590 0.1569
vn 0.2246 0.9642 0.1409
vn 0.2141 0.9686 0.1265
vn 0.2046 0.9722 0.1136
vn 0.1957 0.9753 0.1021
vn -0.0495 -0.9981 0.0377
vn -0.0846 -0.9964 0.0042
vn -0.0863 -0.9963 0.0018
vn -0.0879 -0.9961 -0.0007
vn -0.0895 -0.9960 -0.0033
vn -0.0911 -0.9958 -0.0061
vn -0.0925 -0.9957 -0.0091
vn -0.0939 -0.9955 -0.0123
vn -0.0952 -0.9953 -0.0156
vn -0.0964 -0.9952 -0.0190
vn -0.0974 -0.9950 -0.0227
vn -0.0983 -0.9948 -0.0265
vn -0.0991 -0.9946 -0.0304
vn -0.0997 -0.9944 -0.0345
vn -0.1002 -0.9942 -0.0387
vn -0.1004 -0.9940 -0.0431
vn -0.1004 -0.9938 -0.0476
vn -0.1003 -0.9936 -0.0522
vn -0.0999 -0.9934 -0.0569
vn -0.0992 -0.9931 -0.0617
vn -0.0983 -0.9929 -0.0666
vn -0.0972 -0.9927 -0.0715
vn -0.0958 -0.9925 -0.0765
vn -0.0941 -0.9922 -0.0814
vn -0.0921 -0.9920 -0.0864
vn -0.0899 -0.9918 -0.0913
vn -0.0873 -0.9915 -0.0962
vn -0.0845 -0.9913 -0.1010
vn -0.0814 -0.9911 -0.1057
vn -0.0780 -0.9908 -0.1103
vn -0.0744 -0.9906 -0.1147
vn -0.0705 -0.9904 -0.1190
vn -0.0663 -0.9902 -0.1230
vn -0.0619 -0.9900 -0.1268
vn -0.0572 -0.9898 -0.1305
vn -0.0524 -0.9896 -0.1338
vn -0.0473 -0.9895 -0.1369
vn -0.0421 -0.9893 -0.1397
vn -0.0366 -0.9892 -0.1421
vn -0.0311 -0.9890 -0.1443
vn -0.0254 -0.9889 -0.1461
vn -0.0196 -0.9889 -0.1476
vn -0.0137 -0.9888 -0.1487
vn -0.0078 -0.9887 -0.1495
vn -0.0018 -0.9887 -0.1499
vn 0.0042 -0.9887 -0.1499
vn 0.0101 -0.9887 -0.1496
vn 0.0161 -0.9887 -0.1489
vn 0.0220 -0.9888 -0.1478
vn 0.0278 -0.9888 -0.1464
vn 0.0335 -0.9889 -0.1447
vn 0.0391 -0.9890 -0.1426
vn 0.0445 -0.9891 -0.1401
vn 0.0498 -0.9893 -0.1374
vn 0.0549 -0.9894 -0.1343
vn 0.0597 -0.9896 -0.1310
vn 0.0644 -0.9898 -0.1274
vn 0.0688 -0.9900 -0.1235
vn 0.0730 -0.9902 -0.1195
vn 0.0769 -0.9904 -0.1152
vn 0.0805 -0.9906 -0.1108
vn 0.0839 -0.9908 -0.1062
vn 0.0870 -0.9910 -0.1014
vn 0.0897 -0.9913 -0.0966
vn 0.0922 -0.9915 -0.0917
vn 0.0944 -0.9917 -0.0867
vn 0.0963 -0.9920 -0.0817
vn 0.0979 -0.9922 -0.0767
vn 0.0993 -0.9925 -0.0717
vn 0.1003 -0.9927 -0.0668
vn 0.1011 -0.9929 -0.0619
vn 0.1017 -0.9932 -0.0571
vn 0.1020 -0.9934 -0.0523
vn 0.1020 -0.9936 -0.0477
vn 0.1019 -0.9939 -0.0432
vn 0.1016 -0.9941 -0.0388
vn 0.1010 -0.9943 -0.0345
vn 0.1003 -0.9945 -0.0305
vn 0.0994 -0.9947 -0.0265
vn 0.0984 -0.9949 -0.0228
vn 0.0973 -0.9951 -0.0191
vn 0.0960 -0.9953 -0.0157
vn 0.0946 -0.9954 -0.0124
vn 0.0932 -0.9956 -0.0093
vn 0.0916 -0.9958 -0.0064
vn 0.0900 -0.9959 -0.0036
vn 0.0883 -0.9961 -0.0010
vn 0.0866 -0.9962 0.0015
vn 0.0849 -0.9964 0.0038
vn 0.0721 -0.9971 0.0261
vn -0.1525 0.9855 0.0750
vn -0.1596 0.9836 0.0837
vn -0.1674 0.9815 0.0934
vn -0.1759 0.9789 0.1042
vn -0.1853 0.9758 0.1163
vn -0.1958 0.9720 0.1302
vn -0.2073 0.9674 0.1458
vn -0.2203 0.9616 0.1638
vn -0.2348 0.9544 0.1842
vn -0.2512 0.9453 0.2080
vn -0.2700 0.9335 0.2358
vn -0.2913 0.9182 0.2682
vn -0.3160 0.8978 0.3067
vn -0.3443 0.8703 0.3522
vn -0.3764 0.8329 0.4056
vn -0.4131 0.7805 0.4692
vn -0.4531 0.7073 0.5426
vn -0.4942 0.6053 0.6241
vn -0.5304 0.4685 0.7066
vn -0.5539 0.2933 0.7793
vn -0.5558 0.0953 0.8258
vn -0.5338 -0.1077 0.8387
vn -0.4927 -0.2919 0.8198
vn -0.4423 -0.4420 0.7804
vn -0.3913 -0.5565 0.7329
vn -0.3438 -0.6423 0.6850
vn -0.3017 -0.7061 0.6407
vn -0.2647 -0.7543 0.6008
vn -0.2333 -0.7900 0.5670
vn -0.2055 -0.8180 0.5372
vn -0.1815 -0.8396 0.5120
vn -0.1605 -0.8565 0.4906
vn -0.1416 -0.8702 0.4719
vn -0.1250 -0.8809 0.4564
vn -0.1099 -0.8897 0.4432
vn -0.0961 -0.8968 0.4320
vn -0.0832 -0.9027 0.4222
vn -0.0713 -0.9074 0.4143
vn -0.0601 -0.9111 0.4077
vn -0.0495 -0.9141 0.4024
vn -0.0394 -0.9164 0.3984
vn -0.0296 -0.9181 0.3954
vn -0.0199 -0.9192 0.3934
vn -0.0106 -0.9197 0.3925
vn -0.0012 -0.9197 0.3926
vn 0.0082 -0.9192 0.3937
vn 0.0176 -0.9182 0.3957
vn 0.0273 -0.9166 0.3988
vn 0.0374 -0.9144 0.4031
vn 0.0477 -0.9115 0.4085
vn 0.0586 -0.9079 0.4151
vn 0.0701 -0.9033 0.4232
vn 0.0825 -0.8977 0.4329
vn 0.0960 -0.8907 0.4443
vn 0.1105 -0.8822 0.4577
vn 0.1264 -0.8718 0.4733
vn 0.1442 -0.8588 0.4917
vn 0.1644 -0.8423 0.5133
vn 0.1873 -0.8215 0.5386
vn 0.2132 -0.7951 0.5677
vn 0.2434 -0.7605 0.6020
vn 0.2778 -0.7155 0.6411
vn 0.3178 -0.6547 0.6858
vn 0.3631 -0.5733 0.7345
vn 0.4125 -0.4642 0.7838
vn 0.4618 -0.3228 0.8262
vn 0.5048 -0.1446 0.8510
vn 0.5312 0.0556 0.8454
vn 0.5349 0.2581 0.8045
vn 0.5171 0.4369 0.7360
vn 0.4845 0.5827 0.6524
vn 0.4465 0.6900 0.5697
vn 0.4081 0.7681 0.4935
vn 0.3724 0.8241 0.4268
vn 0.3409 0.8639 0.3707
vn 0.3131 0.8932 0.3228
vn 0.2888 0.9148 0.2823
vn 0.2677 0.9310 0.2482
vn 0.2492 0.9434 0.2190
vn 0.2328 0.9530 0.1937
vn 0.2185 0.9605 0.1722
vn 0.2058 0.9665 0.1534
vn 0.1943 0.9713 0.1369
vn 0.1841 0.9753 0.1225
vn 0.1748 0.9785 0.1097
vn 0.1664 0.9811 0.0984
vn 0.1587 0.9834 0.0882
vn 0.1516 0.9853 0.0791
vn -0.0326 -0.9990 0.0299
vn -0.0619 -0.9981 0.0031
vn -0.0631 -0.9980 0.0014
vn -0.0643 -0.9979 -0.0005
vn -0.0655 -0.9978 -0.0024
vn -0.0666 -0.9978 -0.0044
vn -0.0677 -0.9977 -0.0066
vn -0.0687 -0.9976 -0.0089
vn -0.0697 -0.9975 -0.0113
vn -0.0706 -0.9974 -0.0139
vn -0.0713 -0.9973 -0.0165
vn -0.0720 -0.9972 -0.0193
vn -0.0726 -0.9971 -0.0222
vn -0.0730 -0.9970 -0.0252
vn -0.0734 -0.9969 -0.0283
vn -0.0736 -0.9968 -0.0315
vn -0.0736 -0.9967 -0.0348
vn -0.0735 -0.9966 -0.0382
vn -0.0732 -0.9964 -0.0417
vn -0.0727 -0.9963 -0.0452
vn -0.0721 -0.9962 -0.0487
vn -0.0713 -0.9961 -0.0524
vn -0.0703 -0.9960 -0.0560
vn -0.0690 -0.9958 -0.0596
vn -0.0676 -0.9957 -0.0633
vn -0.0660 -0.9956 -0.0669
vn -0.0641 -0.9954 -0.0705
vn -0.0620 -0.9953 -0.0740
vn -0.0598 -0.9952 -0.0775
vn -0.0573 -0.9951 -0.0808
vn -0.0547 -0.9950 -0.0841
vn -0.0518 -0.9948 -0.0872
vn -0.0487 -0.9947 -0.0902
vn -0.0455 -0.9946 -0.0931
vn -0.0421 -0.9945 -0.0957
vn -0.0385 -0.9944 -0.0982
vn -0.0348 -0.9943 -0.1005
vn -0.0310 -0.9942 -0.1025
vn -0.0270 -0.9942 -0.1043
vn -0.0229 -0.9941 -0.1059
vn -0.0187 -0.9941 -0.1073
vn -0.0145 -0.9940 -0.1084
vn -0.0102 -0.9940 -0.1092
vn -0.0058 -0.9939 -0.1098
vn -0.0014 -0.9939 -0.1101
vn 0.0030 -0.9939 -0.1101
vn 0.0074 -0.9939 -0.1099
vn 0.0117 -0.9939 -0.1094
vn 0.0161 -0.9940 -0.1086
vn 0.0203 -0.9940 -0.1076
vn 0.0245 -0.9940 -0.1063
vn 0.0286 -0.9941 -0.1047
vn 0.0326 -0.9942 -0.1029
vn 0.0365 -0.9942 -0.1009
vn 0.0402 -0.9943 -0.0987
vn 0.0438 -0.9944 -0.0962
vn 0.0472 -0.9945 -0.0936
vn 0.0505 -0.9946 -0.0907
vn 0.0535 -0.9947 -0.0877
vn 0.0564 -0.9948 -0.0846
vn 0.0590 -0.9949 -0.0813
vn 0.0615 -0.9951 -0.0780
vn 0.0637 -0.9952 -0.0745
vn 0.0658 -0.9953 -0.0709
vn 0.0676 -0.9954 -0.0673
vn 0.0692 -0.9956 -0.0637
vn 0.0706 -0.9957 -0.0600
vn 0.0718 -0.9958 -0.0563
vn 0.0728 -0.9960 -0.0527
vn 0.0735 -0.9961 -0.0490
vn 0.0741 -0.9962 -0.0454
vn 0.0745 -0.9963 -0.0419
vn 0.0747 -0.9965 -0.0384
vn 0.0748 -0.9966 -0.0350
vn 0.0747 -0.9967 -0.0317
vn 0.0744 -0.9968 -0.0285
vn 0.0740 -0.9969 -0.0254
vn 0.0735 -0.9970 -0.0224
vn 0.0728 -0.9972 -0.0195
vn 0.0721 -0.9973 -0.0167
vn 0.0712 -0.9974 -0.0141
vn 0.0703 -0.9975 -0.0115
vn 0.0693 -0.9976 -0.0091
vn 0.0682 -0.9976 -0.0069
vn 0.0671 -0.9977 -0.0047
vn 0.0659 -0.9978 -0.0027
vn 0.0647 -0.9979 -0.0007
vn 0.0634 -0.9980 0.0011
vn 0.0621 -0.9981 0.0028
vn 0.0546 -0.9984 0.0177
vn -0.1121 0.9922 0.0550
vn -0.1174 0.9912 0.0615
vn -0.1233 0.9900 0.0687
vn -0.1298 0.9886 0.0767
vn -0.1369 0.9869 0.0858
vn -0.1448 0.9848 0.0961
vn -0.1537 0.9822 0.1079
vn -0.1637 0.9790 0.1215
vn -0.1750 0.9750 0.1371
vn -0.1881 0.9698 0.1555
vn -0.2032 0.9629 0.1773
vn -0.2210 0.9539 0.2033
vn -0.2418 0.9416 0.2344
vn -0.2667 0.9244 0.2726
vn -0.2966 0.9000 0.3193
vn -0.3328 0.8642 0.3774
vn -0.3773 0.8087 0.4513
vn -0.4290 0.7232 0.5412
vn -0.4849 0.5903 0.6453
vn -0.5337 0.3903 0.7502
vn -0.5538 0.1322 0.8221
vn -0.5318 -0.1438 0.8346
vn -0.4765 -0.3819 0.7919
vn -0.4101 -0.5565 0.7226
vn -0.3482 -0.6742 0.6514
vn -0.2958 -0.7525 0.5884
vn -0.2524 -0.8062 0.5352
vn -0.2168 -0.8435 0.4915
vn -0.1879 -0.8698 0.4562
vn -0.1639 -0.8890 0.4275
vn -0.1432 -0.9039 0.4032
vn -0.1256 -0.9151 0.3833
vn -0.1103 -0.9238 0.3667
vn -0.0966 -0.9308 0.3525
vn -0.0846 -0.9363 0.3408
vn -0.0738 -0.9407 0.3311
vn -0.0638 -0.9443 0.3229
vn -0.0546 -0.9471 0.3162
vn -0.0459 -0.9495 0.3105
vn -0.0378 -0.9513 0.3060
vn -0.0301 -0.9527 0.3026
vn -0.0227 -0.9536 0.3001
vn -0.0152 -0.9543 0.2984
vn -0.0082 -0.9546 0.2976
vn -0.0011 -0.9547 0.2977
vn 0.0061 -0.9544 0.2985
vn 0.0133 -0.9538 0.3002
vn 0.0205 -0.9528 0.3028
vn 0.0283 -0.9515 0.3064
vn 0.0362 -0.9498 0.3108
vn 0.0445 -0.9476 0.3164
vn 0.0534 -0.9448 0.3233
vn 0.0631 -0.9413 0.3315
vn 0.0735 -0.9371 0.3413
vn 0.0850 -0.9318 0.3529
vn 0.0979 -0.9251 0.3669
vn 0.1123 -0.9168 0.3833
vn 0.1288 -0.9061 0.4029
vn 0.1482 -0.8921 0.4268
vn 0.1707 -0.8739 0.4552
vn 0.1977 -0.8490 0.4899
vn 0.2303 -0.8147 0.5322
vn 0.2703 -0.7653 0.5841
vn 0.3190 -0.6933 0.6462
vn 0.3769 -0.5859 0.7174
vn 0.4417 -0.4240 0.7907
vn 0.4994 -0.1999 0.8430
vn 0.5302 0.0702 0.8450
vn 0.5206 0.3375 0.7842
vn 0.4792 0.5516 0.6827
vn 0.4263 0.6985 0.5748
vn 0.3757 0.7928 0.4798
vn 0.3324 0.8529 0.4026
vn 0.2954 0.8933 0.3388
vn 0.2656 0.9197 0.2890
vn 0.2408 0.9382 0.2486
vn 0.2197 0.9516 0.2150
vn 0.2020 0.9613 0.1874
vn 0.1871 0.9684 0.1646
vn 0.1741 0.9740 0.1451
vn 0.1628 0.9783 0.1284
vn 0.1528 0.9817 0.1140
vn 0.1440 0.9843 0.1016
vn 0.1362 0.9865 0.0907
vn 0.1291 0.9883 0.0811
vn 0.1227 0.9898 0.0726
vn 0.1170 0.9910 0.0651
vn 0.1116 0.9920 0.0583
vn -0.0164 -0.9996 0.0235
vn -0.0413 -0.9991 0.0021
vn -0.0421 -0.9991 0.0010
vn -0.0430 -0.9991 -0.0003
vn -0.0438 -0.9990 -0.0016
vn -0.0445 -0.9990 -0.0029
vn -0.0452 -0.9990 -0.0044
vn -0.0459 -0.9989 -0.0059
vn -0.0465 -0.9989 -0.0075
vn -0.0471 -0.9988 -0.0092
vn -0.0477 -0.9988 -0.0110
vn -0.0481 -0.9988 -0.0128
vn -0.0485 -0.9987 -0.0148
vn -0.0488 -0.9987 -0.0168
vn -0.0490 -0.9986 -0.0188
vn -0.0492 -0.9986 -0.0210
vn -0.0492 -0.9985 -0.0232
vn -0.0491 -0.9985 -0.0255
vn -0.0490 -0.9984 -0.0278
vn -0.0487 -0.9984 -0.0301
vn -0.0482 -0.9983 -0.0325
vn -0.0477 -0.9983 -0.0349
vn -0.0470 -0.9982 -0.0374
vn -0.0462 -0.9981 -0.0398
vn -0.0452 -0.9981 -0.0422
vn -0.0442 -0.9980 -0.0447
vn -0.0429 -0.9980 -0.0471
vn -0.0416 -0.9979 -0.0494
vn -0.0401 -0.9979 -0.0517
vn -0.0384 -0.9978 -0.0540
vn -0.0366 -0.9977 -0.0562
vn -0.0347 -0.9977 -0.0583
vn -0.0327 -0.9976 -0.0603
vn -0.0305 -0.9976 -0.0622
vn -0.0283 -0.9976 -0.0640
vn -0.0259 -0.9975 -0.0656
vn -0.0234 -0.9975 -0.0672
vn -0.0208 -0.9974 -0.0686
vn -0.0182 -0.9974 -0.0698
vn -0.0155 -0.9974 -0.0709
vn -0.0127 -0.9973 -0.0718
vn -0.0098 -0.9973 -0.0725
vn -0.0069 -0.9973 -0.0731
vn -0.0040 -0.9973 -0.0735
vn -0.0011 -0.9973 -0.0737
vn 0.0019 -0.9973 -0.0737
vn 0.0048 -0.9973 -0.0736
vn 0.0077 -0.9973 -0.0732
vn 0.0106 -0.9973 -0.0727
vn 0.0135 -0.9973 -0.0720
vn 0.0163 -0.9973 -0.0712
vn 0.0190 -0.9974 -0.0701
vn 0.0217 -0.9974 -0.0689
vn 0.0243 -0.9974 -0.0676
vn 0.0268 -0.9975 -0.0661
vn 0.0292 -0.9975 -0.0644
vn 0.0315 -0.9975 -0.0627
vn 0.0337 -0.9976 -0.0608
vn 0.0357 -0.9976 -0.0588
vn 0.0376 -0.9977 -0.0567
vn 0.0394 -0.9977 -0.0545
vn 0.0411 -0.9978 -0.0522
vn 0.0426 -0.9978 -0.0499
vn 0.0439 -0.9979 -0.0475
vn 0.0451 -0.9980 -0.0451
vn 0.0462 -0.9980 -0.0427
vn 0.0472 -0.9981 -0.0402
vn 0.0479 -0.9981 -0.0378
vn 0.0486 -0.9982 -0.0353
vn 0.0491 -0.9983 -0.0328
vn 0.0495 -0.9983 -0.0304
vn 0.0498 -0.9984 -0.0281
vn 0.0499 -0.9984 -0.0258
vn 0.0499 -0.9985 -0.0235
vn 0.0499 -0.9985 -0.0213
vn 0.0497 -0.9986 -0.0191
vn 0.0494 -0.9986 -0.0170
vn 0.0491 -0.9987 -0.0150
vn 0.0487 -0.9987 -0.0131
vn 0.0482 -0.9988 -0.0112
vn 0.0476 -0.9988 -0.0095
vn 0.0470 -0.9989 -0.0078
vn 0.0463 -0.9989 -0.0062
vn 0.0456 -0.9990 -0.0046
vn 0.0448 -0.9990 -0.0032
vn 0.0440 -0.9990 -0.0018
vn 0.0432 -0.9991 -0.0005
vn 0.0424 -0.9991 0.0007
vn 0.0415 -0.9991 0.0018
vn 0.0385 -0.9992 0.0104
vn -0.0750 0.9965 0.0368
vn -0.0786 0.9961 0.0411
vn -0.0826 0.9955 0.0459
vn -0.0870 0.9949 0.0513
vn -0.0918 0.9941 0.0574
vn -0.0973 0.9932 0.0645
vn -0.1034 0.9920 0.0725
vn -0.1102 0.9906 0.0816
vn -0.1181 0.9887 0.0923
vn -0.1273 0.9863 0.1051
vn -0.1381 0.9831 0.1202
vn -0.1508 0.9788 0.1384
vn -0.1662 0.9729 0.1609
vn -0.1850 0.9645 0.1886
vn -0.2087 0.9519 0.2242
vn -0.2386 0.9328 0.2701
vn -0.2789 0.9008 0.3329
vn -0.3327 0.8448 0.4190
vn -0.4017 0.7446 0.5331
vn -0.4855 0.5491 0.6803
vn -0.5473 0.2075 0.8108
vn -0.5264 -0.2059 0.8249
vn -0.4399 -0.5232 0.7299
vn -0.3518 -0.7031 0.6180
vn -0.2799 -0.8054 0.5224
vn -0.2277 -0.8625 0.4519
vn -0.1890 -0.8970 0.3995
vn -0.1588 -0.9198 0.3589
vn -0.1354 -0.9350 0.3279
vn -0.1167 -0.9456 0.3037
vn -0.1013 -0.9533 0.2843
vn -0.0882 -0.9593 0.2684
vn -0.0772 -0.9637 0.2556
vn -0.0675 -0.9672 0.2448
vn -0.0588 -0.9700 0.2358
vn -0.0511 -0.9722 0.2284
vn -0.0440 -0.9740 0.2222
vn -0.0377 -0.9754 0.2173
vn -0.0318 -0.9765 0.2132
vn -0.0262 -0.9774 0.2099
vn -0.0208 -0.9781 0.2073
vn -0.0157 -0.9785 0.2054
vn -0.0107 -0.9789 0.2042
vn -0.0057 -0.9790 0.2036
vn -0.0009 -0.9790 0.2036
vn 0.0039 -0.9789 0.2042
vn 0.0089 -0.9786 0.2055
vn 0.0139 -0.9782 0.2073
vn 0.0192 -0.9775 0.2099
vn 0.0246 -0.9767 0.2131
vn 0.0304 -0.9756 0.2173
vn 0.0365 -0.9743 0.2222
vn 0.0432 -0.9726 0.2283
vn 0.0505 -0.9706 0.2355
vn 0.0585 -0.9680 0.2442
vn 0.0677 -0.9646 0.2548
vn 0.0782 -0.9604 0.2675
vn 0.0901 -0.9550 0.2827
vn 0.1043 -0.9477 0.3015
vn 0.1216 -0.9378 0.3251
vn 0.1427 -0.9241 0.3546
vn 0.1695 -0.9039 0.3926
vn 0.2042 -0.8732 0.4425
vn 0.2505 -0.8237 0.5087
vn 0.3123 -0.7395 0.5963
vn 0.3964 -0.5806 0.7112
vn 0.4853 -0.3016 0.8207
vn 0.5283 0.0954 0.8437
vn 0.4898 0.4609 0.7400
vn 0.4099 0.6997 0.5852
vn 0.3380 0.8229 0.4567
vn 0.2824 0.8887 0.3613
vn 0.2414 0.9251 0.2930
vn 0.2102 0.9473 0.2418
vn 0.1857 0.9615 0.2024
vn 0.1666 0.9708 0.1724
vn 0.1511 0.9773 0.1482
vn 0.1380 0.9821 0.1283
vn 0.1272 0.9855 0.1120
vn 0.1181 0.9881 0.0987
vn 0.1101 0.9901 0.0871
vn 0.1031 0.9917 0.0771
vn 0.0970 0.9929 0.0685
vn 0.0917 0.9939 0.0612
vn 0.0869 0.9947 0.0548
vn 0.0824 0.9954 0.0489
vn 0.0785 0.9960 0.0438
vn 0.0749 0.9964 0.0392
vn 0.0033 -0.9997 0.0230
vn -0.0229 -0.9997 0.0012
vn -0.0233 -0.9997 0.0006
vn -0.0238 -0.9997 -0.0001
vn -0.0242 -0.9997 -0.0008
vn -0.0246 -0.9997 -0.0016
vn -0.0250 -0.9997 -0.0023
vn -0.0254 -0.9997 -0.0032
vn -0.0258 -0.9997 -0.0041
vn -0.0261 -0.9996 -0.0050
vn -0.0264 -0.9996 -0.0060
vn -0.0267 -0.9996 -0.0070
vn -0.0269 -0.9996 -0.0081
vn -0.0271 -0.9996 -0.0092
vn -0.0272 -0.9996 -0.0103
vn -0.0273 -0.9996 -0.0115
vn -0.0273 -0.9995 -0.0127
vn -0.0273 -0.9995 -0.0140
vn -0.0272 -0.9995 -0.0153
vn -0.0270 -0.9995 -0.0166
vn -0.0268 -0.9995 -0.0179
vn -0.0265 -0.9995 -0.0192
vn -0.0261 -0.9994 -0.0206
vn -0.0257 -0.9994 -0.0220
vn -0.0252 -0.9994 -0.0233
vn -0.0246 -0.9994 -0.0247
vn -0.0239 -0.9994 -0.0260
vn -0.0231 -0.9994 -0.0273
vn -0.0223 -0.9993 -0.0286
vn -0.0214 -0.9993 -0.0298
vn -0.0204 -0.9993 -0.0311
vn -0.0194 -0.9993 -0.0322
vn -0.0183 -0.9993 -0.0334
vn -0.0171 -0.9993 -0.0344
vn -0.0158 -0.9992 -0.0354
vn -0.0145 -0.9992 -0.0363
vn -0.0131 -0.9992 -0.0372
vn -0.0117 -0.9992 -0.0380
vn -0.0102 -0.9992 -0.0387
vn -0.0087 -0.9992 -0.0393
vn -0.0072 -0.9992 -0.0398
vn -0.0056 -0.9992 -0.0402
vn -0.0040 -0.9992 -0.0405
vn -0.0024 -0.9992 -0.0408
vn -0.0007 -0.9992 -0.0409
vn 0.0009 -0.9992 -0.0409
vn 0.0025 -0.9992 -0.0408
vn 0.0041 -0.9992 -0.0407
vn 0.0058 -0.9992 -0.0404
vn 0.0073 -0.9992 -0.0400
vn 0.0089 -0.9992 -0.0395
vn 0.0104 -0.9992 -0.0390
vn 0.0119 -0.9992 -0.0383
vn 0.0134 -0.9992 -0.0376
vn 0.0148 -0.9992 -0.0367
vn 0.0161 -0.9992 -0.0358
vn 0.0174 -0.9992 -0.0349
vn 0.0186 -0.9993 -0.0338
vn 0.0197 -0.9993 -0.0327
vn 0.0208 -0.9993 -0.0315
vn 0.0218 -0.9993 -0.0303
vn 0.0227 -0.9993 -0.0291
vn 0.0235 -0.9993 -0.0278
vn 0.0243 -0.9994 -0.0265
vn 0.0250 -0.9994 -0.0251
vn 0.0256 -0.9994 -0.0238
vn 0.0261 -0.9994 -0.0224
vn 0.0265 -0.9994 -0.0211
vn 0.0269 -0.9994 -0.0197
vn 0.0272 -0.9995 -0.0183
vn 0.0274 -0.9995 -0.0170
vn 0.0276 -0.9995 -0.0157
vn 0.0277 -0.9995 -0.0144
vn 0.0277 -0.9995 -0.0131
vn 0.0277 -0.9995 -0.0119
vn 0.0276 -0.9996 -0.0107
vn 0.0274 -0.9996 -0.0096
vn 0.0272 -0.9996 -0.0084
vn 0.0270 -0.9996 -0.0073
vn 0.0267 -0.9996 -0.0063
vn 0.0264 -0.9996 -0.0053
vn 0.0261 -0.9997 -0.0044
vn 0.0257 -0.9997 -0.0035
vn 0.0253 -0.9997 -0.0026
vn 0.0249 -0.9997 -0.0018
vn 0.0244 -0.9997 -0.0011
vn 0.0240 -0.9997 -0.0004
vn 0.0235 -0.9997 0.0003
vn 0.0230 -0.9997 0.0009
vn 0.0229 -0.9997 0.0041
vn -0.0415 0.9989 0.0202
vn -0.0435 0.9988 0.0226
vn -0.0457 0.9986 0.0252
vn -0.0481 0.9984 0.0282
vn -0.0509 0.9982 0.0317
vn -0.0538 0.9979 0.0354
vn -0.0573 0.9976 0.0400
vn -0.0611 0.9971 0.0450
vn -0.0655 0.9965 0.0510
vn -0.0707 0.9958 0.0580
vn -0.0768 0.9948 0.0665
vn -0.0843 0.9935 0.0770
vn -0.0932 0.9916 0.0898
vn -0.1038 0.9890 0.1053
vn -0.1178 0.9850 0.1259
vn -0.1372 0.9784 0.1546
vn -0.1627 0.9676 0.1931
vn -0.2024 0.9459 0.2537
vn -0.2636 0.8995 0.3485
vn -0.3608 0.7856 0.5026
vn -0.5105 0.4171 0.7520
vn -0.5156 -0.2979 0.8034
vn -0.3547 -0.7285 0.5861
vn -0.2482 -0.8662 0.4337
vn -0.1834 -0.9224 0.3400
vn -0.1413 -0.9498 0.2792
vn -0.1148 -0.9637 0.2410
vn -0.0948 -0.9725 0.2127
vn -0.0794 -0.9783 0.1913
vn -0.0681 -0.9820 0.1759
vn -0.0587 -0.9848 0.1636
vn -0.0509 -0.9868 0.1537
vn -0.0443 -0.9883 0.1456
vn -0.0388 -0.9895 0.1393
vn -0.0337 -0.9904 0.1338
vn -0.0293 -0.9912 0.1294
vn -0.0251 -0.9918 0.1255
vn -0.0215 -0.9922 0.1226
vn -0.0183 -0.9926 0.1202
vn -0.0150 -0.9929 0.1183
vn -0.0119 -0.9931 0.1167
vn -0.0091 -0.9933 0.1156
vn -0.0063 -0.9934 0.1149
vn -0.0035 -0.9934 0.1145
vn -0.0008 -0.9934 0.1144
vn 0.0020 -0.9934 0.1148
vn 0.0047 -0.9933 0.1155
vn 0.0076 -0.9932 0.1165
vn 0.0105 -0.9930 0.1179
vn 0.0136 -0.9927 0.1198
vn 0.0168 -0.9924 0.1222
vn 0.0202 -0.9920 0.1250
vn 0.0240 -0.9914 0.1286
vn 0.0282 -0.9907 0.1328
vn 0.0327 -0.9899 0.1378
vn 0.0379 -0.9888 0.1441
vn 0.0438 -0.9875 0.1515
vn 0.0508 -0.9857 0.1608
vn 0.0591 -0.9833 0.1721
vn 0.0694 -0.9799 0.1869
vn 0.0821 -0.9752 0.2053
vn 0.0992 -0.9679 0.2310
vn 0.1214 -0.9567 0.2646
vn 0.1535 -0.9370 0.3138
vn 0.2029 -0.8982 0.3899
vn 0.2884 -0.8035 0.5208
vn 0.4265 -0.5401 0.7255
vn 0.5255 0.1104 0.8436
vn 0.4102 0.6671 0.6219
vn 0.2906 0.8611 0.4172
vn 0.2163 0.9312 0.2935
vn 0.1728 0.9595 0.2224
vn 0.1431 0.9742 0.1745
vn 0.1224 0.9823 0.1416
vn 0.1069 0.9873 0.1173
vn 0.0949 0.9906 0.0985
vn 0.0856 0.9927 0.0844
vn 0.0781 0.9943 0.0731
vn 0.0715 0.9954 0.0633
vn 0.0664 0.9962 0.0557
vn 0.0617 0.9969 0.0491
vn 0.0578 0.9974 0.0435
vn 0.0543 0.9978 0.0386
vn 0.0512 0.9981 0.0343
vn 0.0485 0.9984 0.0307
vn 0.0460 0.9986 0.0275
vn 0.0437 0.9987 0.0245
vn 0.0417 0.9989 0.0220
vn 0.0178 0.9998 0.0092
vn -0.0098 -1.0000 0.0006
vn -0.0100 -0.9999 0.0003
vn -0.0102 -0.9999 0.0001
vn -0.0104 -0.9999 -0.0002
vn -0.0106 -0.9999 -0.0006
vn -0.0107 -0.9999 -0.0009
vn -0.0109 -0.9999 -0.0013
vn -0.0111 -0.9999 -0.0017
vn -0.0112 -0.9999 -0.0021
vn -0.0113 -0.9999 -0.0025
vn -0.0115 -0.9999 -0.0029
vn -0.0116 -0.9999 -0.0033
vn -0.0116 -0.9999 -0.0038
vn -0.0117 -0.9999 -0.0043
vn -0.0117 -0.9999 -0.0048
vn -0.0118 -0.9999 -0.0053
vn -0.0118 -0.9999 -0.0059
vn -0.0117 -0.9999 -0.0064
vn -0.0117 -0.9999 -0.0070
vn -0.0116 -0.9999 -0.0076
vn -0.0115 -0.9999 -0.0081
vn -0.0113 -0.9999 -0.0087
vn -0.0111 -0.9999 -0.0093
vn -0.0109 -0.9999 -0.0099
vn -0.0107 -0.9999 -0.0105
vn -0.0104 -0.9999 -0.0110
vn -0.0101 -0.9999 -0.0116
vn -0.0097 -0.9999 -0.0122
vn -0.0094 -0.9999 -0.0127
vn -0.0089 -0.9999 -0.0133
vn -0.0085 -0.9999 -0.0138
vn -0.0080 -0.9999 -0.0143
vn -0.0075 -0.9999 -0.0147
vn -0.0070 -0.9999 -0.0152
vn -0.0064 -0.9999 -0.0156
vn -0.0058 -0.9999 -0.0159
vn -0.0052 -0.9999 -0.0163
vn -0.0046 -0.9999 -0.0166
vn -0.0040 -0.9998 -0.0169
vn -0.0033 -0.9998 -0.0171
vn -0.0026 -0.9998 -0.0173
vn -0.0019 -0.9998 -0.0175
vn -0.0012 -0.9998 -0.0176
vn -0.0005 -0.9998 -0.0176
vn 0.0002 -0.9998 -0.0177
vn 0.0009 -0.9998 -0.0176
vn 0.0016 -0.9998 -0.0176
vn 0.0023 -0.9998 -0.0175
vn 0.0030 -0.9998 -0.0173
vn 0.0036 -0.9998 -0.0171
vn 0.0043 -0.9998 -0.0169
vn 0.0050 -0.9998 -0.0166
vn 0.0056 -0.9999 -0.0163
vn 0.0062 -0.9999 -0.0160
vn 0.0068 -0.9999 -0.0156
vn 0.0073 -0.9999 -0.0152
vn 0.0079 -0.9999 -0.0147
vn 0.0084 -0.9999 -0.0143
vn 0.0089 -0.9999 -0.0138
vn 0.0093 -0.9999 -0.0133
vn 0.0097 -0.9999 -0.0127
vn 0.0101 -0.9999 -0.0122
vn 0.0104 -0.9999 -0.0116
vn 0.0107 -0.9999 -0.0110
vn 0.0110 -0.9999 -0.0104
vn 0.0112 -0.9999 -0.0099
vn 0.0114 -0.9999 -0.0092
vn 0.0116 -0.9999 -0.0087
vn 0.0117 -0.9999 -0.0081
vn 0.0118 -0.9999 -0.0075
vn 0.0119 -0.9999 -0.0069
vn 0.0120 -0.9999 -0.0064
vn 0.0120 -0.9999 -0.0058
vn 0.0120 -0.9999 -0.0053
vn 0.0119 -0.9999 -0.0048
vn 0.0119 -0.9999 -0.0043
vn 0.0118 -0.9999 -0.0038
vn 0.0117 -0.9999 -0.0033
vn 0.0116 -0.9999 -0.0028
vn 0.0115 -0.9999 -0.0024
vn 0.0113 -0.9999 -0.0020
vn 0.0112 -0.9999 -0.0016
vn 0.0110 -0.9999 -0.0012
vn 0.0108 -0.9999 -0.0009
vn 0.0106 -0.9999 -0.0006
vn 0.0104 -0.9999 -0.0003
vn 0.0102 -0.9999 0.0001
vn 0.0100 -0.9999 0.0003
vn 0.0098 -1.0000 0.0006
vn -0.0176 0.9998 0.0084
vn -0.0185 0.9998 0.0094
vn -0.0195 0.9998 0.0106
vn -0.0204 0.9997 0.0117
vn -0.0217 0.9997 0.0133
vn -0.0228 0.9996 0.0147
vn -0.0242 0.9996 0.0166
vn -0.0259 0.9995 0.0189
vn -0.0276 0.9994 0.0211
vn -0.0298 0.9993 0.0240
vn -0.0322 0.9991 0.0274
vn -0.0355 0.9989 0.0320
vn -0.0394 0.9985 0.0376
vn -0.0438 0.9981 0.0439
vn -0.0487 0.9975 0.0511
vn -0.0571 0.9963 0.0635
vn -0.0678 0.9945 0.0794
vn -0.0831 0.9913 0.1023
vn -0.1123 0.9828 0.1467
vn -0.1592 0.9628 0.2183
vn -0.2740 0.8767 0.3953
vn -0.5425 -0.1217 0.8312
vn -0.2382 -0.8905 0.3877
vn -0.1324 -0.9644 0.2289
vn -0.0927 -0.9812 0.1692
vn -0.0694 -0.9885 0.1345
vn -0.0542 -0.9922 0.1121
vn -0.0449 -0.9941 0.0985
vn -0.0366 -0.9956 0.0866
vn -0.0312 -0.9964 0.0791
vn -0.0272 -0.9969 0.0736
vn -0.0230 -0.9974 0.0681
vn -0.0201 -0.9977 0.0645
vn -0.0175 -0.9980 0.0614
vn -0.0153 -0.9981 0.0590
vn -0.0134 -0.9983 0.0569
vn -0.0114 -0.9984 0.0550
vn -0.0097 -0.9985 0.0535
vn -0.0084 -0.9986 0.0525
vn -0.0069 -0.9986 0.0516
vn -0.0055 -0.9987 0.0508
vn -0.0042 -0.9987 0.0502
vn -0.0031 -0.9988 0.0499
vn -0.0018 -0.9988 0.0497
vn -0.0007 -0.9988 0.0496
vn 0.0006 -0.9988 0.0497
vn 0.0016 -0.9988 0.0499
vn 0.0030 -0.9987 0.0504
vn 0.0042 -0.9987 0.0509
vn 0.0055 -0.9986 0.0517
vn 0.0068 -0.9986 0.0526
vn 0.0084 -0.9985 0.0538
vn 0.0098 -0.9984 0.0551
vn 0.0119 -0.9983 0.0573
vn 0.0135 -0.9982 0.0591
vn 0.0158 -0.9980 0.0618
vn 0.0183 -0.9977 0.0648
vn 0.0210 -0.9974 0.0685
vn 0.0245 -0.9970 0.0733
vn 0.0291 -0.9964 0.0797
vn 0.0341 -0.9956 0.0871
vn 0.0414 -0.9943 0.0982
vn 0.0506 -0.9924 0.1123
vn 0.0637 -0.9891 0.1327
vn 0.0850 -0.9824 0.1663
vn 0.1282 -0.9636 0.2348
vn 0.2216 -0.8968 0.3831
vn 0.4741 -0.4146 0.7767
vn 0.2968 0.8390 0.4560
vn 0.1657 0.9561 0.2417
vn 0.1081 0.9830 0.1485
vn 0.0834 0.9905 0.1091
vn 0.0678 0.9941 0.0842
vn 0.0566 0.9962 0.0666
vn 0.0488 0.9973 0.0544
vn 0.0428 0.9981 0.0451
vn 0.0385 0.9985 0.0385
vn 0.0350 0.9988 0.0332
vn 0.0320 0.9991 0.0288
vn 0.0294 0.9993 0.0250
vn 0.0274 0.9994 0.0222
vn 0.0255 0.9995 0.0194
vn 0.0241 0.9996 0.0175
vn 0.0225 0.9996 0.0153
vn 0.0213 0.9997 0.0137
vn 0.0203 0.9997 0.0123
vn 0.0192 0.9998 0.0109
vn 0.0183 0.9998 0.0098
vn 0.0000 1.0000 0.0000
vn 0.0000 -1.0000 0.0000
vn -1.0000 -0.0000 0.0000
vn -0.9021 -0.4314 0.0049
vn -0.6275 -0.7786 0.0083
vn -0.2293 -0.9733 0.0091
vn 0.2146 -0.9767 0.0075
vn 0.6179 -0.7863 0.0046
vn 0.8991 -0.4378 0.0019
vn 1.0000 -0.0000 -0.0000
vn 0.8991 0.4377 -0.0019
vn 0.6179 0.7863 -0.0046
vn 0.2146 0.9767 -0.0075
vn -0.2293 0.9733 -0.0091
vn -0.6275 0.7786 -0.0083
vn -0.9021 0.4315 -0.0049
vn -0.9749 0.0001 -0.2224
vn -0.8806 -0.4314 -0.1958
vn -0.6136 -0.7786 -0.1315
vn -0.2255 -0.9733 -0.0421
vn 0.2075 -0.9767 0.0551
vn 0.6014 -0.7862 0.1421
vn 0.8761 -0.4377 0.2019
vn 0.9749 0.0000 0.2225
vn 0.8770 0.4376 0.1983
vn 0.6034 0.7863 0.1330
vn 0.2109 0.9767 0.0404
vn -0.2214 0.9733 -0.0599
vn -0.6100 0.7785 -0.1476
vn -0.8785 0.4314 -0.2054
vn -0.9009 0.0003 -0.4340
vn -0.8149 -0.4314 -0.3870
vn -0.5689 -0.7786 -0.2648
vn -0.2104 -0.9733 -0.0912
vn 0.1901 -0.9767 0.0998
vn 0.5546 -0.7863 0.2722
vn 0.8094 -0.4374 0.3920
vn 0.9010 -0.0002 0.4338
vn 0.8109 0.4377 0.3884
vn 0.5587 0.7862 0.2639
vn 0.1965 0.9767 0.0863
vn -0.2025 0.9733 -0.1077
vn -0.5616 0.7787 -0.2797
vn -0.8108 0.4311 -0.3959
vn -0.7818 -0.0002 -0.6236
vn -0.7084 -0.4311 -0.5588
vn -0.4956 -0.7787 -0.3847
vn -0.1849 -0.9733 -0.1358
vn 0.1631 -0.9767 0.1397
vn 0.4802 -0.7863 0.3888
vn 0.7018 -0.4376 0.5621
vn 0.7818 0.0001 0.6235
vn 0.7042 0.4375 0.5591
vn 0.4859 0.7863 0.3816
vn 0.1725 0.9767 0.1279
vn -0.1736 0.9733 -0.1500
vn -0.4853 0.7786 -0.3977
vn -0.7022 0.4314 -0.5664
vn -0.6235 -0.0001 -0.7818
vn -0.5664 -0.4312 -0.7024
vn -0.3977 -0.7786 -0.4854
vn -0.1500 -0.9733 -0.1735
vn 0.1279 -0.9767 0.1724
vn 0.3817 -0.7862 0.4860
vn 0.5591 -0.4378 0.7041
vn 0.6234 0.0002 0.7819
vn 0.5622 0.4375 0.7018
vn 0.3889 0.7862 0.4802
vn 0.1396 0.9767 0.1631
vn -0.1358 0.9733 -0.1849
vn -0.3848 0.7785 -0.4958
vn -0.5586 0.4314 -0.7084
vn -0.4339 0.0002 -0.9010
vn -0.3959 -0.4314 -0.8106
vn -0.2798 -0.7785 -0.5619
vn -0.1076 -0.9734 -0.2025
vn 0.0863 -0.9767 0.1966
vn 0.2639 -0.7862 0.5588
vn 0.3885 -0.4376 0.8109
vn 0.4340 -0.0003 0.9009
vn 0.3917 0.4378 0.8093
vn 0.2723 0.7861 0.5549
vn 0.0999 0.9767 0.1900
vn -0.0913 0.9733 -0.2105
vn -0.2647 0.7787 -0.5688
vn -0.3872 0.4310 -0.8151
vn -0.2226 -0.0001 -0.9749
vn -0.2056 -0.4314 -0.8784
vn -0.1477 -0.7786 -0.6099
vn -0.0599 -0.9733 -0.2214
vn 0.0404 -0.9767 0.2107
vn 0.1330 -0.7861 0.6036
vn 0.1982 -0.4373 0.8772
vn 0.2227 -0.0001 0.9749
vn 0.2021 0.4373 0.8763
vn 0.1419 0.7862 0.6014
vn 0.0550 0.9767 0.2074
vn -0.0422 0.9733 -0.2255
vn -0.1316 0.7786 -0.6136
vn -0.1960 0.4314 -0.8806
vn 0.0000 0.0000 -1.0000
vn -0.0049 -0.4315 -0.9021
vn -0.0083 -0.7786 -0.6275
vn -0.0091 -0.9733 -0.2292
vn -0.0075 -0.9767 0.2145
vn -0.0047 -0.7861 0.6180
vn -0.0019 -0.4373 0.8993
vn 0.0000 0.0000 1.0000
vn 0.0019 0.4373 0.8993
vn 0.0047 0.7861 0.6180
vn 0.0075 0.9767 0.2145
vn 0.0091 0.9733 -0.2292
vn 0.0083 0.7786 -0.6275
vn 0.0049 0.4315 -0.9021
vn 0.2226 0.0001 -0.9749
vn 0.1960 -0.4314 -0.8806
vn 0.1316 -0.7786 -0.6136
vn 0.0422 -0.9733 -0.2255
vn -0.0550 -0.9767 0.2074
vn -0.1419 -0.7862 0.6014
vn -0.2021 -0.4373 0.8763
vn -0.2227 0.0001 0.9749
vn -0.1982 0.4374 0.8772
vn -0.1330 0.7861 0.6036
vn -0.0404 0.9767 0.2107
vn 0.0599 0.9733 -0.2214
vn 0.1477 0.7786 -0.6099
vn 0.2056 0.4314 -0.8784
vn 0.4339 -0.0002 -0.9010
vn 0.3872 -0.4310 -0.8151
vn 0.2647 -0.7787 -0.5688
vn 0.0913 -0.9733 -0.2105
vn -0.0999 -0.9767 0.1900
vn -0.2723 -0.7861 0.5549
vn -0.3917 -0.4378 0.8093
vn -0.4339 0.0002 0.9009
vn -0.3884 0.4376 0.8109
vn -0.2639 0.7862 0.5588
vn -0.0863 0.9767 0.1966
vn 0.1076 0.9734 -0.2025
vn 0.2798 0.7785 -0.5619
vn 0.3959 0.4314 -0.8106
vn 0.6235 0.0001 -0.7818
vn 0.5586 -0.4314 -0.7084
vn 0.3848 -0.7785 -0.4958
vn 0.1358 -0.9733 -0.1849
vn -0.1396 -0.9767 0.1631
vn -0.3889 -0.7862 0.4802
vn -0.5622 -0.4375 0.7018
vn -0.6234 -0.0002 0.7819
vn -0.5591 0.4378 0.7041
vn -0.3817 0.7862 0.4860
vn -0.1279 0.9767 0.1724
vn 0.1500 0.9733 -0.1735
vn 0.3977 0.7786 -0.4854
vn 0.5664 0.4312 -0.7024
vn 0.7818 0.0000 -0.6235
vn 0.7023 -0.4314 -0.5663
vn 0.4854 -0.7786 -0.3977
vn 0.1736 -0.9733 -0.1500
vn -0.1725 -0.9767 0.1279
vn -0.4859 -0.7863 0.3816
vn -0.7042 -0.4375 0.5591
vn -0.7818 -0.0001 0.6235
vn -0.7018 0.4376 0.5621
vn -0.4802 0.7863 0.3888
vn -0.1631 0.9767 0.1397
vn 0.1849 0.9733 -0.1358
vn 0.4957 0.7787 -0.3846
vn 0.7084 0.4313 -0.5587
vn 0.9009 -0.0003 -0.4340
vn 0.8107 -0.4313 -0.3959
vn 0.5617 -0.7786 -0.2797
vn 0.2026 -0.9733 -0.1077
vn -0.1965 -0.9767 0.0863
vn -0.5587 -0.7862 0.2639
vn -0.8109 -0.4377 0.3884
vn -0.9010 0.0002 0.4338
vn -0.8094 0.4374 0.3920
vn -0.5546 0.7863 0.2722
vn -0.1901 0.9767 0.0998
vn 0.2105 0.9733 -0.0913
vn 0.5690 0.7785 -0.2649
vn 0.8148 0.4317 -0.3869
vn 0.9749 0.0001 -0.2225
vn 0.8784 -0.4315 -0.2055
vn 0.6100 -0.7785 -0.1477
vn 0.2215 -0.9733 -0.0599
vn -0.2109 -0.9767 0.0404
vn -0.6034 -0.7863 0.1330
vn -0.8770 -0.4376 0.1983
vn -0.9749 -0.0000 0.2225
vn -0.8761 0.4377 0.2019
vn -0.6014 0.7862 0.1421
vn -0.2075 0.9767 0.0551
vn 0.2255 0.9733 -0.0421
vn 0.6136 0.7785 -0.1316
vn 0.8806 0.4314 -0.1960
vn 1.0000 0.0000 0.0000
vn 0.9021 -0.4315 -0.0049
vn 0.6275 -0.7786 -0.0083
vn 0.2293 -0.9733 -0.0091
vn -0.2146 -0.9767 -0.0075
vn -0.6179 -0.7863 -0.0046
vn -0.8991 -0.4377 -0.0019
vn -1.0000 0.0000 0.0000
vn -0.8991 0.4378 0.0019
vn -0.6179 0.7863 0.0046
vn -0.2146 0.9767 0.0075
vn 0.2293 0.9733 0.0091
vn 0.6275 0.7786 0.0083
vn 0.9021 0.4314 0.0049
vn 0.9749 -0.0001 0.2225
vn 0.8806 -0.4314 0.1960
vn 0.6137 -0.7785 0.1316
vn 0.2255 -0.9733 0.0421
vn -0.2075 -0.9767 -0.0551
vn -0.6014 -0.7862 -0.1421
vn -0.8762 -0.4377 -0.2019
vn -0.9749 -0.0001 -0.2225
vn -0.8770 0.4377 -0.1982
vn -0.6034 0.7863 -0.1330
vn -0.2109 0.9767 -0.0404
vn 0.2215 0.9733 0.0599
vn 0.6099 0.7786 0.1477
vn 0.8784 0.4315 0.2055
vn 0.9009 0.0001 0.4339
vn 0.8149 -0.4316 0.3870
vn 0.5691 -0.7784 0.2649
vn 0.2105 -0.9733 0.0913
vn -0.1900 -0.9767 -0.0999
vn -0.5546 -0.7863 -0.2722
vn -0.8093 -0.4375 -0.3920
vn -0.9010 -0.0001 -0.4339
vn -0.8109 0.4376 -0.3885
vn -0.5586 0.7863 -0.2640
vn -0.1965 0.9767 -0.0863
vn 0.2026 0.9733 0.1077
vn 0.5619 0.7785 0.2798
vn 0.8106 0.4314 0.3959
vn 0.7819 -0.0000 0.6234
vn 0.7085 -0.4313 0.5586
vn 0.4958 -0.7786 0.3847
vn 0.1849 -0.9733 0.1358
vn -0.1630 -0.9767 -0.1396
vn -0.4803 -0.7862 -0.3889
vn -0.7019 -0.4377 -0.5620
vn -0.7819 0.0002 -0.6235
vn -0.7043 0.4374 -0.5591
vn -0.4860 0.7863 -0.3816
vn -0.1724 0.9767 -0.1279
vn 0.1735 0.9733 0.1500
vn 0.4856 0.7784 0.3978
vn 0.7023 0.4314 0.5662
vn 0.6235 0.0001 0.7818
vn 0.5664 -0.4313 0.7023
vn 0.3978 -0.7785 0.4854
vn 0.1500 -0.9733 0.1735
vn -0.1279 -0.9767 -0.1724
vn -0.3816 -0.7862 -0.4860
vn -0.5591 -0.4376 -0.7042
vn -0.6235 -0.0001 -0.7818
vn -0.5621 0.4376 -0.7018
vn -0.3889 0.7862 -0.4802
vn -0.1396 0.9767 -0.1630
vn 0.1358 0.9733 0.1848
vn 0.3848 0.7785 0.4958
vn 0.5587 0.4313 0.7084
vn 0.4338 0.0001 0.9010
vn 0.3958 -0.4313 0.8107
vn 0.2797 -0.7785 0.5618
vn 0.1076 -0.9733 0.2025
vn -0.0863 -0.9767 -0.1966
vn -0.2639 -0.7863 -0.5587
vn -0.3883 -0.4375 -0.8111
vn -0.4338 -0.0000 -0.9010
vn -0.3918 0.4376 -0.8093
vn -0.2722 0.7862 -0.5547
vn -0.0998 0.9767 -0.1900
vn 0.0912 0.9733 0.2105
vn 0.2647 0.7786 0.5689
vn 0.3870 0.4312 0.8150
vn 0.2224 -0.0001 0.9749
vn 0.2055 -0.4312 0.8785
vn 0.1477 -0.7785 0.6100
vn 0.0599 -0.9733 0.2214
vn -0.0404 -0.9767 -0.2108
vn -0.1330 -0.7863 -0.6034
vn -0.1982 -0.4377 -0.8770
vn -0.2225 0.0001 -0.9749
vn -0.2019 0.4376 -0.8762
vn -0.1421 0.7862 -0.6014
vn -0.0551 0.9767 -0.2075
vn 0.0422 0.9733 0.2255
vn 0.1316 0.7785 0.6137
vn 0.1958 0.4314 0.8806
vn -0.0000 -0.0000 1.0000
vn 0.0049 -0.4312 0.9023
vn 0.0083 -0.7784 0.6277
vn 0.0091 -0.9733 0.2292
vn 0.0075 -0.9767 -0.2145
vn 0.0046 -0.7863 -0.6179
vn 0.0019 -0.4377 -0.8991
vn -0.0000 -0.0000 -1.0000
vn -0.0019 0.4377 -0.8991
vn -0.0046 0.7863 -0.6179
vn -0.0075 0.9767 -0.2145
vn -0.0091 0.9733 0.2292
vn -0.0083 0.7784 0.6277
vn -0.0049 0.4312 0.9023
vn -0.2224 0.0001 0.9749
vn -0.1958 -0.4314 0.8806
vn -0.1316 -0.7785 0.6137
vn -0.0422 -0.9733 0.2255
vn 0.0551 -0.9767 -0.2075
vn 0.1421 -0.7862 -0.6014
vn 0.2020 -0.4376 -0.8762
vn 0.2225 -0.0001 -0.9749
vn 0.1982 0.4376 -0.8770
vn 0.1330 0.7863 -0.6034
vn 0.0404 0.9767 -0.2108
vn -0.0599 0.9733 0.2214
vn -0.1477 0.7785 0.6100
vn -0.2055 0.4312 0.8785
vn -0.4338 -0.0001 0.9010
vn -0.3870 -0.4312 0.8150
vn -0.2647 -0.7786 0.5689
vn -0.0912 -0.9733 0.2105
vn 0.0998 -0.9767 -0.1900
vn 0.2722 -0.7862 -0.5547
vn 0.3918 -0.4376 -0.8093
vn 0.4338 0.0001 -0.9010
vn 0.3884 0.4374 -0.8111
vn 0.2639 0.7863 -0.5587
vn 0.0863 0.9767 -0.1966
vn -0.1076 0.9733 0.2025
vn -0.2797 0.7785 0.5618
vn -0.3958 0.4313 0.8107
vn -0.6235 -0.0001 0.7818
vn -0.5587 -0.4313 0.7084
vn -0.3848 -0.7785 0.4958
vn -0.1358 -0.9733 0.1848
vn 0.1396 -0.9767 -0.1630
vn 0.3889 -0.7862 -0.4802
vn 0.5621 -0.4376 -0.7018
vn 0.6235 0.0001 -0.7818
vn 0.5591 0.4376 -0.7042
vn 0.3816 0.7862 -0.4860
vn 0.1279 0.9767 -0.1724
vn -0.1500 0.9733 0.1735
vn -0.3978 0.7785 0.4854
vn -0.5664 0.4313 0.7023
vn -0.7819 0.0002 0.6235
vn -0.7023 -0.4314 0.5663
vn -0.4855 -0.7785 0.3978
vn -0.1735 -0.9733 0.1500
vn 0.1724 -0.9767 -0.1279
vn 0.4860 -0.7863 -0.3816
vn 0.7043 -0.4374 -0.5591
vn 0.7819 -0.0002 -0.6235
vn 0.7019 0.4377 -0.5620
vn 0.4803 0.7862 -0.3889
vn 0.1630 0.9767 -0.1396
vn -0.1849 0.9733 0.1358
vn -0.4958 0.7786 0.3848
vn -0.7085 0.4311 0.5588
vn -0.9009 -0.0001 0.4339
vn -0.8108 -0.4312 0.3959
vn -0.5617 -0.7786 0.2797
vn -0.2026 -0.9733 0.1077
vn 0.1965 -0.9767 -0.0863
vn 0.5586 -0.7863 -0.2640
vn 0.8109 -0.4376 -0.3885
vn 0.9010 0.0001 -0.4339
vn 0.8093 0.4375 -0.3920
vn 0.5546 0.7863 -0.2722
vn 0.1900 0.9767 -0.0999
vn -0.2105 0.9733 0.0912
vn -0.5690 0.7786 0.2648
vn -0.8150 0.4313 0.3871
vn -0.9749 -0.0001 0.2224
vn -0.8785 -0.4314 0.2054
vn -0.6100 -0.7786 0.1476
vn -0.2215 -0.9733 0.0598
vn 0.2109 -0.9767 -0.0404
vn 0.6034 -0.7863 -0.1330
vn 0.8770 -0.4377 -0.1982
vn 0.9749 0.0001 -0.2225
vn 0.8762 0.4377 -0.2019
vn 0.6014 0.7862 -0.1421
vn 0.2075 0.9767 -0.0551
vn -0.2255 0.9733 0.0421
vn -0.6136 0.7786 0.1315
vn -0.8806 0.4314 0.1958

o HoboBag_Body
usemtl Leather_Cognac_Pebbled
s 1
f 1/1/1 2/2/2 180/180/180
f 1/1/1 180/180/180 179/179/179
f 2/2/2 3/3/3 181/181/181
f 2/2/2 181/181/181 180/180/180
f 3/3/3 4/4/4 182/182/182
f 3/3/3 182/182/182 181/181/181
f 4/4/4 5/5/5 183/183/183
f 4/4/4 183/183/183 182/182/182
f 5/5/5 6/6/6 184/184/184
f 5/5/5 184/184/184 183/183/183
f 6/6/6 7/7/7 185/185/185
f 6/6/6 185/185/185 184/184/184
f 7/7/7 8/8/8 186/186/186
f 7/7/7 186/186/186 185/185/185
f 8/8/8 9/9/9 187/187/187
f 8/8/8 187/187/187 186/186/186
f 9/9/9 10/10/10 188/188/188
f 9/9/9 188/188/188 187/187/187
f 10/10/10 11/11/11 189/189/189
f 10/10/10 189/189/189 188/188/188
f 11/11/11 12/12/12 190/190/190
f 11/11/11 190/190/190 189/189/189
f 12/12/12 13/13/13 191/191/191
f 12/12/12 191/191/191 190/190/190
f 13/13/13 14/14/14 192/192/192
f 13/13/13 192/192/192 191/191/191
f 14/14/14 15/15/15 193/193/193
f 14/14/14 193/193/193 192/192/192
f 15/15/15 16/16/16 194/194/194
f 15/15/15 194/194/194 193/193/193
f 16/16/16 17/17/17 195/195/195
f 16/16/16 195/195/195 194/194/194
f 17/17/17 18/18/18 196/196/196
f 17/17/17 196/196/196 195/195/195
f 18/18/18 19/19/19 197/197/197
f 18/18/18 197/197/197 196/196/196
f 19/19/19 20/20/20 198/198/198
f 19/19/19 198/198/198 197/197/197
f 20/20/20 21/21/21 199/199/199
f 20/20/20 199/199/199 198/198/198
f 21/21/21 22/22/22 200/200/200
f 21/21/21 200/200/200 199/199/199
f 22/22/22 23/23/23 201/201/201
f 22/22/22 201/201/201 200/200/200
f 23/23/23 24/24/24 202/202/202
f 23/23/23 202/202/202 201/201/201
f 24/24/24 25/25/25 203/203/203
f 24/24/24 203/203/203 202/202/202
f 25/25/25 26/26/26 204/204/204
f 25/25/25 204/204/204 203/203/203
f 26/26/26 27/27/27 205/205/205
f 26/26/26 205/205/205 204/204/204
f 27/27/27 28/28/28 206/206/206
f 27/27/27 206/206/206 205/205/205
f 28/28/28 29/29/29 207/207/207
f 28/28/28 207/207/207 206/206/206
f 29/29/29 30/30/30 208/208/208
f 29/29/29 208/208/208 207/207/207
f 30/30/30 31/31/31 209/209/209
f 30/30/30 209/209/209 208/208/208
f 31/31/31 32/32/32 210/210/210
f 31/31/31 210/210/210 209/209/209
f 32/32/32 33/33/33 211/211/211
f 32/32/32 211/211/211 210/210/210
f 33/33/33 34/34/34 212/212/212
f 33/33/33 212/212/212 211/211/211
f 34/34/34 35/35/35 213/213/213
f 34/34/34 213/213/213 212/212/212
f 35/35/35 36/36/36 214/214/214
f 35/35/35 214/214/214 213/213/213
f 36/36/36 37/37/37 215/215/215
f 36/36/36 215/215/215 214/214/214
f 37/37/37 38/38/38 216/216/216
f 37/37/37 216/216/216 215/215/215
f 38/38/38 39/39/39 217/217/217
f 38/38/38 217/217/217 216/216/216
f 39/39/39 40/40/40 218/218/218
f 39/39/39 218/218/218 217/217/217
f 40/40/40 41/41/41 219/219/219
f 40/40/40 219/219/219 218/218/218
f 41/41/41 42/42/42 220/220/220
f 41/41/41 220/220/220 219/219/219
f 42/42/42 43/43/43 221/221/221
f 42/42/42 221/221/221 220/220/220
f 43/43/43 44/44/44 222/222/222
f 43/43/43 222/222/222 221/221/221
f 44/44/44 45/45/45 223/223/223
f 44/44/44 223/223/223 222/222/222
f 45/45/45 46/46/46 224/224/224
f 45/45/45 224/224/224 223/223/223
f 46/46/46 47/47/47 225/225/225
f 46/46/46 225/225/225 224/224/224
f 47/47/47 48/48/48 226/226/226
f 47/47/47 226/226/226 225/225/225
f 48/48/48 49/49/49 227/227/227
f 48/48/48 227/227/227 226/226/226
f 49/49/49 50/50/50 228/228/228
f 49/49/49 228/228/228 227/227/227
f 50/50/50 51/51/51 229/229/229
f 50/50/50 229/229/229 228/228/228
f 51/51/51 52/52/52 230/230/230
f 51/51/51 230/230/230 229/229/229
f 52/52/52 53/53/53 231/231/231
f 52/52/52 231/231/231 230/230/230
f 53/53/53 54/54/54 232/232/232
f 53/53/53 232/232/232 231/231/231
f 54/54/54 55/55/55 233/233/233
f 54/54/54 233/233/233 232/232/232
f 55/55/55 56/56/56 234/234/234
f 55/55/55 234/234/234 233/233/233
f 56/56/56 57/57/57 235/235/235
f 56/56/56 235/235/235 234/234/234
f 57/57/57 58/58/58 236/236/236
f 57/57/57 236/236/236 235/235/235
f 58/58/58 59/59/59 237/237/237
f 58/58/58 237/237/237 236/236/236
f 59/59/59 60/60/60 238/238/238
f 59/59/59 238/238/238 237/237/237
f 60/60/60 61/61/61 239/239/239
f 60/60/60 239/239/239 238/238/238
f 61/61/61 62/62/62 240/240/240
f 61/61/61 240/240/240 239/239/239
f 62/62/62 63/63/63 241/241/241
f 62/62/62 241/241/241 240/240/240
f 63/63/63 64/64/64 242/242/242
f 63/63/63 242/242/242 241/241/241
f 64/64/64 65/65/65 243/243/243
f 64/64/64 243/243/243 242/242/242
f 65/65/65 66/66/66 244/244/244
f 65/65/65 244/244/244 243/243/243
f 66/66/66 67/67/67 245/245/245
f 66/66/66 245/245/245 244/244/244
f 67/67/67 68/68/68 246/246/246
f 67/67/67 246/246/246 245/245/245
f 68/68/68 69/69/69 247/247/247
f 68/68/68 247/247/247 246/246/246
f 69/69/69 70/70/70 248/248/248
f 69/69/69 248/248/248 247/247/247
f 70/70/70 71/71/71 249/249/249
f 70/70/70 249/249/249 248/248/248
f 71/71/71 72/72/72 250/250/250
f 71/71/71 250/250/250 249/249/249
f 72/72/72 73/73/73 251/251/251
f 72/72/72 251/251/251 250/250/250
f 73/73/73 74/74/74 252/252/252
f 73/73/73 252/252/252 251/251/251
f 74/74/74 75/75/75 253/253/253
f 74/74/74 253/253/253 252/252/252
f 75/75/75 76/76/76 254/254/254
f 75/75/75 254/254/254 253/253/253
f 76/76/76 77/77/77 255/255/255
f 76/76/76 255/255/255 254/254/254
f 77/77/77 78/78/78 256/256/256
f 77/77/77 256/256/256 255/255/255
f 78/78/78 79/79/79 257/257/257
f 78/78/78 257/257/257 256/256/256
f 79/79/79 80/80/80 258/258/258
f 79/79/79 258/258/258 257/257/257
f 80/80/80 81/81/81 259/259/259
f 80/80/80 259/259/259 258/258/258
f 81/81/81 82/82/82 260/260/260
f 81/81/81 260/260/260 259/259/259
f 82/82/82 83/83/83 261/261/261
f 82/82/82 261/261/261 260/260/260
f 83/83/83 84/84/84 262/262/262
f 83/83/83 262/262/262 261/261/261
f 84/84/84 85/85/85 263/263/263
f 84/84/84 263/263/263 262/262/262
f 85/85/85 86/86/86 264/264/264
f 85/85/85 264/264/264 263/263/263
f 86/86/86 87/87/87 265/265/265
f 86/86/86 265/265/265 264/264/264
f 87/87/87 88/88/88 266/266/266
f 87/87/87 266/266/266 265/265/265
f 88/88/88 89/89/89 267/267/267
f 88/88/88 267/267/267 266/266/266
f 89/89/89 90/90/90 268/268/268
f 89/89/89 268/268/268 267/267/267
f 90/90/90 91/91/91 269/269/269
f 90/90/90 269/269/269 268/268/268
f 91/91/91 92/92/92 270/270/270
f 91/91/91 270/270/270 269/269/269
f 92/92/92 93/93/93 271/271/271
f 92/92/92 271/271/271 270/270/270
f 93/93/93 94/94/94 272/272/272
f 93/93/93 272/272/272 271/271/271
f 94/94/94 95/95/95 273/273/273
f 94/94/94 273/273/273 272/272/272
f 95/95/95 96/96/96 274/274/274
f 95/95/95 274/274/274 273/273/273
f 96/96/96 97/97/97 275/275/275
f 96/96/96 275/275/275 274/274/274
f 97/97/97 98/98/98 276/276/276
f 97/97/97 276/276/276 275/275/275
f 98/98/98 99/99/99 277/277/277
f 98/98/98 277/277/277 276/276/276
f 99/99/99 100/100/100 278/278/278
f 99/99/99 278/278/278 277/277/277
f 100/100/100 101/101/101 279/279/279
f 100/100/100 279/279/279 278/278/278
f 101/101/101 102/102/102 280/280/280
f 101/101/101 280/280/280 279/279/279
f 102/102/102 103/103/103 281/281/281
f 102/102/102 281/281/281 280/280/280
f 103/103/103 104/104/104 282/282/282
f 103/103/103 282/282/282 281/281/281
f 104/104/104 105/105/105 283/283/283
f 104/104/104 283/283/283 282/282/282
f 105/105/105 106/106/106 284/284/284
f 105/105/105 284/284/284 283/283/283
f 106/106/106 107/107/107 285/285/285
f 106/106/106 285/285/285 284/284/284
f 107/107/107 108/108/108 286/286/286
f 107/107/107 286/286/286 285/285/285
f 108/108/108 109/109/109 287/287/287
f 108/108/108 287/287/287 286/286/286
f 109/109/109 110/110/110 288/288/288
f 109/109/109 288/288/288 287/287/287
f 110/110/110 111/111/111 289/289/289
f 110/110/110 289/289/289 288/288/288
f 111/111/111 112/112/112 290/290/290
f 111/111/111 290/290/290 289/289/289
f 112/112/112 113/113/113 291/291/291
f 112/112/112 291/291/291 290/290/290
f 113/113/113 114/114/114 292/292/292
f 113/113/113 292/292/292 291/291/291
f 114/114/114 115/115/115 293/293/293
f 114/114/114 293/293/293 292/292/292
f 115/115/115 116/116/116 294/294/294
f 115/115/115 294/294/294 293/293/293
f 116/116/116 117/117/117 295/295/295
f 116/116/116 295/295/295 294/294/294
f 117/117/117 118/118/118 296/296/296
f 117/117/117 296/296/296 295/295/295
f 118/118/118 119/119/119 297/297/297
f 118/118/118 297/297/297 296/296/296
f 119/119/119 120/120/120 298/298/298
f 119/119/119 298/298/298 297/297/297
f 120/120/120 121/121/121 299/299/299
f 120/120/120 299/299/299 298/298/298
f 121/121/121 122/122/122 300/300/300
f 121/121/121 300/300/300 299/299/299
f 122/122/122 123/123/123 301/301/301
f 122/122/122 301/301/301 300/300/300
f 123/123/123 124/124/124 302/302/302
f 123/123/123 302/302/302 301/301/301
f 124/124/124 125/125/125 303/303/303
f 124/124/124 303/303/303 302/302/302
f 125/125/125 126/126/126 304/304/304
f 125/125/125 304/304/304 303/303/303
f 126/126/126 127/127/127 305/305/305
f 126/126/126 305/305/305 304/304/304
f 127/127/127 128/128/128 306/306/306
f 127/127/127 306/306/306 305/305/305
f 128/128/128 129/129/129 307/307/307
f 128/128/128 307/307/307 306/306/306
f 129/129/129 130/130/130 308/308/308
f 129/129/129 308/308/308 307/307/307
f 130/130/130 131/131/131 309/309/309
f 130/130/130 309/309/309 308/308/308
f 131/131/131 132/132/132 310/310/310
f 131/131/131 310/310/310 309/309/309
f 132/132/132 133/133/133 311/311/311
f 132/132/132 311/311/311 310/310/310
f 133/133/133 134/134/134 312/312/312
f 133/133/133 312/312/312 311/311/311
f 134/134/134 135/135/135 313/313/313
f 134/134/134 313/313/313 312/312/312
f 135/135/135 136/136/136 314/314/314
f 135/135/135 314/314/314 313/313/313
f 136/136/136 137/137/137 315/315/315
f 136/136/136 315/315/315 314/314/314
f 137/137/137 138/138/138 316/316/316
f 137/137/137 316/316/316 315/315/315
f 138/138/138 139/139/139 317/317/317
f 138/138/138 317/317/317 316/316/316
f 139/139/139 140/140/140 318/318/318
f 139/139/139 318/318/318 317/317/317
f 140/140/140 141/141/141 319/319/319
f 140/140/140 319/319/319 318/318/318
f 141/141/141 142/142/142 320/320/320
f 141/141/141 320/320/320 319/319/319
f 142/142/142 143/143/143 321/321/321
f 142/142/142 321/321/321 320/320/320
f 143/143/143 144/144/144 322/322/322
f 143/143/143 322/322/322 321/321/321
f 144/144/144 145/145/145 323/323/323
f 144/144/144 323/323/323 322/322/322
f 145/145/145 146/146/146 324/324/324
f 145/145/145 324/324/324 323/323/323
f 146/146/146 147/147/147 325/325/325
f 146/146/146 325/325/325 324/324/324
f 147/147/147 148/148/148 326/326/326
f 147/147/147 326/326/326 325/325/325
f 148/148/148 149/149/149 327/327/327
f 148/148/148 327/327/327 326/326/326
f 149/149/149 150/150/150 328/328/328
f 149/149/149 328/328/328 327/327/327
f 150/150/150 151/151/151 329/329/329
f 150/150/150 329/329/329 328/328/328
f 151/151/151 152/152/152 330/330/330
f 151/151/151 330/330/330 329/329/329
f 152/152/152 153/153/153 331/331/331
f 152/152/152 331/331/331 330/330/330
f 153/153/153 154/154/154 332/332/332
f 153/153/153 332/332/332 331/331/331
f 154/154/154 155/155/155 333/333/333
f 154/154/154 333/333/333 332/332/332
f 155/155/155 156/156/156 334/334/334
f 155/155/155 334/334/334 333/333/333
f 156/156/156 157/157/157 335/335/335
f 156/156/156 335/335/335 334/334/334
f 157/157/157 158/158/158 336/336/336
f 157/157/157 336/336/336 335/335/335
f 158/158/158 159/159/159 337/337/337
f 158/158/158 337/337/337 336/336/336
f 159/159/159 160/160/160 338/338/338
f 159/159/159 338/338/338 337/337/337
f 160/160/160 161/161/161 339/339/339
f 160/160/160 339/339/339 338/338/338
f 161/161/161 162/162/162 340/340/340
f 161/161/161 340/340/340 339/339/339
f 162/162/162 163/163/163 341/341/341
f 162/162/162 341/341/341 340/340/340
f 163/163/163 164/164/164 342/342/342
f 163/163/163 342/342/342 341/341/341
f 164/164/164 165/165/165 343/343/343
f 164/164/164 343/343/343 342/342/342
f 165/165/165 166/166/166 344/344/344
f 165/165/165 344/344/344 343/343/343
f 166/166/166 167/167/167 345/345/345
f 166/166/166 345/345/345 344/344/344
f 167/167/167 168/168/168 346/346/346
f 167/167/167 346/346/346 345/345/345
f 168/168/168 169/169/169 347/347/347
f 168/168/168 347/347/347 346/346/346
f 169/169/169 170/170/170 348/348/348
f 169/169/169 348/348/348 347/347/347
f 170/170/170 171/171/171 349/349/349
f 170/170/170 349/349/349 348/348/348
f 171/171/171 172/172/172 350/350/350
f 171/171/171 350/350/350 349/349/349
f 172/172/172 173/173/173 351/351/351
f 172/172/172 351/351/351 350/350/350
f 173/173/173 174/174/174 352/352/352
f 173/173/173 352/352/352 351/351/351
f 174/174/174 175/175/175 353/353/353
f 174/174/174 353/353/353 352/352/352
f 175/175/175 176/176/176 354/354/354
f 175/175/175 354/354/354 353/353/353
f 176/176/176 177/177/177 355/355/355
f 176/176/176 355/355/355 354/354/354
f 177/177/177 178/178/178 356/356/356
f 177/177/177 356/356/356 355/355/355
f 178/178/178 1/1/1 179/179/179
f 178/178/178 179/179/179 356/356/356
f 179/179/179 180/180/180 358/358/358
f 179/179/179 358/358/358 357/357/357
f 180/180/180 181/181/181 359/359/359
f 180/180/180 359/359/359 358/358/358
f 181/181/181 182/182/182 360/360/360
f 181/181/181 360/360/360 359/359/359
f 182/182/182 183/183/183 361/361/361
f 182/182/182 361/361/361 360/360/360
f 183/183/183 184/184/184 362/362/362
f 183/183/183 362/362/362 361/361/361
f 184/184/184 185/185/185 363/363/363
f 184/184/184 363/363/363 362/362/362
f 185/185/185 186/186/186 364/364/364
f 185/185/185 364/364/364 363/363/363
f 186/186/186 187/187/187 365/365/365
f 186/186/186 365/365/365 364/364/364
f 187/187/187 188/188/188 366/366/366
f 187/187/187 366/366/366 365/365/365
f 188/188/188 189/189/189 367/367/367
f 188/188/188 367/367/367 366/366/366
f 189/189/189 190/190/190 368/368/368
f 189/189/189 368/368/368 367/367/367
f 190/190/190 191/191/191 369/369/369
f 190/190/190 369/369/369 368/368/368
f 191/191/191 192/192/192 370/370/370
f 191/191/191 370/370/370 369/369/369
f 192/192/192 193/193/193 371/371/371
f 192/192/192 371/371/371 370/370/370
f 193/193/193 194/194/194 372/372/372
f 193/193/193 372/372/372 371/371/371
f 194/194/194 195/195/195 373/373/373
f 194/194/194 373/373/373 372/372/372
f 195/195/195 196/196/196 374/374/374
f 195/195/195 374/374/374 373/373/373
f 196/196/196 197/197/197 375/375/375
f 196/196/196 375/375/375 374/374/374
f 197/197/197 198/198/198 376/376/376
f 197/197/197 376/376/376 375/375/375
f 198/198/198 199/199/199 377/377/377
f 198/198/198 377/377/377 376/376/376
f 199/199/199 200/200/200 378/378/378
f 199/199/199 378/378/378 377/377/377
f 200/200/200 201/201/201 379/379/379
f 200/200/200 379/379/379 378/378/378
f 201/201/201 202/202/202 380/380/380
f 201/201/201 380/380/380 379/379/379
f 202/202/202 203/203/203 381/381/381
f 202/202/202 381/381/381 380/380/380
f 203/203/203 204/204/204 382/382/382
f 203/203/203 382/382/382 381/381/381
f 204/204/204 205/205/205 383/383/383
f 204/204/204 383/383/383 382/382/382
f 205/205/205 206/206/206 384/384/384
f 205/205/205 384/384/384 383/383/383
f 206/206/206 207/207/207 385/385/385
f 206/206/206 385/385/385 384/384/384
f 207/207/207 208/208/208 386/386/386
f 207/207/207 386/386/386 385/385/385
f 208/208/208 209/209/209 387/387/387
f 208/208/208 387/387/387 386/386/386
f 209/209/209 210/210/210 388/388/388
f 209/209/209 388/388/388 387/387/387
f 210/210/210 211/211/211 389/389/389
f 210/210/210 389/389/389 388/388/388
f 211/211/211 212/212/212 390/390/390
f 211/211/211 390/390/390 389/389/389
f 212/212/212 213/213/213 391/391/391
f 212/212/212 391/391/391 390/390/390
f 213/213/213 214/214/214 392/392/392
f 213/213/213 392/392/392 391/391/391
f 214/214/214 215/215/215 393/393/393
f 214/214/214 393/393/393 392/392/392
f 215/215/215 216/216/216 394/394/394
f 215/215/215 394/394/394 393/393/393
f 216/216/216 217/217/217 395/395/395
f 216/216/216 395/395/395 394/394/394
f 217/217/217 218/218/218 396/396/396
f 217/217/217 396/396/396 395/395/395
f 218/218/218 219/219/219 397/397/397
f 218/218/218 397/397/397 396/396/396
f 219/219/219 220/220/220 398/398/398
f 219/219/219 398/398/398 397/397/397
f 220/220/220 221/221/221 399/399/399
f 220/220/220 399/399/399 398/398/398
f 221/221/221 222/222/222 400/400/400
f 221/221/221 400/400/400 399/399/399
f 222/222/222 223/223/223 401/401/401
f 222/222/222 401/401/401 400/400/400
f 223/223/223 224/224/224 402/402/402
f 223/223/223 402/402/402 401/401/401
f 224/224/224 225/225/225 403/403/403
f 224/224/224 403/403/403 402/402/402
f 225/225/225 226/226/226 404/404/404
f 225/225/225 404/404/404 403/403/403
f 226/226/226 227/227/227 405/405/405
f 226/226/226 405/405/405 404/404/404
f 227/227/227 228/228/228 406/406/406
f 227/227/227 406/406/406 405/405/405
f 228/228/228 229/229/229 407/407/407
f 228/228/228 407/407/407 406/406/406
f 229/229/229 230/230/230 408/408/408
f 229/229/229 408/408/408 407/407/407
f 230/230/230 231/231/231 409/409/409
f 230/230/230 409/409/409 408/408/408
f 231/231/231 232/232/232 410/410/410
f 231/231/231 410/410/410 409/409/409
f 232/232/232 233/233/233 411/411/411
f 232/232/232 411/411/411 410/410/410
f 233/233/233 234/234/234 412/412/412
f 233/233/233 412/412/412 411/411/411
f 234/234/234 235/235/235 413/413/413
f 234/234/234 413/413/413 412/412/412
f 235/235/235 236/236/236 414/414/414
f 235/235/235 414/414/414 413/413/413
f 236/236/236 237/237/237 415/415/415
f 236/236/236 415/415/415 414/414/414
f 237/237/237 238/238/238 416/416/416
f 237/237/237 416/416/416 415/415/415
f 238/238/238 239/239/239 417/417/417
f 238/238/238 417/417/417 416/416/416
f 239/239/239 240/240/240 418/418/418
f 239/239/239 418/418/418 417/417/417
f 240/240/240 241/241/241 419/419/419
f 240/240/240 419/419/419 418/418/418
f 241/241/241 242/242/242 420/420/420
f 241/241/241 420/420/420 419/419/419
f 242/242/242 243/243/243 421/421/421
f 242/242/242 421/421/421 420/420/420
f 243/243/243 244/244/244 422/422/422
f 243/243/243 422/422/422 421/421/421
f 244/244/244 245/245/245 423/423/423
f 244/244/244 423/423/423 422/422/422
f 245/245/245 246/246/246 424/424/424
f 245/245/245 424/424/424 423/423/423
f 246/246/246 247/247/247 425/425/425
f 246/246/246 425/425/425 424/424/424
f 247/247/247 248/248/248 426/426/426
f 247/247/247 426/426/426 425/425/425
f 248/248/248 249/249/249 427/427/427
f 248/248/248 427/427/427 426/426/426
f 249/249/249 250/250/250 428/428/428
f 249/249/249 428/428/428 427/427/427
f 250/250/250 251/251/251 429/429/429
f 250/250/250 429/429/429 428/428/428
f 251/251/251 252/252/252 430/430/430
f 251/251/251 430/430/430 429/429/429
f 252/252/252 253/253/253 431/431/431
f 252/252/252 431/431/431 430/430/430
f 253/253/253 254/254/254 432/432/432
f 253/253/253 432/432/432 431/431/431
f 254/254/254 255/255/255 433/433/433
f 254/254/254 433/433/433 432/432/432
f 255/255/255 256/256/256 434/434/434
f 255/255/255 434/434/434 433/433/433
f 256/256/256 257/257/257 435/435/435
f 256/256/256 435/435/435 434/434/434
f 257/257/257 258/258/258 436/436/436
f 257/257/257 436/436/436 435/435/435
f 258/258/258 259/259/259 437/437/437
f 258/258/258 437/437/437 436/436/436
f 259/259/259 260/260/260 438/438/438
f 259/259/259 438/438/438 437/437/437
f 260/260/260 261/261/261 439/439/439
f 260/260/260 439/439/439 438/438/438
f 261/261/261 262/262/262 440/440/440
f 261/261/261 440/440/440 439/439/439
f 262/262/262 263/263/263 441/441/441
f 262/262/262 441/441/441 440/440/440
f 263/263/263 264/264/264 442/442/442
f 263/263/263 442/442/442 441/441/441
f 264/264/264 265/265/265 443/443/443
f 264/264/264 443/443/443 442/442/442
f 265/265/265 266/266/266 444/444/444
f 265/265/265 444/444/444 443/443/443
f 266/266/266 267/267/267 445/445/445
f 266/266/266 445/445/445 444/444/444
f 267/267/267 268/268/268 446/446/446
f 267/267/267 446/446/446 445/445/445
f 268/268/268 269/269/269 447/447/447
f 268/268/268 447/447/447 446/446/446
f 269/269/269 270/270/270 448/448/448
f 269/269/269 448/448/448 447/447/447
f 270/270/270 271/271/271 449/449/449
f 270/270/270 449/449/449 448/448/448
f 271/271/271 272/272/272 450/450/450
f 271/271/271 450/450/450 449/449/449
f 272/272/272 273/273/273 451/451/451
f 272/272/272 451/451/451 450/450/450
f 273/273/273 274/274/274 452/452/452
f 273/273/273 452/452/452 451/451/451
f 274/274/274 275/275/275 453/453/453
f 274/274/274 453/453/453 452/452/452
f 275/275/275 276/276/276 454/454/454
f 275/275/275 454/454/454 453/453/453
f 276/276/276 277/277/277 455/455/455
f 276/276/276 455/455/455 454/454/454
f 277/277/277 278/278/278 456/456/456
f 277/277/277 456/456/456 455/455/455
f 278/278/278 279/279/279 457/457/457
f 278/278/278 457/457/457 456/456/456
f 279/279/279 280/280/280 458/458/458
f 279/279/279 458/458/458 457/457/457
f 280/280/280 281/281/281 459/459/459
f 280/280/280 459/459/459 458/458/458
f 281/281/281 282/282/282 460/460/460
f 281/281/281 460/460/460 459/459/459
f 282/282/282 283/283/283 461/461/461
f 282/282/282 461/461/461 460/460/460
f 283/283/283 284/284/284 462/462/462
f 283/283/283 462/462/462 461/461/461
f 284/284/284 285/285/285 463/463/463
f 284/284/284 463/463/463 462/462/462
f 285/285/285 286/286/286 464/464/464
f 285/285/285 464/464/464 463/463/463
f 286/286/286 287/287/287 465/465/465
f 286/286/286 465/465/465 464/464/464
f 287/287/287 288/288/288 466/466/466
f 287/287/287 466/466/466 465/465/465
f 288/288/288 289/289/289 467/467/467
f 288/288/288 467/467/467 466/466/466
f 289/289/289 290/290/290 468/468/468
f 289/289/289 468/468/468 467/467/467
f 290/290/290 291/291/291 469/469/469
f 290/290/290 469/469/469 468/468/468
f 291/291/291 292/292/292 470/470/470
f 291/291/291 470/470/470 469/469/469
f 292/292/292 293/293/293 471/471/471
f 292/292/292 471/471/471 470/470/470
f 293/293/293 294/294/294 472/472/472
f 293/293/293 472/472/472 471/471/471
f 294/294/294 295/295/295 473/473/473
f 294/294/294 473/473/473 472/472/472
f 295/295/295 296/296/296 474/474/474
f 295/295/295 474/474/474 473/473/473
f 296/296/296 297/297/297 475/475/475
f 296/296/296 475/475/475 474/474/474
f 297/297/297 298/298/298 476/476/476
f 297/297/297 476/476/476 475/475/475
f 298/298/298 299/299/299 477/477/477
f 298/298/298 477/477/477 476/476/476
f 299/299/299 300/300/300 478/478/478
f 299/299/299 478/478/478 477/477/477
f 300/300/300 301/301/301 479/479/479
f 300/300/300 479/479/479 478/478/478
f 301/301/301 302/302/302 480/480/480
f 301/301/301 480/480/480 479/479/479
f 302/302/302 303/303/303 481/481/481
f 302/302/302 481/481/481 480/480/480
f 303/303/303 304/304/304 482/482/482
f 303/303/303 482/482/482 481/481/481
f 304/304/304 305/305/305 483/483/483
f 304/304/304 483/483/483 482/482/482
f 305/305/305 306/306/306 484/484/484
f 305/305/305 484/484/484 483/483/483
f 306/306/306 307/307/307 485/485/485
f 306/306/306 485/485/485 484/484/484
f 307/307/307 308/308/308 486/486/486
f 307/307/307 486/486/486 485/485/485
f 308/308/308 309/309/309 487/487/487
f 308/308/308 487/487/487 486/486/486
f 309/309/309 310/310/310 488/488/488
f 309/309/309 488/488/488 487/487/487
f 310/310/310 311/311/311 489/489/489
f 310/310/310 489/489/489 488/488/488
f 311/311/311 312/312/312 490/490/490
f 311/311/311 490/490/490 489/489/489
f 312/312/312 313/313/313 491/491/491
f 312/312/312 491/491/491 490/490/490
f 313/313/313 314/314/314 492/492/492
f 313/313/313 492/492/492 491/491/491
f 314/314/314 315/315/315 493/493/493
f 314/314/314 493/493/493 492/492/492
f 315/315/315 316/316/316 494/494/494
f 315/315/315 494/494/494 493/493/493
f 316/316/316 317/317/317 495/495/495
f 316/316/316 495/495/495 494/494/494
f 317/317/317 318/318/318 496/496/496
f 317/317/317 496/496/496 495/495/495
f 318/318/318 319/319/319 497/497/497
f 318/318/318 497/497/497 496/496/496
f 319/319/319 320/320/320 498/498/498
f 319/319/319 498/498/498 497/497/497
f 320/320/320 321/321/321 499/499/499
f 320/320/320 499/499/499 498/498/498
f 321/321/321 322/322/322 500/500/500
f 321/321/321 500/500/500 499/499/499
f 322/322/322 323/323/323 501/501/501
f 322/322/322 501/501/501 500/500/500
f 323/323/323 324/324/324 502/502/502
f 323/323/323 502/502/502 501/501/501
f 324/324/324 325/325/325 503/503/503
f 324/324/324 503/503/503 502/502/502
f 325/325/325 326/326/326 504/504/504
f 325/325/325 504/504/504 503/503/503
f 326/326/326 327/327/327 505/505/505
f 326/326/326 505/505/505 504/504/504
f 327/327/327 328/328/328 506/506/506
f 327/327/327 506/506/506 505/505/505
f 328/328/328 329/329/329 507/507/507
f 328/328/328 507/507/507 506/506/506
f 329/329/329 330/330/330 508/508/508
f 329/329/329 508/508/508 507/507/507
f 330/330/330 331/331/331 509/509/509
f 330/330/330 509/509/509 508/508/508
f 331/331/331 332/332/332 510/510/510
f 331/331/331 510/510/510 509/509/509
f 332/332/332 333/333/333 511/511/511
f 332/332/332 511/511/511 510/510/510
f 333/333/333 334/334/334 512/512/512
f 333/333/333 512/512/512 511/511/511
f 334/334/334 335/335/335 513/513/513
f 334/334/334 513/513/513 512/512/512
f 335/335/335 336/336/336 514/514/514
f 335/335/335 514/514/514 513/513/513
f 336/336/336 337/337/337 515/515/515
f 336/336/336 515/515/515 514/514/514
f 337/337/337 338/338/338 516/516/516
f 337/337/337 516/516/516 515/515/515
f 338/338/338 339/339/339 517/517/517
f 338/338/338 517/517/517 516/516/516
f 339/339/339 340/340/340 518/518/518
f 339/339/339 518/518/518 517/517/517
f 340/340/340 341/341/341 519/519/519
f 340/340/340 519/519/519 518/518/518
f 341/341/341 342/342/342 520/520/520
f 341/341/341 520/520/520 519/519/519
f 342/342/342 343/343/343 521/521/521
f 342/342/342 521/521/521 520/520/520
f 343/343/343 344/344/344 522/522/522
f 343/343/343 522/522/522 521/521/521
f 344/344/344 345/345/345 523/523/523
f 344/344/344 523/523/523 522/522/522
f 345/345/345 346/346/346 524/524/524
f 345/345/345 524/524/524 523/523/523
f 346/346/346 347/347/347 525/525/525
f 346/346/346 525/525/525 524/524/524
f 347/347/347 348/348/348 526/526/526
f 347/347/347 526/526/526 525/525/525
f 348/348/348 349/349/349 527/527/527
f 348/348/348 527/527/527 526/526/526
f 349/349/349 350/350/350 528/528/528
f 349/349/349 528/528/528 527/527/527
f 350/350/350 351/351/351 529/529/529
f 350/350/350 529/529/529 528/528/528
f 351/351/351 352/352/352 530/530/530
f 351/351/351 530/530/530 529/529/529
f 352/352/352 353/353/353 531/531/531
f 352/352/352 531/531/531 530/530/530
f 353/353/353 354/354/354 532/532/532
f 353/353/353 532/532/532 531/531/531
f 354/354/354 355/355/355 533/533/533
f 354/354/354 533/533/533 532/532/532
f 355/355/355 356/356/356 534/534/534
f 355/355/355 534/534/534 533/533/533
f 356/356/356 179/179/179 357/357/357
f 356/356/356 357/357/357 534/534/534
f 357/357/357 358/358/358 536/536/536
f 357/357/357 536/536/536 535/535/535
f 358/358/358 359/359/359 537/537/537
f 358/358/358 537/537/537 536/536/536
f 359/359/359 360/360/360 538/538/538
f 359/359/359 538/538/538 537/537/537
f 360/360/360 361/361/361 539/539/539
f 360/360/360 539/539/539 538/538/538
f 361/361/361 362/362/362 540/540/540
f 361/361/361 540/540/540 539/539/539
f 362/362/362 363/363/363 541/541/541
f 362/362/362 541/541/541 540/540/540
f 363/363/363 364/364/364 542/542/542
f 363/363/363 542/542/542 541/541/541
f 364/364/364 365/365/365 543/543/543
f 364/364/364 543/543/543 542/542/542
f 365/365/365 366/366/366 544/544/544
f 365/365/365 544/544/544 543/543/543
f 366/366/366 367/367/367 545/545/545
f 366/366/366 545/545/545 544/544/544
f 367/367/367 368/368/368 546/546/546
f 367/367/367 546/546/546 545/545/545
f 368/368/368 369/369/369 547/547/547
f 368/368/368 547/547/547 546/546/546
f 369/369/369 370/370/370 548/548/548
f 369/369/369 548/548/548 547/547/547
f 370/370/370 371/371/371 549/549/549
f 370/370/370 549/549/549 548/548/548
f 371/371/371 372/372/372 550/550/550
f 371/371/371 550/550/550 549/549/549
f 372/372/372 373/373/373 551/551/551
f 372/372/372 551/551/551 550/550/550
f 373/373/373 374/374/374 552/552/552
f 373/373/373 552/552/552 551/551/551
f 374/374/374 375/375/375 553/553/553
f 374/374/374 553/553/553 552/552/552
f 375/375/375 376/376/376 554/554/554
f 375/375/375 554/554/554 553/553/553
f 376/376/376 377/377/377 555/555/555
f 376/376/376 555/555/555 554/554/554
f 377/377/377 378/378/378 556/556/556
f 377/377/377 556/556/556 555/555/555
f 378/378/378 379/379/379 557/557/557
f 378/378/378 557/557/557 556/556/556
f 379/379/379 380/380/380 558/558/558
f 379/379/379 558/558/558 557/557/557
f 380/380/380 381/381/381 559/559/559
f 380/380/380 559/559/559 558/558/558
f 381/381/381 382/382/382 560/560/560
f 381/381/381 560/560/560 559/559/559
f 382/382/382 383/383/383 561/561/561
f 382/382/382 561/561/561 560/560/560
f 383/383/383 384/384/384 562/562/562
f 383/383/383 562/562/562 561/561/561
f 384/384/384 385/385/385 563/563/563
f 384/384/384 563/563/563 562/562/562
f 385/385/385 386/386/386 564/564/564
f 385/385/385 564/564/564 563/563/563
f 386/386/386 387/387/387 565/565/565
f 386/386/386 565/565/565 564/564/564
f 387/387/387 388/388/388 566/566/566
f 387/387/387 566/566/566 565/565/565
f 388/388/388 389/389/389 567/567/567
f 388/388/388 567/567/567 566/566/566
f 389/389/389 390/390/390 568/568/568
f 389/389/389 568/568/568 567/567/567
f 390/390/390 391/391/391 569/569/569
f 390/390/390 569/569/569 568/568/568
f 391/391/391 392/392/392 570/570/570
f 391/391/391 570/570/570 569/569/569
f 392/392/392 393/393/393 571/571/571
f 392/392/392 571/571/571 570/570/570
f 393/393/393 394/394/394 572/572/572
f 393/393/393 572/572/572 571/571/571
f 394/394/394 395/395/395 573/573/573
f 394/394/394 573/573/573 572/572/572
f 395/395/395 396/396/396 574/574/574
f 395/395/395 574/574/574 573/573/573
f 396/396/396 397/397/397 575/575/575
f 396/396/396 575/575/575 574/574/574
f 397/397/397 398/398/398 576/576/576
f 397/397/397 576/576/576 575/575/575
f 398/398/398 399/399/399 577/577/577
f 398/398/398 577/577/577 576/576/576
f 399/399/399 400/400/400 578/578/578
f 399/399/399 578/578/578 577/577/577
f 400/400/400 401/401/401 579/579/579
f 400/400/400 579/579/579 578/578/578
f 401/401/401 402/402/402 580/580/580
f 401/401/401 580/580/580 579/579/579
f 402/402/402 403/403/403 581/581/581
f 402/402/402 581/581/581 580/580/580
f 403/403/403 404/404/404 582/582/582
f 403/403/403 582/582/582 581/581/581
f 404/404/404 405/405/405 583/583/583
f 404/404/404 583/583/583 582/582/582
f 405/405/405 406/406/406 584/584/584
f 405/405/405 584/584/584 583/583/583
f 406/406/406 407/407/407 585/585/585
f 406/406/406 585/585/585 584/584/584
f 407/407/407 408/408/408 586/586/586
f 407/407/407 586/586/586 585/585/585
f 408/408/408 409/409/409 587/587/587
f 408/408/408 587/587/587 586/586/586
f 409/409/409 410/410/410 588/588/588
f 409/409/409 588/588/588 587/587/587
f 410/410/410 411/411/411 589/589/589
f 410/410/410 589/589/589 588/588/588
f 411/411/411 412/412/412 590/590/590
f 411/411/411 590/590/590 589/589/589
f 412/412/412 413/413/413 591/591/591
f 412/412/412 591/591/591 590/590/590
f 413/413/413 414/414/414 592/592/592
f 413/413/413 592/592/592 591/591/591
f 414/414/414 415/415/415 593/593/593
f 414/414/414 593/593/593 592/592/592
f 415/415/415 416/416/416 594/594/594
f 415/415/415 594/594/594 593/593/593
f 416/416/416 417/417/417 595/595/595
f 416/416/416 595/595/595 594/594/594
f 417/417/417 418/418/418 596/596/596
f 417/417/417 596/596/596 595/595/595
f 418/418/418 419/419/419 597/597/597
f 418/418/418 597/597/597 596/596/596
f 419/419/419 420/420/420 598/598/598
f 419/419/419 598/598/598 597/597/597
f 420/420/420 421/421/421 599/599/599
f 420/420/420 599/599/599 598/598/598
f 421/421/421 422/422/422 600/600/600
f 421/421/421 600/600/600 599/599/599
f 422/422/422 423/423/423 601/601/601
f 422/422/422 601/601/601 600/600/600
f 423/423/423 424/424/424 602/602/602
f 423/423/423 602/602/602 601/601/601
f 424/424/424 425/425/425 603/603/603
f 424/424/424 603/603/603 602/602/602
f 425/425/425 426/426/426 604/604/604
f 425/425/425 604/604/604 603/603/603
f 426/426/426 427/427/427 605/605/605
f 426/426/426 605/605/605 604/604/604
f 427/427/427 428/428/428 606/606/606
f 427/427/427 606/606/606 605/605/605
f 428/428/428 429/429/429 607/607/607
f 428/428/428 607/607/607 606/606/606
f 429/429/429 430/430/430 608/608/608
f 429/429/429 608/608/608 607/607/607
f 430/430/430 431/431/431 609/609/609
f 430/430/430 609/609/609 608/608/608
f 431/431/431 432/432/432 610/610/610
f 431/431/431 610/610/610 609/609/609
f 432/432/432 433/433/433 611/611/611
f 432/432/432 611/611/611 610/610/610
f 433/433/433 434/434/434 612/612/612
f 433/433/433 612/612/612 611/611/611
f 434/434/434 435/435/435 613/613/613
f 434/434/434 613/613/613 612/612/612
f 435/435/435 436/436/436 614/614/614
f 435/435/435 614/614/614 613/613/613
f 436/436/436 437/437/437 615/615/615
f 436/436/436 615/615/615 614/614/614
f 437/437/437 438/438/438 616/616/616
f 437/437/437 616/616/616 615/615/615
f 438/438/438 439/439/439 617/617/617
f 438/438/438 617/617/617 616/616/616
f 439/439/439 440/440/440 618/618/618
f 439/439/439 618/618/618 617/617/617
f 440/440/440 441/441/441 619/619/619
f 440/440/440 619/619/619 618/618/618
f 441/441/441 442/442/442 620/620/620
f 441/441/441 620/620/620 619/619/619
f 442/442/442 443/443/443 621/621/621
f 442/442/442 621/621/621 620/620/620
f 443/443/443 444/444/444 622/622/622
f 443/443/443 622/622/622 621/621/621
f 444/444/444 445/445/445 623/623/623
f 444/444/444 623/623/623 622/622/622
f 445/445/445 446/446/446 624/624/624
f 445/445/445 624/624/624 623/623/623
f 446/446/446 447/447/447 625/625/625
f 446/446/446 625/625/625 624/624/624
f 447/447/447 448/448/448 626/626/626
f 447/447/447 626/626/626 625/625/625
f 448/448/448 449/449/449 627/627/627
f 448/448/448 627/627/627 626/626/626
f 449/449/449 450/450/450 628/628/628
f 449/449/449 628/628/628 627/627/627
f 450/450/450 451/451/451 629/629/629
f 450/450/450 629/629/629 628/628/628
f 451/451/451 452/452/452 630/630/630
f 451/451/451 630/630/630 629/629/629
f 452/452/452 453/453/453 631/631/631
f 452/452/452 631/631/631 630/630/630
f 453/453/453 454/454/454 632/632/632
f 453/453/453 632/632/632 631/631/631
f 454/454/454 455/455/455 633/633/633
f 454/454/454 633/633/633 632/632/632
f 455/455/455 456/456/456 634/634/634
f 455/455/455 634/634/634 633/633/633
f 456/456/456 457/457/457 635/635/635
f 456/456/456 635/635/635 634/634/634
f 457/457/457 458/458/458 636/636/636
f 457/457/457 636/636/636 635/635/635
f 458/458/458 459/459/459 637/637/637
f 458/458/458 637/637/637 636/636/636
f 459/459/459 460/460/460 638/638/638
f 459/459/459 638/638/638 637/637/637
f 460/460/460 461/461/461 639/639/639
f 460/460/460 639/639/639 638/638/638
f 461/461/461 462/462/462 640/640/640
f 461/461/461 640/640/640 639/639/639
f 462/462/462 463/463/463 641/641/641
f 462/462/462 641/641/641 640/640/640
f 463/463/463 464/464/464 642/642/642
f 463/463/463 642/642/642 641/641/641
f 464/464/464 465/465/465 643/643/643
f 464/464/464 643/643/643 642/642/642
f 465/465/465 466/466/466 644/644/644
f 465/465/465 644/644/644 643/643/643
f 466/466/466 467/467/467 645/645/645
f 466/466/466 645/645/645 644/644/644
f 467/467/467 468/468/468 646/646/646
f 467/467/467 646/646/646 645/645/645
f 468/468/468 469/469/469 647/647/647
f 468/468/468 647/647/647 646/646/646
f 469/469/469 470/470/470 648/648/648
f 469/469/469 648/648/648 647/647/647
f 470/470/470 471/471/471 649/649/649
f 470/470/470 649/649/649 648/648/648
f 471/471/471 472/472/472 650/650/650
f 471/471/471 650/650/650 649/649/649
f 472/472/472 473/473/473 651/651/651
f 472/472/472 651/651/651 650/650/650
f 473/473/473 474/474/474 652/652/652
f 473/473/473 652/652/652 651/651/651
f 474/474/474 475/475/475 653/653/653
f 474/474/474 653/653/653 652/652/652
f 475/475/475 476/476/476 654/654/654
f 475/475/475 654/654/654 653/653/653
f 476/476/476 477/477/477 655/655/655
f 476/476/476 655/655/655 654/654/654
f 477/477/477 478/478/478 656/656/656
f 477/477/477 656/656/656 655/655/655
f 478/478/478 479/479/479 657/657/657
f 478/478/478 657/657/657 656/656/656
f 479/479/479 480/480/480 658/658/658
f 479/479/479 658/658/658 657/657/657
f 480/480/480 481/481/481 659/659/659
f 480/480/480 659/659/659 658/658/658
f 481/481/481 482/482/482 660/660/660
f 481/481/481 660/660/660 659/659/659
f 482/482/482 483/483/483 661/661/661
f 482/482/482 661/661/661 660/660/660
f 483/483/483 484/484/484 662/662/662
f 483/483/483 662/662/662 661/661/661
f 484/484/484 485/485/485 663/663/663
f 484/484/484 663/663/663 662/662/662
f 485/485/485 486/486/486 664/664/664
f 485/485/485 664/664/664 663/663/663
f 486/486/486 487/487/487 665/665/665
f 486/486/486 665/665/665 664/664/664
f 487/487/487 488/488/488 666/666/666
f 487/487/487 666/666/666 665/665/665
f 488/488/488 489/489/489 667/667/667
f 488/488/488 667/667/667 666/666/666
f 489/489/489 490/490/490 668/668/668
f 489/489/489 668/668/668 667/667/667
f 490/490/490 491/491/491 669/669/669
f 490/490/490 669/669/669 668/668/668
f 491/491/491 492/492/492 670/670/670
f 491/491/491 670/670/670 669/669/669
f 492/492/492 493/493/493 671/671/671
f 492/492/492 671/671/671 670/670/670
f 493/493/493 494/494/494 672/672/672
f 493/493/493 672/672/672 671/671/671
f 494/494/494 495/495/495 673/673/673
f 494/494/494 673/673/673 672/672/672
f 495/495/495 496/496/496 674/674/674
f 495/495/495 674/674/674 673/673/673
f 496/496/496 497/497/497 675/675/675
f 496/496/496 675/675/675 674/674/674
f 497/497/497 498/498/498 676/676/676
f 497/497/497 676/676/676 675/675/675
f 498/498/498 499/499/499 677/677/677
f 498/498/498 677/677/677 676/676/676
f 499/499/499 500/500/500 678/678/678
f 499/499/499 678/678/678 677/677/677
f 500/500/500 501/501/501 679/679/679
f 500/500/500 679/679/679 678/678/678
f 501/501/501 502/502/502 680/680/680
f 501/501/501 680/680/680 679/679/679
f 502/502/502 503/503/503 681/681/681
f 502/502/502 681/681/681 680/680/680
f 503/503/503 504/504/504 682/682/682
f 503/503/503 682/682/682 681/681/681
f 504/504/504 505/505/505 683/683/683
f 504/504/504 683/683/683 682/682/682
f 505/505/505 506/506/506 684/684/684
f 505/505/505 684/684/684 683/683/683
f 506/506/506 507/507/507 685/685/685
f 506/506/506 685/685/685 684/684/684
f 507/507/507 508/508/508 686/686/686
f 507/507/507 686/686/686 685/685/685
f 508/508/508 509/509/509 687/687/687
f 508/508/508 687/687/687 686/686/686
f 509/509/509 510/510/510 688/688/688
f 509/509/509 688/688/688 687/687/687
f 510/510/510 511/511/511 689/689/689
f 510/510/510 689/689/689 688/688/688
f 511/511/511 512/512/512 690/690/690
f 511/511/511 690/690/690 689/689/689
f 512/512/512 513/513/513 691/691/691
f 512/512/512 691/691/691 690/690/690
f 513/513/513 514/514/514 692/692/692
f 513/513/513 692/692/692 691/691/691
f 514/514/514 515/515/515 693/693/693
f 514/514/514 693/693/693 692/692/692
f 515/515/515 516/516/516 694/694/694
f 515/515/515 694/694/694 693/693/693
f 516/516/516 517/517/517 695/695/695
f 516/516/516 695/695/695 694/694/694
f 517/517/517 518/518/518 696/696/696
f 517/517/517 696/696/696 695/695/695
f 518/518/518 519/519/519 697/697/697
f 518/518/518 697/697/697 696/696/696
f 519/519/519 520/520/520 698/698/698
f 519/519/519 698/698/698 697/697/697
f 520/520/520 521/521/521 699/699/699
f 520/520/520 699/699/699 698/698/698
f 521/521/521 522/522/522 700/700/700
f 521/521/521 700/700/700 699/699/699
f 522/522/522 523/523/523 701/701/701
f 522/522/522 701/701/701 700/700/700
f 523/523/523 524/524/524 702/702/702
f 523/523/523 702/702/702 701/701/701
f 524/524/524 525/525/525 703/703/703
f 524/524/524 703/703/703 702/702/702
f 525/525/525 526/526/526 704/704/704
f 525/525/525 704/704/704 703/703/703
f 526/526/526 527/527/527 705/705/705
f 526/526/526 705/705/705 704/704/704
f 527/527/527 528/528/528 706/706/706
f 527/527/527 706/706/706 705/705/705
f 528/528/528 529/529/529 707/707/707
f 528/528/528 707/707/707 706/706/706
f 529/529/529 530/530/530 708/708/708
f 529/529/529 708/708/708 707/707/707
f 530/530/530 531/531/531 709/709/709
f 530/530/530 709/709/709 708/708/708
f 531/531/531 532/532/532 710/710/710
f 531/531/531 710/710/710 709/709/709
f 532/532/532 533/533/533 711/711/711
f 532/532/532 711/711/711 710/710/710
f 533/533/533 534/534/534 712/712/712
f 533/533/533 712/712/712 711/711/711
f 534/534/534 357/357/357 535/535/535
f 534/534/534 535/535/535 712/712/712
f 535/535/535 536/536/536 714/714/714
f 535/535/535 714/714/714 713/713/713
f 536/536/536 537/537/537 715/715/715
f 536/536/536 715/715/715 714/714/714
f 537/537/537 538/538/538 716/716/716
f 537/537/537 716/716/716 715/715/715
f 538/538/538 539/539/539 717/717/717
f 538/538/538 717/717/717 716/716/716
f 539/539/539 540/540/540 718/718/718
f 539/539/539 718/718/718 717/717/717
f 540/540/540 541/541/541 719/719/719
f 540/540/540 719/719/719 718/718/718
f 541/541/541 542/542/542 720/720/720
f 541/541/541 720/720/720 719/719/719
f 542/542/542 543/543/543 721/721/721
f 542/542/542 721/721/721 720/720/720
f 543/543/543 544/544/544 722/722/722
f 543/543/543 722/722/722 721/721/721
f 544/544/544 545/545/545 723/723/723
f 544/544/544 723/723/723 722/722/722
f 545/545/545 546/546/546 724/724/724
f 545/545/545 724/724/724 723/723/723
f 546/546/546 547/547/547 725/725/725
f 546/546/546 725/725/725 724/724/724
f 547/547/547 548/548/548 726/726/726
f 547/547/547 726/726/726 725/725/725
f 548/548/548 549/549/549 727/727/727
f 548/548/548 727/727/727 726/726/726
f 549/549/549 550/550/550 728/728/728
f 549/549/549 728/728/728 727/727/727
f 550/550/550 551/551/551 729/729/729
f 550/550/550 729/729/729 728/728/728
f 551/551/551 552/552/552 730/730/730
f 551/551/551 730/730/730 729/729/729
f 552/552/552 553/553/553 731/731/731
f 552/552/552 731/731/731 730/730/730
f 553/553/553 554/554/554 732/732/732
f 553/553/553 732/732/732 731/731/731
f 554/554/554 555/555/555 733/733/733
f 554/554/554 733/733/733 732/732/732
f 555/555/555 556/556/556 734/734/734
f 555/555/555 734/734/734 733/733/733
f 556/556/556 557/557/557 735/735/735
f 556/556/556 735/735/735 734/734/734
f 557/557/557 558/558/558 736/736/736
f 557/557/557 736/736/736 735/735/735
f 558/558/558 559/559/559 737/737/737
f 558/558/558 737/737/737 736/736/736
f 559/559/559 560/560/560 738/738/738
f 559/559/559 738/738/738 737/737/737
f 560/560/560 561/561/561 739/739/739
f 560/560/560 739/739/739 738/738/738
f 561/561/561 562/562/562 740/740/740
f 561/561/561 740/740/740 739/739/739
f 562/562/562 563/563/563 741/741/741
f 562/562/562 741/741/741 740/740/740
f 563/563/563 564/564/564 742/742/742
f 563/563/563 742/742/742 741/741/741
f 564/564/564 565/565/565 743/743/743
f 564/564/564 743/743/743 742/742/742
f 565/565/565 566/566/566 744/744/744
f 565/565/565 744/744/744 743/743/743
f 566/566/566 567/567/567 745/745/745
f 566/566/566 745/745/745 744/744/744
f 567/567/567 568/568/568 746/746/746
f 567/567/567 746/746/746 745/745/745
f 568/568/568 569/569/569 747/747/747
f 568/568/568 747/747/747 746/746/746
f 569/569/569 570/570/570 748/748/748
f 569/569/569 748/748/748 747/747/747
f 570/570/570 571/571/571 749/749/749
f 570/570/570 749/749/749 748/748/748
f 571/571/571 572/572/572 750/750/750
f 571/571/571 750/750/750 749/749/749
f 572/572/572 573/573/573 751/751/751
f 572/572/572 751/751/751 750/750/750
f 573/573/573 574/574/574 752/752/752
f 573/573/573 752/752/752 751/751/751
f 574/574/574 575/575/575 753/753/753
f 574/574/574 753/753/753 752/752/752
f 575/575/575 576/576/576 754/754/754
f 575/575/575 754/754/754 753/753/753
f 576/576/576 577/577/577 755/755/755
f 576/576/576 755/755/755 754/754/754
f 577/577/577 578/578/578 756/756/756
f 577/577/577 756/756/756 755/755/755
f 578/578/578 579/579/579 757/757/757
f 578/578/578 757/757/757 756/756/756
f 579/579/579 580/580/580 758/758/758
f 579/579/579 758/758/758 757/757/757
f 580/580/580 581/581/581 759/759/759
f 580/580/580 759/759/759 758/758/758
f 581/581/581 582/582/582 760/760/760
f 581/581/581 760/760/760 759/759/759
f 582/582/582 583/583/583 761/761/761
f 582/582/582 761/761/761 760/760/760
f 583/583/583 584/584/584 762/762/762
f 583/583/583 762/762/762 761/761/761
f 584/584/584 585/585/585 763/763/763
f 584/584/584 763/763/763 762/762/762
f 585/585/585 586/586/586 764/764/764
f 585/585/585 764/764/764 763/763/763
f 586/586/586 587/587/587 765/765/765
f 586/586/586 765/765/765 764/764/764
f 587/587/587 588/588/588 766/766/766
f 587/587/587 766/766/766 765/765/765
f 588/588/588 589/589/589 767/767/767
f 588/588/588 767/767/767 766/766/766
f 589/589/589 590/590/590 768/768/768
f 589/589/589 768/768/768 767/767/767
f 590/590/590 591/591/591 769/769/769
f 590/590/590 769/769/769 768/768/768
f 591/591/591 592/592/592 770/770/770
f 591/591/591 770/770/770 769/769/769
f 592/592/592 593/593/593 771/771/771
f 592/592/592 771/771/771 770/770/770
f 593/593/593 594/594/594 772/772/772
f 593/593/593 772/772/772 771/771/771
f 594/594/594 595/595/595 773/773/773
f 594/594/594 773/773/773 772/772/772
f 595/595/595 596/596/596 774/774/774
f 595/595/595 774/774/774 773/773/773
f 596/596/596 597/597/597 775/775/775
f 596/596/596 775/775/775 774/774/774
f 597/597/597 598/598/598 776/776/776
f 597/597/597 776/776/776 775/775/775
f 598/598/598 599/599/599 777/777/777
f 598/598/598 777/777/777 776/776/776
f 599/599/599 600/600/600 778/778/778
f 599/599/599 778/778/778 777/777/777
f 600/600/600 601/601/601 779/779/779
f 600/600/600 779/779/779 778/778/778
f 601/601/601 602/602/602 780/780/780
f 601/601/601 780/780/780 779/779/779
f 602/602/602 603/603/603 781/781/781
f 602/602/602 781/781/781 780/780/780
f 603/603/603 604/604/604 782/782/782
f 603/603/603 782/782/782 781/781/781
f 604/604/604 605/605/605 783/783/783
f 604/604/604 783/783/783 782/782/782
f 605/605/605 606/606/606 784/784/784
f 605/605/605 784/784/784 783/783/783
f 606/606/606 607/607/607 785/785/785
f 606/606/606 785/785/785 784/784/784
f 607/607/607 608/608/608 786/786/786
f 607/607/607 786/786/786 785/785/785
f 608/608/608 609/609/609 787/787/787
f 608/608/608 787/787/787 786/786/786
f 609/609/609 610/610/610 788/788/788
f 609/609/609 788/788/788 787/787/787
f 610/610/610 611/611/611 789/789/789
f 610/610/610 789/789/789 788/788/788
f 611/611/611 612/612/612 790/790/790
f 611/611/611 790/790/790 789/789/789
f 612/612/612 613/613/613 791/791/791
f 612/612/612 791/791/791 790/790/790
f 613/613/613 614/614/614 792/792/792
f 613/613/613 792/792/792 791/791/791
f 614/614/614 615/615/615 793/793/793
f 614/614/614 793/793/793 792/792/792
f 615/615/615 616/616/616 794/794/794
f 615/615/615 794/794/794 793/793/793
f 616/616/616 617/617/617 795/795/795
f 616/616/616 795/795/795 794/794/794
f 617/617/617 618/618/618 796/796/796
f 617/617/617 796/796/796 795/795/795
f 618/618/618 619/619/619 797/797/797
f 618/618/618 797/797/797 796/796/796
f 619/619/619 620/620/620 798/798/798
f 619/619/619 798/798/798 797/797/797
f 620/620/620 621/621/621 799/799/799
f 620/620/620 799/799/799 798/798/798
f 621/621/621 622/622/622 800/800/800
f 621/621/621 800/800/800 799/799/799
f 622/622/622 623/623/623 801/801/801
f 622/622/622 801/801/801 800/800/800
f 623/623/623 624/624/624 802/802/802
f 623/623/623 802/802/802 801/801/801
f 624/624/624 625/625/625 803/803/803
f 624/624/624 803/803/803 802/802/802
f 625/625/625 626/626/626 804/804/804
f 625/625/625 804/804/804 803/803/803
f 626/626/626 627/627/627 805/805/805
f 626/626/626 805/805/805 804/804/804
f 627/627/627 628/628/628 806/806/806
f 627/627/627 806/806/806 805/805/805
f 628/628/628 629/629/629 807/807/807
f 628/628/628 807/807/807 806/806/806
f 629/629/629 630/630/630 808/808/808
f 629/629/629 808/808/808 807/807/807
f 630/630/630 631/631/631 809/809/809
f 630/630/630 809/809/809 808/808/808
f 631/631/631 632/632/632 810/810/810
f 631/631/631 810/810/810 809/809/809
f 632/632/632 633/633/633 811/811/811
f 632/632/632 811/811/811 810/810/810
f 633/633/633 634/634/634 812/812/812
f 633/633/633 812/812/812 811/811/811
f 634/634/634 635/635/635 813/813/813
f 634/634/634 813/813/813 812/812/812
f 635/635/635 636/636/636 814/814/814
f 635/635/635 814/814/814 813/813/813
f 636/636/636 637/637/637 815/815/815
f 636/636/636 815/815/815 814/814/814
f 637/637/637 638/638/638 816/816/816
f 637/637/637 816/816/816 815/815/815
f 638/638/638 639/639/639 817/817/817
f 638/638/638 817/817/817 816/816/816
f 639/639/639 640/640/640 818/818/818
f 639/639/639 818/818/818 817/817/817
f 640/640/640 641/641/641 819/819/819
f 640/640/640 819/819/819 818/818/818
f 641/641/641 642/642/642 820/820/820
f 641/641/641 820/820/820 819/819/819
f 642/642/642 643/643/643 821/821/821
f 642/642/642 821/821/821 820/820/820
f 643/643/643 644/644/644 822/822/822
f 643/643/643 822/822/822 821/821/821
f 644/644/644 645/645/645 823/823/823
f 644/644/644 823/823/823 822/822/822
f 645/645/645 646/646/646 824/824/824
f 645/645/645 824/824/824 823/823/823
f 646/646/646 647/647/647 825/825/825
f 646/646/646 825/825/825 824/824/824
f 647/647/647 648/648/648 826/826/826
f 647/647/647 826/826/826 825/825/825
f 648/648/648 649/649/649 827/827/827
f 648/648/648 827/827/827 826/826/826
f 649/649/649 650/650/650 828/828/828
f 649/649/649 828/828/828 827/827/827
f 650/650/650 651/651/651 829/829/829
f 650/650/650 829/829/829 828/828/828
f 651/651/651 652/652/652 830/830/830
f 651/651/651 830/830/830 829/829/829
f 652/652/652 653/653/653 831/831/831
f 652/652/652 831/831/831 830/830/830
f 653/653/653 654/654/654 832/832/832
f 653/653/653 832/832/832 831/831/831
f 654/654/654 655/655/655 833/833/833
f 654/654/654 833/833/833 832/832/832
f 655/655/655 656/656/656 834/834/834
f 655/655/655 834/834/834 833/833/833
f 656/656/656 657/657/657 835/835/835
f 656/656/656 835/835/835 834/834/834
f 657/657/657 658/658/658 836/836/836
f 657/657/657 836/836/836 835/835/835
f 658/658/658 659/659/659 837/837/837
f 658/658/658 837/837/837 836/836/836
f 659/659/659 660/660/660 838/838/838
f 659/659/659 838/838/838 837/837/837
f 660/660/660 661/661/661 839/839/839
f 660/660/660 839/839/839 838/838/838
f 661/661/661 662/662/662 840/840/840
f 661/661/661 840/840/840 839/839/839
f 662/662/662 663/663/663 841/841/841
f 662/662/662 841/841/841 840/840/840
f 663/663/663 664/664/664 842/842/842
f 663/663/663 842/842/842 841/841/841
f 664/664/664 665/665/665 843/843/843
f 664/664/664 843/843/843 842/842/842
f 665/665/665 666/666/666 844/844/844
f 665/665/665 844/844/844 843/843/843
f 666/666/666 667/667/667 845/845/845
f 666/666/666 845/845/845 844/844/844
f 667/667/667 668/668/668 846/846/846
f 667/667/667 846/846/846 845/845/845
f 668/668/668 669/669/669 847/847/847
f 668/668/668 847/847/847 846/846/846
f 669/669/669 670/670/670 848/848/848
f 669/669/669 848/848/848 847/847/847
f 670/670/670 671/671/671 849/849/849
f 670/670/670 849/849/849 848/848/848
f 671/671/671 672/672/672 850/850/850
f 671/671/671 850/850/850 849/849/849
f 672/672/672 673/673/673 851/851/851
f 672/672/672 851/851/851 850/850/850
f 673/673/673 674/674/674 852/852/852
f 673/673/673 852/852/852 851/851/851
f 674/674/674 675/675/675 853/853/853
f 674/674/674 853/853/853 852/852/852
f 675/675/675 676/676/676 854/854/854
f 675/675/675 854/854/854 853/853/853
f 676/676/676 677/677/677 855/855/855
f 676/676/676 855/855/855 854/854/854
f 677/677/677 678/678/678 856/856/856
f 677/677/677 856/856/856 855/855/855
f 678/678/678 679/679/679 857/857/857
f 678/678/678 857/857/857 856/856/856
f 679/679/679 680/680/680 858/858/858
f 679/679/679 858/858/858 857/857/857
f 680/680/680 681/681/681 859/859/859
f 680/680/680 859/859/859 858/858/858
f 681/681/681 682/682/682 860/860/860
f 681/681/681 860/860/860 859/859/859
f 682/682/682 683/683/683 861/861/861
f 682/682/682 861/861/861 860/860/860
f 683/683/683 684/684/684 862/862/862
f 683/683/683 862/862/862 861/861/861
f 684/684/684 685/685/685 863/863/863
f 684/684/684 863/863/863 862/862/862
f 685/685/685 686/686/686 864/864/864
f 685/685/685 864/864/864 863/863/863
f 686/686/686 687/687/687 865/865/865
f 686/686/686 865/865/865 864/864/864
f 687/687/687 688/688/688 866/866/866
f 687/687/687 866/866/866 865/865/865
f 688/688/688 689/689/689 867/867/867
f 688/688/688 867/867/867 866/866/866
f 689/689/689 690/690/690 868/868/868
f 689/689/689 868/868/868 867/867/867
f 690/690/690 691/691/691 869/869/869
f 690/690/690 869/869/869 868/868/868
f 691/691/691 692/692/692 870/870/870
f 691/691/691 870/870/870 869/869/869
f 692/692/692 693/693/693 871/871/871
f 692/692/692 871/871/871 870/870/870
f 693/693/693 694/694/694 872/872/872
f 693/693/693 872/872/872 871/871/871
f 694/694/694 695/695/695 873/873/873
f 694/694/694 873/873/873 872/872/872
f 695/695/695 696/696/696 874/874/874
f 695/695/695 874/874/874 873/873/873
f 696/696/696 697/697/697 875/875/875
f 696/696/696 875/875/875 874/874/874
f 697/697/697 698/698/698 876/876/876
f 697/697/697 876/876/876 875/875/875
f 698/698/698 699/699/699 877/877/877
f 698/698/698 877/877/877 876/876/876
f 699/699/699 700/700/700 878/878/878
f 699/699/699 878/878/878 877/877/877
f 700/700/700 701/701/701 879/879/879
f 700/700/700 879/879/879 878/878/878
f 701/701/701 702/702/702 880/880/880
f 701/701/701 880/880/880 879/879/879
f 702/702/702 703/703/703 881/881/881
f 702/702/702 881/881/881 880/880/880
f 703/703/703 704/704/704 882/882/882
f 703/703/703 882/882/882 881/881/881
f 704/704/704 705/705/705 883/883/883
f 704/704/704 883/883/883 882/882/882
f 705/705/705 706/706/706 884/884/884
f 705/705/705 884/884/884 883/883/883
f 706/706/706 707/707/707 885/885/885
f 706/706/706 885/885/885 884/884/884
f 707/707/707 708/708/708 886/886/886
f 707/707/707 886/886/886 885/885/885
f 708/708/708 709/709/709 887/887/887
f 708/708/708 887/887/887 886/886/886
f 709/709/709 710/710/710 888/888/888
f 709/709/709 888/888/888 887/887/887
f 710/710/710 711/711/711 889/889/889
f 710/710/710 889/889/889 888/888/888
f 711/711/711 712/712/712 890/890/890
f 711/711/711 890/890/890 889/889/889
f 712/712/712 535/535/535 713/713/713
f 712/712/712 713/713/713 890/890/890
f 713/713/713 714/714/714 892/892/892
f 713/713/713 892/892/892 891/891/891
f 714/714/714 715/715/715 893/893/893
f 714/714/714 893/893/893 892/892/892
f 715/715/715 716/716/716 894/894/894
f 715/715/715 894/894/894 893/893/893
f 716/716/716 717/717/717 895/895/895
f 716/716/716 895/895/895 894/894/894
f 717/717/717 718/718/718 896/896/896
f 717/717/717 896/896/896 895/895/895
f 718/718/718 719/719/719 897/897/897
f 718/718/718 897/897/897 896/896/896
f 719/719/719 720/720/720 898/898/898
f 719/719/719 898/898/898 897/897/897
f 720/720/720 721/721/721 899/899/899
f 720/720/720 899/899/899 898/898/898
f 721/721/721 722/722/722 900/900/900
f 721/721/721 900/900/900 899/899/899
f 722/722/722 723/723/723 901/901/901
f 722/722/722 901/901/901 900/900/900
f 723/723/723 724/724/724 902/902/902
f 723/723/723 902/902/902 901/901/901
f 724/724/724 725/725/725 903/903/903
f 724/724/724 903/903/903 902/902/902
f 725/725/725 726/726/726 904/904/904
f 725/725/725 904/904/904 903/903/903
f 726/726/726 727/727/727 905/905/905
f 726/726/726 905/905/905 904/904/904
f 727/727/727 728/728/728 906/906/906
f 727/727/727 906/906/906 905/905/905
f 728/728/728 729/729/729 907/907/907
f 728/728/728 907/907/907 906/906/906
f 729/729/729 730/730/730 908/908/908
f 729/729/729 908/908/908 907/907/907
f 730/730/730 731/731/731 909/909/909
f 730/730/730 909/909/909 908/908/908
f 731/731/731 732/732/732 910/910/910
f 731/731/731 910/910/910 909/909/909
f 732/732/732 733/733/733 911/911/911
f 732/732/732 911/911/911 910/910/910
f 733/733/733 734/734/734 912/912/912
f 733/733/733 912/912/912 911/911/911
f 734/734/734 735/735/735 913/913/913
f 734/734/734 913/913/913 912/912/912
f 735/735/735 736/736/736 914/914/914
f 735/735/735 914/914/914 913/913/913
f 736/736/736 737/737/737 915/915/915
f 736/736/736 915/915/915 914/914/914
f 737/737/737 738/738/738 916/916/916
f 737/737/737 916/916/916 915/915/915
f 738/738/738 739/739/739 917/917/917
f 738/738/738 917/917/917 916/916/916
f 739/739/739 740/740/740 918/918/918
f 739/739/739 918/918/918 917/917/917
f 740/740/740 741/741/741 919/919/919
f 740/740/740 919/919/919 918/918/918
f 741/741/741 742/742/742 920/920/920
f 741/741/741 920/920/920 919/919/919
f 742/742/742 743/743/743 921/921/921
f 742/742/742 921/921/921 920/920/920
f 743/743/743 744/744/744 922/922/922
f 743/743/743 922/922/922 921/921/921
f 744/744/744 745/745/745 923/923/923
f 744/744/744 923/923/923 922/922/922
f 745/745/745 746/746/746 924/924/924
f 745/745/745 924/924/924 923/923/923
f 746/746/746 747/747/747 925/925/925
f 746/746/746 925/925/925 924/924/924
f 747/747/747 748/748/748 926/926/926
f 747/747/747 926/926/926 925/925/925
f 748/748/748 749/749/749 927/927/927
f 748/748/748 927/927/927 926/926/926
f 749/749/749 750/750/750 928/928/928
f 749/749/749 928/928/928 927/927/927
f 750/750/750 751/751/751 929/929/929
f 750/750/750 929/929/929 928/928/928
f 751/751/751 752/752/752 930/930/930
f 751/751/751 930/930/930 929/929/929
f 752/752/752 753/753/753 931/931/931
f 752/752/752 931/931/931 930/930/930
f 753/753/753 754/754/754 932/932/932
f 753/753/753 932/932/932 931/931/931
f 754/754/754 755/755/755 933/933/933
f 754/754/754 933/933/933 932/932/932
f 755/755/755 756/756/756 934/934/934
f 755/755/755 934/934/934 933/933/933
f 756/756/756 757/757/757 935/935/935
f 756/756/756 935/935/935 934/934/934
f 757/757/757 758/758/758 936/936/936
f 757/757/757 936/936/936 935/935/935
f 758/758/758 759/759/759 937/937/937
f 758/758/758 937/937/937 936/936/936
f 759/759/759 760/760/760 938/938/938
f 759/759/759 938/938/938 937/937/937
f 760/760/760 761/761/761 939/939/939
f 760/760/760 939/939/939 938/938/938
f 761/761/761 762/762/762 940/940/940
f 761/761/761 940/940/940 939/939/939
f 762/762/762 763/763/763 941/941/941
f 762/762/762 941/941/941 940/940/940
f 763/763/763 764/764/764 942/942/942
f 763/763/763 942/942/942 941/941/941
f 764/764/764 765/765/765 943/943/943
f 764/764/764 943/943/943 942/942/942
f 765/765/765 766/766/766 944/944/944
f 765/765/765 944/944/944 943/943/943
f 766/766/766 767/767/767 945/945/945
f 766/766/766 945/945/945 944/944/944
f 767/767/767 768/768/768 946/946/946
f 767/767/767 946/946/946 945/945/945
f 768/768/768 769/769/769 947/947/947
f 768/768/768 947/947/947 946/946/946
f 769/769/769 770/770/770 948/948/948
f 769/769/769 948/948/948 947/947/947
f 770/770/770 771/771/771 949/949/949
f 770/770/770 949/949/949 948/948/948
f 771/771/771 772/772/772 950/950/950
f 771/771/771 950/950/950 949/949/949
f 772/772/772 773/773/773 951/951/951
f 772/772/772 951/951/951 950/950/950
f 773/773/773 774/774/774 952/952/952
f 773/773/773 952/952/952 951/951/951
f 774/774/774 775/775/775 953/953/953
f 774/774/774 953/953/953 952/952/952
f 775/775/775 776/776/776 954/954/954
f 775/775/775 954/954/954 953/953/953
f 776/776/776 777/777/777 955/955/955
f 776/776/776 955/955/955 954/954/954
f 777/777/777 778/778/778 956/956/956
f 777/777/777 956/956/956 955/955/955
f 778/778/778 779/779/779 957/957/957
f 778/778/778 957/957/957 956/956/956
f 779/779/779 780/780/780 958/958/958
f 779/779/779 958/958/958 957/957/957
f 780/780/780 781/781/781 959/959/959
f 780/780/780 959/959/959 958/958/958
f 781/781/781 782/782/782 960/960/960
f 781/781/781 960/960/960 959/959/959
f 782/782/782 783/783/783 961/961/961
f 782/782/782 961/961/961 960/960/960
f 783/783/783 784/784/784 962/962/962
f 783/783/783 962/962/962 961/961/961
f 784/784/784 785/785/785 963/963/963
f 784/784/784 963/963/963 962/962/962
f 785/785/785 786/786/786 964/964/964
f 785/785/785 964/964/964 963/963/963
f 786/786/786 787/787/787 965/965/965
f 786/786/786 965/965/965 964/964/964
f 787/787/787 788/788/788 966/966/966
f 787/787/787 966/966/966 965/965/965
f 788/788/788 789/789/789 967/967/967
f 788/788/788 967/967/967 966/966/966
f 789/789/789 790/790/790 968/968/968
f 789/789/789 968/968/968 967/967/967
f 790/790/790 791/791/791 969/969/969
f 790/790/790 969/969/969 968/968/968
f 791/791/791 792/792/792 970/970/970
f 791/791/791 970/970/970 969/969/969
f 792/792/792 793/793/793 971/971/971
f 792/792/792 971/971/971 970/970/970
f 793/793/793 794/794/794 972/972/972
f 793/793/793 972/972/972 971/971/971
f 794/794/794 795/795/795 973/973/973
f 794/794/794 973/973/973 972/972/972
f 795/795/795 796/796/796 974/974/974
f 795/795/795 974/974/974 973/973/973
f 796/796/796 797/797/797 975/975/975
f 796/796/796 975/975/975 974/974/974
f 797/797/797 798/798/798 976/976/976
f 797/797/797 976/976/976 975/975/975
f 798/798/798 799/799/799 977/977/977
f 798/798/798 977/977/977 976/976/976
f 799/799/799 800/800/800 978/978/978
f 799/799/799 978/978/978 977/977/977
f 800/800/800 801/801/801 979/979/979
f 800/800/800 979/979/979 978/978/978
f 801/801/801 802/802/802 980/980/980
f 801/801/801 980/980/980 979/979/979
f 802/802/802 803/803/803 981/981/981
f 802/802/802 981/981/981 980/980/980
f 803/803/803 804/804/804 982/982/982
f 803/803/803 982/982/982 981/981/981
f 804/804/804 805/805/805 983/983/983
f 804/804/804 983/983/983 982/982/982
f 805/805/805 806/806/806 984/984/984
f 805/805/805 984/984/984 983/983/983
f 806/806/806 807/807/807 985/985/985
f 806/806/806 985/985/985 984/984/984
f 807/807/807 808/808/808 986/986/986
f 807/807/807 986/986/986 985/985/985
f 808/808/808 809/809/809 987/987/987
f 808/808/808 987/987/987 986/986/986
f 809/809/809 810/810/810 988/988/988
f 809/809/809 988/988/988 987/987/987
f 810/810/810 811/811/811 989/989/989
f 810/810/810 989/989/989 988/988/988
f 811/811/811 812/812/812 990/990/990
f 811/811/811 990/990/990 989/989/989
f 812/812/812 813/813/813 991/991/991
f 812/812/812 991/991/991 990/990/990
f 813/813/813 814/814/814 992/992/992
f 813/813/813 992/992/992 991/991/991
f 814/814/814 815/815/815 993/993/993
f 814/814/814 993/993/993 992/992/992
f 815/815/815 816/816/816 994/994/994
f 815/815/815 994/994/994 993/993/993
f 816/816/816 817/817/817 995/995/995
f 816/816/816 995/995/995 994/994/994
f 817/817/817 818/818/818 996/996/996
f 817/817/817 996/996/996 995/995/995
f 818/818/818 819/819/819 997/997/997
f 818/818/818 997/997/997 996/996/996
f 819/819/819 820/820/820 998/998/998
f 819/819/819 998/998/998 997/997/997
f 820/820/820 821/821/821 999/999/999
f 820/820/820 999/999/999 998/998/998
f 821/821/821 822/822/822 1000/1000/1000
f 821/821/821 1000/1000/1000 999/999/999
f 822/822/822 823/823/823 1001/1001/1001
f 822/822/822 1001/1001/1001 1000/1000/1000
f 823/823/823 824/824/824 1002/1002/1002
f 823/823/823 1002/1002/1002 1001/1001/1001
f 824/824/824 825/825/825 1003/1003/1003
f 824/824/824 1003/1003/1003 1002/1002/1002
f 825/825/825 826/826/826 1004/1004/1004
f 825/825/825 1004/1004/1004 1003/1003/1003
f 826/826/826 827/827/827 1005/1005/1005
f 826/826/826 1005/1005/1005 1004/1004/1004
f 827/827/827 828/828/828 1006/1006/1006
f 827/827/827 1006/1006/1006 1005/1005/1005
f 828/828/828 829/829/829 1007/1007/1007
f 828/828/828 1007/1007/1007 1006/1006/1006
f 829/829/829 830/830/830 1008/1008/1008
f 829/829/829 1008/1008/1008 1007/1007/1007
f 830/830/830 831/831/831 1009/1009/1009
f 830/830/830 1009/1009/1009 1008/1008/1008
f 831/831/831 832/832/832 1010/1010/1010
f 831/831/831 1010/1010/1010 1009/1009/1009
f 832/832/832 833/833/833 1011/1011/1011
f 832/832/832 1011/1011/1011 1010/1010/1010
f 833/833/833 834/834/834 1012/1012/1012
f 833/833/833 1012/1012/1012 1011/1011/1011
f 834/834/834 835/835/835 1013/1013/1013
f 834/834/834 1013/1013/1013 1012/1012/1012
f 835/835/835 836/836/836 1014/1014/1014
f 835/835/835 1014/1014/1014 1013/1013/1013
f 836/836/836 837/837/837 1015/1015/1015
f 836/836/836 1015/1015/1015 1014/1014/1014
f 837/837/837 838/838/838 1016/1016/1016
f 837/837/837 1016/1016/1016 1015/1015/1015
f 838/838/838 839/839/839 1017/1017/1017
f 838/838/838 1017/1017/1017 1016/1016/1016
f 839/839/839 840/840/840 1018/1018/1018
f 839/839/839 1018/1018/1018 1017/1017/1017
f 840/840/840 841/841/841 1019/1019/1019
f 840/840/840 1019/1019/1019 1018/1018/1018
f 841/841/841 842/842/842 1020/1020/1020
f 841/841/841 1020/1020/1020 1019/1019/1019
f 842/842/842 843/843/843 1021/1021/1021
f 842/842/842 1021/1021/1021 1020/1020/1020
f 843/843/843 844/844/844 1022/1022/1022
f 843/843/843 1022/1022/1022 1021/1021/1021
f 844/844/844 845/845/845 1023/1023/1023
f 844/844/844 1023/1023/1023 1022/1022/1022
f 845/845/845 846/846/846 1024/1024/1024
f 845/845/845 1024/1024/1024 1023/1023/1023
f 846/846/846 847/847/847 1025/1025/1025
f 846/846/846 1025/1025/1025 1024/1024/1024
f 847/847/847 848/848/848 1026/1026/1026
f 847/847/847 1026/1026/1026 1025/1025/1025
f 848/848/848 849/849/849 1027/1027/1027
f 848/848/848 1027/1027/1027 1026/1026/1026
f 849/849/849 850/850/850 1028/1028/1028
f 849/849/849 1028/1028/1028 1027/1027/1027
f 850/850/850 851/851/851 1029/1029/1029
f 850/850/850 1029/1029/1029 1028/1028/1028
f 851/851/851 852/852/852 1030/1030/1030
f 851/851/851 1030/1030/1030 1029/1029/1029
f 852/852/852 853/853/853 1031/1031/1031
f 852/852/852 1031/1031/1031 1030/1030/1030
f 853/853/853 854/854/854 1032/1032/1032
f 853/853/853 1032/1032/1032 1031/1031/1031
f 854/854/854 855/855/855 1033/1033/1033
f 854/854/854 1033/1033/1033 1032/1032/1032
f 855/855/855 856/856/856 1034/1034/1034
f 855/855/855 1034/1034/1034 1033/1033/1033
f 856/856/856 857/857/857 1035/1035/1035
f 856/856/856 1035/1035/1035 1034/1034/1034
f 857/857/857 858/858/858 1036/1036/1036
f 857/857/857 1036/1036/1036 1035/1035/1035
f 858/858/858 859/859/859 1037/1037/1037
f 858/858/858 1037/1037/1037 1036/1036/1036
f 859/859/859 860/860/860 1038/1038/1038
f 859/859/859 1038/1038/1038 1037/1037/1037
f 860/860/860 861/861/861 1039/1039/1039
f 860/860/860 1039/1039/1039 1038/1038/1038
f 861/861/861 862/862/862 1040/1040/1040
f 861/861/861 1040/1040/1040 1039/1039/1039
f 862/862/862 863/863/863 1041/1041/1041
f 862/862/862 1041/1041/1041 1040/1040/1040
f 863/863/863 864/864/864 1042/1042/1042
f 863/863/863 1042/1042/1042 1041/1041/1041
f 864/864/864 865/865/865 1043/1043/1043
f 864/864/864 1043/1043/1043 1042/1042/1042
f 865/865/865 866/866/866 1044/1044/1044
f 865/865/865 1044/1044/1044 1043/1043/1043
f 866/866/866 867/867/867 1045/1045/1045
f 866/866/866 1045/1045/1045 1044/1044/1044
f 867/867/867 868/868/868 1046/1046/1046
f 867/867/867 1046/1046/1046 1045/1045/1045
f 868/868/868 869/869/869 1047/1047/1047
f 868/868/868 1047/1047/1047 1046/1046/1046
f 869/869/869 870/870/870 1048/1048/1048
f 869/869/869 1048/1048/1048 1047/1047/1047
f 870/870/870 871/871/871 1049/1049/1049
f 870/870/870 1049/1049/1049 1048/1048/1048
f 871/871/871 872/872/872 1050/1050/1050
f 871/871/871 1050/1050/1050 1049/1049/1049
f 872/872/872 873/873/873 1051/1051/1051
f 872/872/872 1051/1051/1051 1050/1050/1050
f 873/873/873 874/874/874 1052/1052/1052
f 873/873/873 1052/1052/1052 1051/1051/1051
f 874/874/874 875/875/875 1053/1053/1053
f 874/874/874 1053/1053/1053 1052/1052/1052
f 875/875/875 876/876/876 1054/1054/1054
f 875/875/875 1054/1054/1054 1053/1053/1053
f 876/876/876 877/877/877 1055/1055/1055
f 876/876/876 1055/1055/1055 1054/1054/1054
f 877/877/877 878/878/878 1056/1056/1056
f 877/877/877 1056/1056/1056 1055/1055/1055
f 878/878/878 879/879/879 1057/1057/1057
f 878/878/878 1057/1057/1057 1056/1056/1056
f 879/879/879 880/880/880 1058/1058/1058
f 879/879/879 1058/1058/1058 1057/1057/1057
f 880/880/880 881/881/881 1059/1059/1059
f 880/880/880 1059/1059/1059 1058/1058/1058
f 881/881/881 882/882/882 1060/1060/1060
f 881/881/881 1060/1060/1060 1059/1059/1059
f 882/882/882 883/883/883 1061/1061/1061
f 882/882/882 1061/1061/1061 1060/1060/1060
f 883/883/883 884/884/884 1062/1062/1062
f 883/883/883 1062/1062/1062 1061/1061/1061
f 884/884/884 885/885/885 1063/1063/1063
f 884/884/884 1063/1063/1063 1062/1062/1062
f 885/885/885 886/886/886 1064/1064/1064
f 885/885/885 1064/1064/1064 1063/1063/1063
f 886/886/886 887/887/887 1065/1065/1065
f 886/886/886 1065/1065/1065 1064/1064/1064
f 887/887/887 888/888/888 1066/1066/1066
f 887/887/887 1066/1066/1066 1065/1065/1065
f 888/888/888 889/889/889 1067/1067/1067
f 888/888/888 1067/1067/1067 1066/1066/1066
f 889/889/889 890/890/890 1068/1068/1068
f 889/889/889 1068/1068/1068 1067/1067/1067
f 890/890/890 713/713/713 891/891/891
f 890/890/890 891/891/891 1068/1068/1068
f 891/891/891 892/892/892 1070/1070/1070
f 891/891/891 1070/1070/1070 1069/1069/1069
f 892/892/892 893/893/893 1071/1071/1071
f 892/892/892 1071/1071/1071 1070/1070/1070
f 893/893/893 894/894/894 1072/1072/1072
f 893/893/893 1072/1072/1072 1071/1071/1071
f 894/894/894 895/895/895 1073/1073/1073
f 894/894/894 1073/1073/1073 1072/1072/1072
f 895/895/895 896/896/896 1074/1074/1074
f 895/895/895 1074/1074/1074 1073/1073/1073
f 896/896/896 897/897/897 1075/1075/1075
f 896/896/896 1075/1075/1075 1074/1074/1074
f 897/897/897 898/898/898 1076/1076/1076
f 897/897/897 1076/1076/1076 1075/1075/1075
f 898/898/898 899/899/899 1077/1077/1077
f 898/898/898 1077/1077/1077 1076/1076/1076
f 899/899/899 900/900/900 1078/1078/1078
f 899/899/899 1078/1078/1078 1077/1077/1077
f 900/900/900 901/901/901 1079/1079/1079
f 900/900/900 1079/1079/1079 1078/1078/1078
f 901/901/901 902/902/902 1080/1080/1080
f 901/901/901 1080/1080/1080 1079/1079/1079
f 902/902/902 903/903/903 1081/1081/1081
f 902/902/902 1081/1081/1081 1080/1080/1080
f 903/903/903 904/904/904 1082/1082/1082
f 903/903/903 1082/1082/1082 1081/1081/1081
f 904/904/904 905/905/905 1083/1083/1083
f 904/904/904 1083/1083/1083 1082/1082/1082
f 905/905/905 906/906/906 1084/1084/1084
f 905/905/905 1084/1084/1084 1083/1083/1083
f 906/906/906 907/907/907 1085/1085/1085
f 906/906/906 1085/1085/1085 1084/1084/1084
f 907/907/907 908/908/908 1086/1086/1086
f 907/907/907 1086/1086/1086 1085/1085/1085
f 908/908/908 909/909/909 1087/1087/1087
f 908/908/908 1087/1087/1087 1086/1086/1086
f 909/909/909 910/910/910 1088/1088/1088
f 909/909/909 1088/1088/1088 1087/1087/1087
f 910/910/910 911/911/911 1089/1089/1089
f 910/910/910 1089/1089/1089 1088/1088/1088
f 911/911/911 912/912/912 1090/1090/1090
f 911/911/911 1090/1090/1090 1089/1089/1089
f 912/912/912 913/913/913 1091/1091/1091
f 912/912/912 1091/1091/1091 1090/1090/1090
f 913/913/913 914/914/914 1092/1092/1092
f 913/913/913 1092/1092/1092 1091/1091/1091
f 914/914/914 915/915/915 1093/1093/1093
f 914/914/914 1093/1093/1093 1092/1092/1092
f 915/915/915 916/916/916 1094/1094/1094
f 915/915/915 1094/1094/1094 1093/1093/1093
f 916/916/916 917/917/917 1095/1095/1095
f 916/916/916 1095/1095/1095 1094/1094/1094
f 917/917/917 918/918/918 1096/1096/1096
f 917/917/917 1096/1096/1096 1095/1095/1095
f 918/918/918 919/919/919 1097/1097/1097
f 918/918/918 1097/1097/1097 1096/1096/1096
f 919/919/919 920/920/920 1098/1098/1098
f 919/919/919 1098/1098/1098 1097/1097/1097
f 920/920/920 921/921/921 1099/1099/1099
f 920/920/920 1099/1099/1099 1098/1098/1098
f 921/921/921 922/922/922 1100/1100/1100
f 921/921/921 1100/1100/1100 1099/1099/1099
f 922/922/922 923/923/923 1101/1101/1101
f 922/922/922 1101/1101/1101 1100/1100/1100
f 923/923/923 924/924/924 1102/1102/1102
f 923/923/923 1102/1102/1102 1101/1101/1101
f 924/924/924 925/925/925 1103/1103/1103
f 924/924/924 1103/1103/1103 1102/1102/1102
f 925/925/925 926/926/926 1104/1104/1104
f 925/925/925 1104/1104/1104 1103/1103/1103
f 926/926/926 927/927/927 1105/1105/1105
f 926/926/926 1105/1105/1105 1104/1104/1104
f 927/927/927 928/928/928 1106/1106/1106
f 927/927/927 1106/1106/1106 1105/1105/1105
f 928/928/928 929/929/929 1107/1107/1107
f 928/928/928 1107/1107/1107 1106/1106/1106
f 929/929/929 930/930/930 1108/1108/1108
f 929/929/929 1108/1108/1108 1107/1107/1107
f 930/930/930 931/931/931 1109/1109/1109
f 930/930/930 1109/1109/1109 1108/1108/1108
f 931/931/931 932/932/932 1110/1110/1110
f 931/931/931 1110/1110/1110 1109/1109/1109
f 932/932/932 933/933/933 1111/1111/1111
f 932/932/932 1111/1111/1111 1110/1110/1110
f 933/933/933 934/934/934 1112/1112/1112
f 933/933/933 1112/1112/1112 1111/1111/1111
f 934/934/934 935/935/935 1113/1113/1113
f 934/934/934 1113/1113/1113 1112/1112/1112
f 935/935/935 936/936/936 1114/1114/1114
f 935/935/935 1114/1114/1114 1113/1113/1113
f 936/936/936 937/937/937 1115/1115/1115
f 936/936/936 1115/1115/1115 1114/1114/1114
f 937/937/937 938/938/938 1116/1116/1116
f 937/937/937 1116/1116/1116 1115/1115/1115
f 938/938/938 939/939/939 1117/1117/1117
f 938/938/938 1117/1117/1117 1116/1116/1116
f 939/939/939 940/940/940 1118/1118/1118
f 939/939/939 1118/1118/1118 1117/1117/1117
f 940/940/940 941/941/941 1119/1119/1119
f 940/940/940 1119/1119/1119 1118/1118/1118
f 941/941/941 942/942/942 1120/1120/1120
f 941/941/941 1120/1120/1120 1119/1119/1119
f 942/942/942 943/943/943 1121/1121/1121
f 942/942/942 1121/1121/1121 1120/1120/1120
f 943/943/943 944/944/944 1122/1122/1122
f 943/943/943 1122/1122/1122 1121/1121/1121
f 944/944/944 945/945/945 1123/1123/1123
f 944/944/944 1123/1123/1123 1122/1122/1122
f 945/945/945 946/946/946 1124/1124/1124
f 945/945/945 1124/1124/1124 1123/1123/1123
f 946/946/946 947/947/947 1125/1125/1125
f 946/946/946 1125/1125/1125 1124/1124/1124
f 947/947/947 948/948/948 1126/1126/1126
f 947/947/947 1126/1126/1126 1125/1125/1125
f 948/948/948 949/949/949 1127/1127/1127
f 948/948/948 1127/1127/1127 1126/1126/1126
f 949/949/949 950/950/950 1128/1128/1128
f 949/949/949 1128/1128/1128 1127/1127/1127
f 950/950/950 951/951/951 1129/1129/1129
f 950/950/950 1129/1129/1129 1128/1128/1128
f 951/951/951 952/952/952 1130/1130/1130
f 951/951/951 1130/1130/1130 1129/1129/1129
f 952/952/952 953/953/953 1131/1131/1131
f 952/952/952 1131/1131/1131 1130/1130/1130
f 953/953/953 954/954/954 1132/1132/1132
f 953/953/953 1132/1132/1132 1131/1131/1131
f 954/954/954 955/955/955 1133/1133/1133
f 954/954/954 1133/1133/1133 1132/1132/1132
f 955/955/955 956/956/956 1134/1134/1134
f 955/955/955 1134/1134/1134 1133/1133/1133
f 956/956/956 957/957/957 1135/1135/1135
f 956/956/956 1135/1135/1135 1134/1134/1134
f 957/957/957 958/958/958 1136/1136/1136
f 957/957/957 1136/1136/1136 1135/1135/1135
f 958/958/958 959/959/959 1137/1137/1137
f 958/958/958 1137/1137/1137 1136/1136/1136
f 959/959/959 960/960/960 1138/1138/1138
f 959/959/959 1138/1138/1138 1137/1137/1137
f 960/960/960 961/961/961 1139/1139/1139
f 960/960/960 1139/1139/1139 1138/1138/1138
f 961/961/961 962/962/962 1140/1140/1140
f 961/961/961 1140/1140/1140 1139/1139/1139
f 962/962/962 963/963/963 1141/1141/1141
f 962/962/962 1141/1141/1141 1140/1140/1140
f 963/963/963 964/964/964 1142/1142/1142
f 963/963/963 1142/1142/1142 1141/1141/1141
f 964/964/964 965/965/965 1143/1143/1143
f 964/964/964 1143/1143/1143 1142/1142/1142
f 965/965/965 966/966/966 1144/1144/1144
f 965/965/965 1144/1144/1144 1143/1143/1143
f 966/966/966 967/967/967 1145/1145/1145
f 966/966/966 1145/1145/1145 1144/1144/1144
f 967/967/967 968/968/968 1146/1146/1146
f 967/967/967 1146/1146/1146 1145/1145/1145
f 968/968/968 969/969/969 1147/1147/1147
f 968/968/968 1147/1147/1147 1146/1146/1146
f 969/969/969 970/970/970 1148/1148/1148
f 969/969/969 1148/1148/1148 1147/1147/1147
f 970/970/970 971/971/971 1149/1149/1149
f 970/970/970 1149/1149/1149 1148/1148/1148
f 971/971/971 972/972/972 1150/1150/1150
f 971/971/971 1150/1150/1150 1149/1149/1149
f 972/972/972 973/973/973 1151/1151/1151
f 972/972/972 1151/1151/1151 1150/1150/1150
f 973/973/973 974/974/974 1152/1152/1152
f 973/973/973 1152/1152/1152 1151/1151/1151
f 974/974/974 975/975/975 1153/1153/1153
f 974/974/974 1153/1153/1153 1152/1152/1152
f 975/975/975 976/976/976 1154/1154/1154
f 975/975/975 1154/1154/1154 1153/1153/1153
f 976/976/976 977/977/977 1155/1155/1155
f 976/976/976 1155/1155/1155 1154/1154/1154
f 977/977/977 978/978/978 1156/1156/1156
f 977/977/977 1156/1156/1156 1155/1155/1155
f 978/978/978 979/979/979 1157/1157/1157
f 978/978/978 1157/1157/1157 1156/1156/1156
f 979/979/979 980/980/980 1158/1158/1158
f 979/979/979 1158/1158/1158 1157/1157/1157
f 980/980/980 981/981/981 1159/1159/1159
f 980/980/980 1159/1159/1159 1158/1158/1158
f 981/981/981 982/982/982 1160/1160/1160
f 981/981/981 1160/1160/1160 1159/1159/1159
f 982/982/982 983/983/983 1161/1161/1161
f 982/982/982 1161/1161/1161 1160/1160/1160
f 983/983/983 984/984/984 1162/1162/1162
f 983/983/983 1162/1162/1162 1161/1161/1161
f 984/984/984 985/985/985 1163/1163/1163
f 984/984/984 1163/1163/1163 1162/1162/1162
f 985/985/985 986/986/986 1164/1164/1164
f 985/985/985 1164/1164/1164 1163/1163/1163
f 986/986/986 987/987/987 1165/1165/1165
f 986/986/986 1165/1165/1165 1164/1164/1164
f 987/987/987 988/988/988 1166/1166/1166
f 987/987/987 1166/1166/1166 1165/1165/1165
f 988/988/988 989/989/989 1167/1167/1167
f 988/988/988 1167/1167/1167 1166/1166/1166
f 989/989/989 990/990/990 1168/1168/1168
f 989/989/989 1168/1168/1168 1167/1167/1167
f 990/990/990 991/991/991 1169/1169/1169
f 990/990/990 1169/1169/1169 1168/1168/1168
f 991/991/991 992/992/992 1170/1170/1170
f 991/991/991 1170/1170/1170 1169/1169/1169
f 992/992/992 993/993/993 1171/1171/1171
f 992/992/992 1171/1171/1171 1170/1170/1170
f 993/993/993 994/994/994 1172/1172/1172
f 993/993/993 1172/1172/1172 1171/1171/1171
f 994/994/994 995/995/995 1173/1173/1173
f 994/994/994 1173/1173/1173 1172/1172/1172
f 995/995/995 996/996/996 1174/1174/1174
f 995/995/995 1174/1174/1174 1173/1173/1173
f 996/996/996 997/997/997 1175/1175/1175
f 996/996/996 1175/1175/1175 1174/1174/1174
f 997/997/997 998/998/998 1176/1176/1176
f 997/997/997 1176/1176/1176 1175/1175/1175
f 998/998/998 999/999/999 1177/1177/1177
f 998/998/998 1177/1177/1177 1176/1176/1176
f 999/999/999 1000/1000/1000 1178/1178/1178
f 999/999/999 1178/1178/1178 1177/1177/1177
f 1000/1000/1000 1001/1001/1001 1179/1179/1179
f 1000/1000/1000 1179/1179/1179 1178/1178/1178
f 1001/1001/1001 1002/1002/1002 1180/1180/1180
f 1001/1001/1001 1180/1180/1180 1179/1179/1179
f 1002/1002/1002 1003/1003/1003 1181/1181/1181
f 1002/1002/1002 1181/1181/1181 1180/1180/1180
f 1003/1003/1003 1004/1004/1004 1182/1182/1182
f 1003/1003/1003 1182/1182/1182 1181/1181/1181
f 1004/1004/1004 1005/1005/1005 1183/1183/1183
f 1004/1004/1004 1183/1183/1183 1182/1182/1182
f 1005/1005/1005 1006/1006/1006 1184/1184/1184
f 1005/1005/1005 1184/1184/1184 1183/1183/1183
f 1006/1006/1006 1007/1007/1007 1185/1185/1185
f 1006/1006/1006 1185/1185/1185 1184/1184/1184
f 1007/1007/1007 1008/1008/1008 1186/1186/1186
f 1007/1007/1007 1186/1186/1186 1185/1185/1185
f 1008/1008/1008 1009/1009/1009 1187/1187/1187
f 1008/1008/1008 1187/1187/1187 1186/1186/1186
f 1009/1009/1009 1010/1010/1010 1188/1188/1188
f 1009/1009/1009 1188/1188/1188 1187/1187/1187
f 1010/1010/1010 1011/1011/1011 1189/1189/1189
f 1010/1010/1010 1189/1189/1189 1188/1188/1188
f 1011/1011/1011 1012/1012/1012 1190/1190/1190
f 1011/1011/1011 1190/1190/1190 1189/1189/1189
f 1012/1012/1012 1013/1013/1013 1191/1191/1191
f 1012/1012/1012 1191/1191/1191 1190/1190/1190
f 1013/1013/1013 1014/1014/1014 1192/1192/1192
f 1013/1013/1013 1192/1192/1192 1191/1191/1191
f 1014/1014/1014 1015/1015/1015 1193/1193/1193
f 1014/1014/1014 1193/1193/1193 1192/1192/1192
f 1015/1015/1015 1016/1016/1016 1194/1194/1194
f 1015/1015/1015 1194/1194/1194 1193/1193/1193
f 1016/1016/1016 1017/1017/1017 1195/1195/1195
f 1016/1016/1016 1195/1195/1195 1194/1194/1194
f 1017/1017/1017 1018/1018/1018 1196/1196/1196
f 1017/1017/1017 1196/1196/1196 1195/1195/1195
f 1018/1018/1018 1019/1019/1019 1197/1197/1197
f 1018/1018/1018 1197/1197/1197 1196/1196/1196
f 1019/1019/1019 1020/1020/1020 1198/1198/1198
f 1019/1019/1019 1198/1198/1198 1197/1197/1197
f 1020/1020/1020 1021/1021/1021 1199/1199/1199
f 1020/1020/1020 1199/1199/1199 1198/1198/1198
f 1021/1021/1021 1022/1022/1022 1200/1200/1200
f 1021/1021/1021 1200/1200/1200 1199/1199/1199
f 1022/1022/1022 1023/1023/1023 1201/1201/1201
f 1022/1022/1022 1201/1201/1201 1200/1200/1200
f 1023/1023/1023 1024/1024/1024 1202/1202/1202
f 1023/1023/1023 1202/1202/1202 1201/1201/1201
f 1024/1024/1024 1025/1025/1025 1203/1203/1203
f 1024/1024/1024 1203/1203/1203 1202/1202/1202
f 1025/1025/1025 1026/1026/1026 1204/1204/1204
f 1025/1025/1025 1204/1204/1204 1203/1203/1203
f 1026/1026/1026 1027/1027/1027 1205/1205/1205
f 1026/1026/1026 1205/1205/1205 1204/1204/1204
f 1027/1027/1027 1028/1028/1028 1206/1206/1206
f 1027/1027/1027 1206/1206/1206 1205/1205/1205
f 1028/1028/1028 1029/1029/1029 1207/1207/1207
f 1028/1028/1028 1207/1207/1207 1206/1206/1206
f 1029/1029/1029 1030/1030/1030 1208/1208/1208
f 1029/1029/1029 1208/1208/1208 1207/1207/1207
f 1030/1030/1030 1031/1031/1031 1209/1209/1209
f 1030/1030/1030 1209/1209/1209 1208/1208/1208
f 1031/1031/1031 1032/1032/1032 1210/1210/1210
f 1031/1031/1031 1210/1210/1210 1209/1209/1209
f 1032/1032/1032 1033/1033/1033 1211/1211/1211
f 1032/1032/1032 1211/1211/1211 1210/1210/1210
f 1033/1033/1033 1034/1034/1034 1212/1212/1212
f 1033/1033/1033 1212/1212/1212 1211/1211/1211
f 1034/1034/1034 1035/1035/1035 1213/1213/1213
f 1034/1034/1034 1213/1213/1213 1212/1212/1212
f 1035/1035/1035 1036/1036/1036 1214/1214/1214
f 1035/1035/1035 1214/1214/1214 1213/1213/1213
f 1036/1036/1036 1037/1037/1037 1215/1215/1215
f 1036/1036/1036 1215/1215/1215 1214/1214/1214
f 1037/1037/1037 1038/1038/1038 1216/1216/1216
f 1037/1037/1037 1216/1216/1216 1215/1215/1215
f 1038/1038/1038 1039/1039/1039 1217/1217/1217
f 1038/1038/1038 1217/1217/1217 1216/1216/1216
f 1039/1039/1039 1040/1040/1040 1218/1218/1218
f 1039/1039/1039 1218/1218/1218 1217/1217/1217
f 1040/1040/1040 1041/1041/1041 1219/1219/1219
f 1040/1040/1040 1219/1219/1219 1218/1218/1218
f 1041/1041/1041 1042/1042/1042 1220/1220/1220
f 1041/1041/1041 1220/1220/1220 1219/1219/1219
f 1042/1042/1042 1043/1043/1043 1221/1221/1221
f 1042/1042/1042 1221/1221/1221 1220/1220/1220
f 1043/1043/1043 1044/1044/1044 1222/1222/1222
f 1043/1043/1043 1222/1222/1222 1221/1221/1221
f 1044/1044/1044 1045/1045/1045 1223/1223/1223
f 1044/1044/1044 1223/1223/1223 1222/1222/1222
f 1045/1045/1045 1046/1046/1046 1224/1224/1224
f 1045/1045/1045 1224/1224/1224 1223/1223/1223
f 1046/1046/1046 1047/1047/1047 1225/1225/1225
f 1046/1046/1046 1225/1225/1225 1224/1224/1224
f 1047/1047/1047 1048/1048/1048 1226/1226/1226
f 1047/1047/1047 1226/1226/1226 1225/1225/1225
f 1048/1048/1048 1049/1049/1049 1227/1227/1227
f 1048/1048/1048 1227/1227/1227 1226/1226/1226
f 1049/1049/1049 1050/1050/1050 1228/1228/1228
f 1049/1049/1049 1228/1228/1228 1227/1227/1227
f 1050/1050/1050 1051/1051/1051 1229/1229/1229
f 1050/1050/1050 1229/1229/1229 1228/1228/1228
f 1051/1051/1051 1052/1052/1052 1230/1230/1230
f 1051/1051/1051 1230/1230/1230 1229/1229/1229
f 1052/1052/1052 1053/1053/1053 1231/1231/1231
f 1052/1052/1052 1231/1231/1231 1230/1230/1230
f 1053/1053/1053 1054/1054/1054 1232/1232/1232
f 1053/1053/1053 1232/1232/1232 1231/1231/1231
f 1054/1054/1054 1055/1055/1055 1233/1233/1233
f 1054/1054/1054 1233/1233/1233 1232/1232/1232
f 1055/1055/1055 1056/1056/1056 1234/1234/1234
f 1055/1055/1055 1234/1234/1234 1233/1233/1233
f 1056/1056/1056 1057/1057/1057 1235/1235/1235
f 1056/1056/1056 1235/1235/1235 1234/1234/1234
f 1057/1057/1057 1058/1058/1058 1236/1236/1236
f 1057/1057/1057 1236/1236/1236 1235/1235/1235
f 1058/1058/1058 1059/1059/1059 1237/1237/1237
f 1058/1058/1058 1237/1237/1237 1236/1236/1236
f 1059/1059/1059 1060/1060/1060 1238/1238/1238
f 1059/1059/1059 1238/1238/1238 1237/1237/1237
f 1060/1060/1060 1061/1061/1061 1239/1239/1239
f 1060/1060/1060 1239/1239/1239 1238/1238/1238
f 1061/1061/1061 1062/1062/1062 1240/1240/1240
f 1061/1061/1061 1240/1240/1240 1239/1239/1239
f 1062/1062/1062 1063/1063/1063 1241/1241/1241
f 1062/1062/1062 1241/1241/1241 1240/1240/1240
f 1063/1063/1063 1064/1064/1064 1242/1242/1242
f 1063/1063/1063 1242/1242/1242 1241/1241/1241
f 1064/1064/1064 1065/1065/1065 1243/1243/1243
f 1064/1064/1064 1243/1243/1243 1242/1242/1242
f 1065/1065/1065 1066/1066/1066 1244/1244/1244
f 1065/1065/1065 1244/1244/1244 1243/1243/1243
f 1066/1066/1066 1067/1067/1067 1245/1245/1245
f 1066/1066/1066 1245/1245/1245 1244/1244/1244
f 1067/1067/1067 1068/1068/1068 1246/1246/1246
f 1067/1067/1067 1246/1246/1246 1245/1245/1245
f 1068/1068/1068 891/891/891 1069/1069/1069
f 1068/1068/1068 1069/1069/1069 1246/1246/1246
f 1069/1069/1069 1070/1070/1070 1248/1248/1248
f 1069/1069/1069 1248/1248/1248 1247/1247/1247
f 1070/1070/1070 1071/1071/1071 1249/1249/1249
f 1070/1070/1070 1249/1249/1249 1248/1248/1248
f 1071/1071/1071 1072/1072/1072 1250/1250/1250
f 1071/1071/1071 1250/1250/1250 1249/1249/1249
f 1072/1072/1072 1073/1073/1073 1251/1251/1251
f 1072/1072/1072 1251/1251/1251 1250/1250/1250
f 1073/1073/1073 1074/1074/1074 1252/1252/1252
f 1073/1073/1073 1252/1252/1252 1251/1251/1251
f 1074/1074/1074 1075/1075/1075 1253/1253/1253
f 1074/1074/1074 1253/1253/1253 1252/1252/1252
f 1075/1075/1075 1076/1076/1076 1254/1254/1254
f 1075/1075/1075 1254/1254/1254 1253/1253/1253
f 1076/1076/1076 1077/1077/1077 1255/1255/1255
f 1076/1076/1076 1255/1255/1255 1254/1254/1254
f 1077/1077/1077 1078/1078/1078 1256/1256/1256
f 1077/1077/1077 1256/1256/1256 1255/1255/1255
f 1078/1078/1078 1079/1079/1079 1257/1257/1257
f 1078/1078/1078 1257/1257/1257 1256/1256/1256
f 1079/1079/1079 1080/1080/1080 1258/1258/1258
f 1079/1079/1079 1258/1258/1258 1257/1257/1257
f 1080/1080/1080 1081/1081/1081 1259/1259/1259
f 1080/1080/1080 1259/1259/1259 1258/1258/1258
f 1081/1081/1081 1082/1082/1082 1260/1260/1260
f 1081/1081/1081 1260/1260/1260 1259/1259/1259
f 1082/1082/1082 1083/1083/1083 1261/1261/1261
f 1082/1082/1082 1261/1261/1261 1260/1260/1260
f 1083/1083/1083 1084/1084/1084 1262/1262/1262
f 1083/1083/1083 1262/1262/1262 1261/1261/1261
f 1084/1084/1084 1085/1085/1085 1263/1263/1263
f 1084/1084/1084 1263/1263/1263 1262/1262/1262
f 1085/1085/1085 1086/1086/1086 1264/1264/1264
f 1085/1085/1085 1264/1264/1264 1263/1263/1263
f 1086/1086/1086 1087/1087/1087 1265/1265/1265
f 1086/1086/1086 1265/1265/1265 1264/1264/1264
f 1087/1087/1087 1088/1088/1088 1266/1266/1266
f 1087/1087/1087 1266/1266/1266 1265/1265/1265
f 1088/1088/1088 1089/1089/1089 1267/1267/1267
f 1088/1088/1088 1267/1267/1267 1266/1266/1266
f 1089/1089/1089 1090/1090/1090 1268/1268/1268
f 1089/1089/1089 1268/1268/1268 1267/1267/1267
f 1090/1090/1090 1091/1091/1091 1269/1269/1269
f 1090/1090/1090 1269/1269/1269 1268/1268/1268
f 1091/1091/1091 1092/1092/1092 1270/1270/1270
f 1091/1091/1091 1270/1270/1270 1269/1269/1269
f 1092/1092/1092 1093/1093/1093 1271/1271/1271
f 1092/1092/1092 1271/1271/1271 1270/1270/1270
f 1093/1093/1093 1094/1094/1094 1272/1272/1272
f 1093/1093/1093 1272/1272/1272 1271/1271/1271
f 1094/1094/1094 1095/1095/1095 1273/1273/1273
f 1094/1094/1094 1273/1273/1273 1272/1272/1272
f 1095/1095/1095 1096/1096/1096 1274/1274/1274
f 1095/1095/1095 1274/1274/1274 1273/1273/1273
f 1096/1096/1096 1097/1097/1097 1275/1275/1275
f 1096/1096/1096 1275/1275/1275 1274/1274/1274
f 1097/1097/1097 1098/1098/1098 1276/1276/1276
f 1097/1097/1097 1276/1276/1276 1275/1275/1275
f 1098/1098/1098 1099/1099/1099 1277/1277/1277
f 1098/1098/1098 1277/1277/1277 1276/1276/1276
f 1099/1099/1099 1100/1100/1100 1278/1278/1278
f 1099/1099/1099 1278/1278/1278 1277/1277/1277
f 1100/1100/1100 1101/1101/1101 1279/1279/1279
f 1100/1100/1100 1279/1279/1279 1278/1278/1278
f 1101/1101/1101 1102/1102/1102 1280/1280/1280
f 1101/1101/1101 1280/1280/1280 1279/1279/1279
f 1102/1102/1102 1103/1103/1103 1281/1281/1281
f 1102/1102/1102 1281/1281/1281 1280/1280/1280
f 1103/1103/1103 1104/1104/1104 1282/1282/1282
f 1103/1103/1103 1282/1282/1282 1281/1281/1281
f 1104/1104/1104 1105/1105/1105 1283/1283/1283
f 1104/1104/1104 1283/1283/1283 1282/1282/1282
f 1105/1105/1105 1106/1106/1106 1284/1284/1284
f 1105/1105/1105 1284/1284/1284 1283/1283/1283
f 1106/1106/1106 1107/1107/1107 1285/1285/1285
f 1106/1106/1106 1285/1285/1285 1284/1284/1284
f 1107/1107/1107 1108/1108/1108 1286/1286/1286
f 1107/1107/1107 1286/1286/1286 1285/1285/1285
f 1108/1108/1108 1109/1109/1109 1287/1287/1287
f 1108/1108/1108 1287/1287/1287 1286/1286/1286
f 1109/1109/1109 1110/1110/1110 1288/1288/1288
f 1109/1109/1109 1288/1288/1288 1287/1287/1287
f 1110/1110/1110 1111/1111/1111 1289/1289/1289
f 1110/1110/1110 1289/1289/1289 1288/1288/1288
f 1111/1111/1111 1112/1112/1112 1290/1290/1290
f 1111/1111/1111 1290/1290/1290 1289/1289/1289
f 1112/1112/1112 1113/1113/1113 1291/1291/1291
f 1112/1112/1112 1291/1291/1291 1290/1290/1290
f 1113/1113/1113 1114/1114/1114 1292/1292/1292
f 1113/1113/1113 1292/1292/1292 1291/1291/1291
f 1114/1114/1114 1115/1115/1115 1293/1293/1293
f 1114/1114/1114 1293/1293/1293 1292/1292/1292
f 1115/1115/1115 1116/1116/1116 1294/1294/1294
f 1115/1115/1115 1294/1294/1294 1293/1293/1293
f 1116/1116/1116 1117/1117/1117 1295/1295/1295
f 1116/1116/1116 1295/1295/1295 1294/1294/1294
f 1117/1117/1117 1118/1118/1118 1296/1296/1296
f 1117/1117/1117 1296/1296/1296 1295/1295/1295
f 1118/1118/1118 1119/1119/1119 1297/1297/1297
f 1118/1118/1118 1297/1297/1297 1296/1296/1296
f 1119/1119/1119 1120/1120/1120 1298/1298/1298
f 1119/1119/1119 1298/1298/1298 1297/1297/1297
f 1120/1120/1120 1121/1121/1121 1299/1299/1299
f 1120/1120/1120 1299/1299/1299 1298/1298/1298
f 1121/1121/1121 1122/1122/1122 1300/1300/1300
f 1121/1121/1121 1300/1300/1300 1299/1299/1299
f 1122/1122/1122 1123/1123/1123 1301/1301/1301
f 1122/1122/1122 1301/1301/1301 1300/1300/1300
f 1123/1123/1123 1124/1124/1124 1302/1302/1302
f 1123/1123/1123 1302/1302/1302 1301/1301/1301
f 1124/1124/1124 1125/1125/1125 1303/1303/1303
f 1124/1124/1124 1303/1303/1303 1302/1302/1302
f 1125/1125/1125 1126/1126/1126 1304/1304/1304
f 1125/1125/1125 1304/1304/1304 1303/1303/1303
f 1126/1126/1126 1127/1127/1127 1305/1305/1305
f 1126/1126/1126 1305/1305/1305 1304/1304/1304
f 1127/1127/1127 1128/1128/1128 1306/1306/1306
f 1127/1127/1127 1306/1306/1306 1305/1305/1305
f 1128/1128/1128 1129/1129/1129 1307/1307/1307
f 1128/1128/1128 1307/1307/1307 1306/1306/1306
f 1129/1129/1129 1130/1130/1130 1308/1308/1308
f 1129/1129/1129 1308/1308/1308 1307/1307/1307
f 1130/1130/1130 1131/1131/1131 1309/1309/1309
f 1130/1130/1130 1309/1309/1309 1308/1308/1308
f 1131/1131/1131 1132/1132/1132 1310/1310/1310
f 1131/1131/1131 1310/1310/1310 1309/1309/1309
f 1132/1132/1132 1133/1133/1133 1311/1311/1311
f 1132/1132/1132 1311/1311/1311 1310/1310/1310
f 1133/1133/1133 1134/1134/1134 1312/1312/1312
f 1133/1133/1133 1312/1312/1312 1311/1311/1311
f 1134/1134/1134 1135/1135/1135 1313/1313/1313
f 1134/1134/1134 1313/1313/1313 1312/1312/1312
f 1135/1135/1135 1136/1136/1136 1314/1314/1314
f 1135/1135/1135 1314/1314/1314 1313/1313/1313
f 1136/1136/1136 1137/1137/1137 1315/1315/1315
f 1136/1136/1136 1315/1315/1315 1314/1314/1314
f 1137/1137/1137 1138/1138/1138 1316/1316/1316
f 1137/1137/1137 1316/1316/1316 1315/1315/1315
f 1138/1138/1138 1139/1139/1139 1317/1317/1317
f 1138/1138/1138 1317/1317/1317 1316/1316/1316
f 1139/1139/1139 1140/1140/1140 1318/1318/1318
f 1139/1139/1139 1318/1318/1318 1317/1317/1317
f 1140/1140/1140 1141/1141/1141 1319/1319/1319
f 1140/1140/1140 1319/1319/1319 1318/1318/1318
f 1141/1141/1141 1142/1142/1142 1320/1320/1320
f 1141/1141/1141 1320/1320/1320 1319/1319/1319
f 1142/1142/1142 1143/1143/1143 1321/1321/1321
f 1142/1142/1142 1321/1321/1321 1320/1320/1320
f 1143/1143/1143 1144/1144/1144 1322/1322/1322
f 1143/1143/1143 1322/1322/1322 1321/1321/1321
f 1144/1144/1144 1145/1145/1145 1323/1323/1323
f 1144/1144/1144 1323/1323/1323 1322/1322/1322
f 1145/1145/1145 1146/1146/1146 1324/1324/1324
f 1145/1145/1145 1324/1324/1324 1323/1323/1323
f 1146/1146/1146 1147/1147/1147 1325/1325/1325
f 1146/1146/1146 1325/1325/1325 1324/1324/1324
f 1147/1147/1147 1148/1148/1148 1326/1326/1326
f 1147/1147/1147 1326/1326/1326 1325/1325/1325
f 1148/1148/1148 1149/1149/1149 1327/1327/1327
f 1148/1148/1148 1327/1327/1327 1326/1326/1326
f 1149/1149/1149 1150/1150/1150 1328/1328/1328
f 1149/1149/1149 1328/1328/1328 1327/1327/1327
f 1150/1150/1150 1151/1151/1151 1329/1329/1329
f 1150/1150/1150 1329/1329/1329 1328/1328/1328
f 1151/1151/1151 1152/1152/1152 1330/1330/1330
f 1151/1151/1151 1330/1330/1330 1329/1329/1329
f 1152/1152/1152 1153/1153/1153 1331/1331/1331
f 1152/1152/1152 1331/1331/1331 1330/1330/1330
f 1153/1153/1153 1154/1154/1154 1332/1332/1332
f 1153/1153/1153 1332/1332/1332 1331/1331/1331
f 1154/1154/1154 1155/1155/1155 1333/1333/1333
f 1154/1154/1154 1333/1333/1333 1332/1332/1332
f 1155/1155/1155 1156/1156/1156 1334/1334/1334
f 1155/1155/1155 1334/1334/1334 1333/1333/1333
f 1156/1156/1156 1157/1157/1157 1335/1335/1335
f 1156/1156/1156 1335/1335/1335 1334/1334/1334
f 1157/1157/1157 1158/1158/1158 1336/1336/1336
f 1157/1157/1157 1336/1336/1336 1335/1335/1335
f 1158/1158/1158 1159/1159/1159 1337/1337/1337
f 1158/1158/1158 1337/1337/1337 1336/1336/1336
f 1159/1159/1159 1160/1160/1160 1338/1338/1338
f 1159/1159/1159 1338/1338/1338 1337/1337/1337
f 1160/1160/1160 1161/1161/1161 1339/1339/1339
f 1160/1160/1160 1339/1339/1339 1338/1338/1338
f 1161/1161/1161 1162/1162/1162 1340/1340/1340
f 1161/1161/1161 1340/1340/1340 1339/1339/1339
f 1162/1162/1162 1163/1163/1163 1341/1341/1341
f 1162/1162/1162 1341/1341/1341 1340/1340/1340
f 1163/1163/1163 1164/1164/1164 1342/1342/1342
f 1163/1163/1163 1342/1342/1342 1341/1341/1341
f 1164/1164/1164 1165/1165/1165 1343/1343/1343
f 1164/1164/1164 1343/1343/1343 1342/1342/1342
f 1165/1165/1165 1166/1166/1166 1344/1344/1344
f 1165/1165/1165 1344/1344/1344 1343/1343/1343
f 1166/1166/1166 1167/1167/1167 1345/1345/1345
f 1166/1166/1166 1345/1345/1345 1344/1344/1344
f 1167/1167/1167 1168/1168/1168 1346/1346/1346
f 1167/1167/1167 1346/1346/1346 1345/1345/1345
f 1168/1168/1168 1169/1169/1169 1347/1347/1347
f 1168/1168/1168 1347/1347/1347 1346/1346/1346
f 1169/1169/1169 1170/1170/1170 1348/1348/1348
f 1169/1169/1169 1348/1348/1348 1347/1347/1347
f 1170/1170/1170 1171/1171/1171 1349/1349/1349
f 1170/1170/1170 1349/1349/1349 1348/1348/1348
f 1171/1171/1171 1172/1172/1172 1350/1350/1350
f 1171/1171/1171 1350/1350/1350 1349/1349/1349
f 1172/1172/1172 1173/1173/1173 1351/1351/1351
f 1172/1172/1172 1351/1351/1351 1350/1350/1350
f 1173/1173/1173 1174/1174/1174 1352/1352/1352
f 1173/1173/1173 1352/1352/1352 1351/1351/1351
f 1174/1174/1174 1175/1175/1175 1353/1353/1353
f 1174/1174/1174 1353/1353/1353 1352/1352/1352
f 1175/1175/1175 1176/1176/1176 1354/1354/1354
f 1175/1175/1175 1354/1354/1354 1353/1353/1353
f 1176/1176/1176 1177/1177/1177 1355/1355/1355
f 1176/1176/1176 1355/1355/1355 1354/1354/1354
f 1177/1177/1177 1178/1178/1178 1356/1356/1356
f 1177/1177/1177 1356/1356/1356 1355/1355/1355
f 1178/1178/1178 1179/1179/1179 1357/1357/1357
f 1178/1178/1178 1357/1357/1357 1356/1356/1356
f 1179/1179/1179 1180/1180/1180 1358/1358/1358
f 1179/1179/1179 1358/1358/1358 1357/1357/1357
f 1180/1180/1180 1181/1181/1181 1359/1359/1359
f 1180/1180/1180 1359/1359/1359 1358/1358/1358
f 1181/1181/1181 1182/1182/1182 1360/1360/1360
f 1181/1181/1181 1360/1360/1360 1359/1359/1359
f 1182/1182/1182 1183/1183/1183 1361/1361/1361
f 1182/1182/1182 1361/1361/1361 1360/1360/1360
f 1183/1183/1183 1184/1184/1184 1362/1362/1362
f 1183/1183/1183 1362/1362/1362 1361/1361/1361
f 1184/1184/1184 1185/1185/1185 1363/1363/1363
f 1184/1184/1184 1363/1363/1363 1362/1362/1362
f 1185/1185/1185 1186/1186/1186 1364/1364/1364
f 1185/1185/1185 1364/1364/1364 1363/1363/1363
f 1186/1186/1186 1187/1187/1187 1365/1365/1365
f 1186/1186/1186 1365/1365/1365 1364/1364/1364
f 1187/1187/1187 1188/1188/1188 1366/1366/1366
f 1187/1187/1187 1366/1366/1366 1365/1365/1365
f 1188/1188/1188 1189/1189/1189 1367/1367/1367
f 1188/1188/1188 1367/1367/1367 1366/1366/1366
f 1189/1189/1189 1190/1190/1190 1368/1368/1368
f 1189/1189/1189 1368/1368/1368 1367/1367/1367
f 1190/1190/1190 1191/1191/1191 1369/1369/1369
f 1190/1190/1190 1369/1369/1369 1368/1368/1368
f 1191/1191/1191 1192/1192/1192 1370/1370/1370
f 1191/1191/1191 1370/1370/1370 1369/1369/1369
f 1192/1192/1192 1193/1193/1193 1371/1371/1371
f 1192/1192/1192 1371/1371/1371 1370/1370/1370
f 1193/1193/1193 1194/1194/1194 1372/1372/1372
f 1193/1193/1193 1372/1372/1372 1371/1371/1371
f 1194/1194/1194 1195/1195/1195 1373/1373/1373
f 1194/1194/1194 1373/1373/1373 1372/1372/1372
f 1195/1195/1195 1196/1196/1196 1374/1374/1374
f 1195/1195/1195 1374/1374/1374 1373/1373/1373
f 1196/1196/1196 1197/1197/1197 1375/1375/1375
f 1196/1196/1196 1375/1375/1375 1374/1374/1374
f 1197/1197/1197 1198/1198/1198 1376/1376/1376
f 1197/1197/1197 1376/1376/1376 1375/1375/1375
f 1198/1198/1198 1199/1199/1199 1377/1377/1377
f 1198/1198/1198 1377/1377/1377 1376/1376/1376
f 1199/1199/1199 1200/1200/1200 1378/1378/1378
f 1199/1199/1199 1378/1378/1378 1377/1377/1377
f 1200/1200/1200 1201/1201/1201 1379/1379/1379
f 1200/1200/1200 1379/1379/1379 1378/1378/1378
f 1201/1201/1201 1202/1202/1202 1380/1380/1380
f 1201/1201/1201 1380/1380/1380 1379/1379/1379
f 1202/1202/1202 1203/1203/1203 1381/1381/1381
f 1202/1202/1202 1381/1381/1381 1380/1380/1380
f 1203/1203/1203 1204/1204/1204 1382/1382/1382
f 1203/1203/1203 1382/1382/1382 1381/1381/1381
f 1204/1204/1204 1205/1205/1205 1383/1383/1383
f 1204/1204/1204 1383/1383/1383 1382/1382/1382
f 1205/1205/1205 1206/1206/1206 1384/1384/1384
f 1205/1205/1205 1384/1384/1384 1383/1383/1383
f 1206/1206/1206 1207/1207/1207 1385/1385/1385
f 1206/1206/1206 1385/1385/1385 1384/1384/1384
f 1207/1207/1207 1208/1208/1208 1386/1386/1386
f 1207/1207/1207 1386/1386/1386 1385/1385/1385
f 1208/1208/1208 1209/1209/1209 1387/1387/1387
f 1208/1208/1208 1387/1387/1387 1386/1386/1386
f 1209/1209/1209 1210/1210/1210 1388/1388/1388
f 1209/1209/1209 1388/1388/1388 1387/1387/1387
f 1210/1210/1210 1211/1211/1211 1389/1389/1389
f 1210/1210/1210 1389/1389/1389 1388/1388/1388
f 1211/1211/1211 1212/1212/1212 1390/1390/1390
f 1211/1211/1211 1390/1390/1390 1389/1389/1389
f 1212/1212/1212 1213/1213/1213 1391/1391/1391
f 1212/1212/1212 1391/1391/1391 1390/1390/1390
f 1213/1213/1213 1214/1214/1214 1392/1392/1392
f 1213/1213/1213 1392/1392/1392 1391/1391/1391
f 1214/1214/1214 1215/1215/1215 1393/1393/1393
f 1214/1214/1214 1393/1393/1393 1392/1392/1392
f 1215/1215/1215 1216/1216/1216 1394/1394/1394
f 1215/1215/1215 1394/1394/1394 1393/1393/1393
f 1216/1216/1216 1217/1217/1217 1395/1395/1395
f 1216/1216/1216 1395/1395/1395 1394/1394/1394
f 1217/1217/1217 1218/1218/1218 1396/1396/1396
f 1217/1217/1217 1396/1396/1396 1395/1395/1395
f 1218/1218/1218 1219/1219/1219 1397/1397/1397
f 1218/1218/1218 1397/1397/1397 1396/1396/1396
f 1219/1219/1219 1220/1220/1220 1398/1398/1398
f 1219/1219/1219 1398/1398/1398 1397/1397/1397
f 1220/1220/1220 1221/1221/1221 1399/1399/1399
f 1220/1220/1220 1399/1399/1399 1398/1398/1398
f 1221/1221/1221 1222/1222/1222 1400/1400/1400
f 1221/1221/1221 1400/1400/1400 1399/1399/1399
f 1222/1222/1222 1223/1223/1223 1401/1401/1401
f 1222/1222/1222 1401/1401/1401 1400/1400/1400
f 1223/1223/1223 1224/1224/1224 1402/1402/1402
f 1223/1223/1223 1402/1402/1402 1401/1401/1401
f 1224/1224/1224 1225/1225/1225 1403/1403/1403
f 1224/1224/1224 1403/1403/1403 1402/1402/1402
f 1225/1225/1225 1226/1226/1226 1404/1404/1404
f 1225/1225/1225 1404/1404/1404 1403/1403/1403
f 1226/1226/1226 1227/1227/1227 1405/1405/1405
f 1226/1226/1226 1405/1405/1405 1404/1404/1404
f 1227/1227/1227 1228/1228/1228 1406/1406/1406
f 1227/1227/1227 1406/1406/1406 1405/1405/1405
f 1228/1228/1228 1229/1229/1229 1407/1407/1407
f 1228/1228/1228 1407/1407/1407 1406/1406/1406
f 1229/1229/1229 1230/1230/1230 1408/1408/1408
f 1229/1229/1229 1408/1408/1408 1407/1407/1407
f 1230/1230/1230 1231/1231/1231 1409/1409/1409
f 1230/1230/1230 1409/1409/1409 1408/1408/1408
f 1231/1231/1231 1232/1232/1232 1410/1410/1410
f 1231/1231/1231 1410/1410/1410 1409/1409/1409
f 1232/1232/1232 1233/1233/1233 1411/1411/1411
f 1232/1232/1232 1411/1411/1411 1410/1410/1410
f 1233/1233/1233 1234/1234/1234 1412/1412/1412
f 1233/1233/1233 1412/1412/1412 1411/1411/1411
f 1234/1234/1234 1235/1235/1235 1413/1413/1413
f 1234/1234/1234 1413/1413/1413 1412/1412/1412
f 1235/1235/1235 1236/1236/1236 1414/1414/1414
f 1235/1235/1235 1414/1414/1414 1413/1413/1413
f 1236/1236/1236 1237/1237/1237 1415/1415/1415
f 1236/1236/1236 1415/1415/1415 1414/1414/1414
f 1237/1237/1237 1238/1238/1238 1416/1416/1416
f 1237/1237/1237 1416/1416/1416 1415/1415/1415
f 1238/1238/1238 1239/1239/1239 1417/1417/1417
f 1238/1238/1238 1417/1417/1417 1416/1416/1416
f 1239/1239/1239 1240/1240/1240 1418/1418/1418
f 1239/1239/1239 1418/1418/1418 1417/1417/1417
f 1240/1240/1240 1241/1241/1241 1419/1419/1419
f 1240/1240/1240 1419/1419/1419 1418/1418/1418
f 1241/1241/1241 1242/1242/1242 1420/1420/1420
f 1241/1241/1241 1420/1420/1420 1419/1419/1419
f 1242/1242/1242 1243/1243/1243 1421/1421/1421
f 1242/1242/1242 1421/1421/1421 1420/1420/1420
f 1243/1243/1243 1244/1244/1244 1422/1422/1422
f 1243/1243/1243 1422/1422/1422 1421/1421/1421
f 1244/1244/1244 1245/1245/1245 1423/1423/1423
f 1244/1244/1244 1423/1423/1423 1422/1422/1422
f 1245/1245/1245 1246/1246/1246 1424/1424/1424
f 1245/1245/1245 1424/1424/1424 1423/1423/1423
f 1246/1246/1246 1069/1069/1069 1247/1247/1247
f 1246/1246/1246 1247/1247/1247 1424/1424/1424
f 1247/1247/1247 1248/1248/1248 1426/1426/1426
f 1247/1247/1247 1426/1426/1426 1425/1425/1425
f 1248/1248/1248 1249/1249/1249 1427/1427/1427
f 1248/1248/1248 1427/1427/1427 1426/1426/1426
f 1249/1249/1249 1250/1250/1250 1428/1428/1428
f 1249/1249/1249 1428/1428/1428 1427/1427/1427
f 1250/1250/1250 1251/1251/1251 1429/1429/1429
f 1250/1250/1250 1429/1429/1429 1428/1428/1428
f 1251/1251/1251 1252/1252/1252 1430/1430/1430
f 1251/1251/1251 1430/1430/1430 1429/1429/1429
f 1252/1252/1252 1253/1253/1253 1431/1431/1431
f 1252/1252/1252 1431/1431/1431 1430/1430/1430
f 1253/1253/1253 1254/1254/1254 1432/1432/1432
f 1253/1253/1253 1432/1432/1432 1431/1431/1431
f 1254/1254/1254 1255/1255/1255 1433/1433/1433
f 1254/1254/1254 1433/1433/1433 1432/1432/1432
f 1255/1255/1255 1256/1256/1256 1434/1434/1434
f 1255/1255/1255 1434/1434/1434 1433/1433/1433
f 1256/1256/1256 1257/1257/1257 1435/1435/1435
f 1256/1256/1256 1435/1435/1435 1434/1434/1434
f 1257/1257/1257 1258/1258/1258 1436/1436/1436
f 1257/1257/1257 1436/1436/1436 1435/1435/1435
f 1258/1258/1258 1259/1259/1259 1437/1437/1437
f 1258/1258/1258 1437/1437/1437 1436/1436/1436
f 1259/1259/1259 1260/1260/1260 1438/1438/1438
f 1259/1259/1259 1438/1438/1438 1437/1437/1437
f 1260/1260/1260 1261/1261/1261 1439/1439/1439
f 1260/1260/1260 1439/1439/1439 1438/1438/1438
f 1261/1261/1261 1262/1262/1262 1440/1440/1440
f 1261/1261/1261 1440/1440/1440 1439/1439/1439
f 1262/1262/1262 1263/1263/1263 1441/1441/1441
f 1262/1262/1262 1441/1441/1441 1440/1440/1440
f 1263/1263/1263 1264/1264/1264 1442/1442/1442
f 1263/1263/1263 1442/1442/1442 1441/1441/1441
f 1264/1264/1264 1265/1265/1265 1443/1443/1443
f 1264/1264/1264 1443/1443/1443 1442/1442/1442
f 1265/1265/1265 1266/1266/1266 1444/1444/1444
f 1265/1265/1265 1444/1444/1444 1443/1443/1443
f 1266/1266/1266 1267/1267/1267 1445/1445/1445
f 1266/1266/1266 1445/1445/1445 1444/1444/1444
f 1267/1267/1267 1268/1268/1268 1446/1446/1446
f 1267/1267/1267 1446/1446/1446 1445/1445/1445
f 1268/1268/1268 1269/1269/1269 1447/1447/1447
f 1268/1268/1268 1447/1447/1447 1446/1446/1446
f 1269/1269/1269 1270/1270/1270 1448/1448/1448
f 1269/1269/1269 1448/1448/1448 1447/1447/1447
f 1270/1270/1270 1271/1271/1271 1449/1449/1449
f 1270/1270/1270 1449/1449/1449 1448/1448/1448
f 1271/1271/1271 1272/1272/1272 1450/1450/1450
f 1271/1271/1271 1450/1450/1450 1449/1449/1449
f 1272/1272/1272 1273/1273/1273 1451/1451/1451
f 1272/1272/1272 1451/1451/1451 1450/1450/1450
f 1273/1273/1273 1274/1274/1274 1452/1452/1452
f 1273/1273/1273 1452/1452/1452 1451/1451/1451
f 1274/1274/1274 1275/1275/1275 1453/1453/1453
f 1274/1274/1274 1453/1453/1453 1452/1452/1452
f 1275/1275/1275 1276/1276/1276 1454/1454/1454
f 1275/1275/1275 1454/1454/1454 1453/1453/1453
f 1276/1276/1276 1277/1277/1277 1455/1455/1455
f 1276/1276/1276 1455/1455/1455 1454/1454/1454
f 1277/1277/1277 1278/1278/1278 1456/1456/1456
f 1277/1277/1277 1456/1456/1456 1455/1455/1455
f 1278/1278/1278 1279/1279/1279 1457/1457/1457
f 1278/1278/1278 1457/1457/1457 1456/1456/1456
f 1279/1279/1279 1280/1280/1280 1458/1458/1458
f 1279/1279/1279 1458/1458/1458 1457/1457/1457
f 1280/1280/1280 1281/1281/1281 1459/1459/1459
f 1280/1280/1280 1459/1459/1459 1458/1458/1458
f 1281/1281/1281 1282/1282/1282 1460/1460/1460
f 1281/1281/1281 1460/1460/1460 1459/1459/1459
f 1282/1282/1282 1283/1283/1283 1461/1461/1461
f 1282/1282/1282 1461/1461/1461 1460/1460/1460
f 1283/1283/1283 1284/1284/1284 1462/1462/1462
f 1283/1283/1283 1462/1462/1462 1461/1461/1461
f 1284/1284/1284 1285/1285/1285 1463/1463/1463
f 1284/1284/1284 1463/1463/1463 1462/1462/1462
f 1285/1285/1285 1286/1286/1286 1464/1464/1464
f 1285/1285/1285 1464/1464/1464 1463/1463/1463
f 1286/1286/1286 1287/1287/1287 1465/1465/1465
f 1286/1286/1286 1465/1465/1465 1464/1464/1464
f 1287/1287/1287 1288/1288/1288 1466/1466/1466
f 1287/1287/1287 1466/1466/1466 1465/1465/1465
f 1288/1288/1288 1289/1289/1289 1467/1467/1467
f 1288/1288/1288 1467/1467/1467 1466/1466/1466
f 1289/1289/1289 1290/1290/1290 1468/1468/1468
f 1289/1289/1289 1468/1468/1468 1467/1467/1467
f 1290/1290/1290 1291/1291/1291 1469/1469/1469
f 1290/1290/1290 1469/1469/1469 1468/1468/1468
f 1291/1291/1291 1292/1292/1292 1470/1470/1470
f 1291/1291/1291 1470/1470/1470 1469/1469/1469
f 1292/1292/1292 1293/1293/1293 1471/1471/1471
f 1292/1292/1292 1471/1471/1471 1470/1470/1470
f 1293/1293/1293 1294/1294/1294 1472/1472/1472
f 1293/1293/1293 1472/1472/1472 1471/1471/1471
f 1294/1294/1294 1295/1295/1295 1473/1473/1473
f 1294/1294/1294 1473/1473/1473 1472/1472/1472
f 1295/1295/1295 1296/1296/1296 1474/1474/1474
f 1295/1295/1295 1474/1474/1474 1473/1473/1473
f 1296/1296/1296 1297/1297/1297 1475/1475/1475
f 1296/1296/1296 1475/1475/1475 1474/1474/1474
f 1297/1297/1297 1298/1298/1298 1476/1476/1476
f 1297/1297/1297 1476/1476/1476 1475/1475/1475
f 1298/1298/1298 1299/1299/1299 1477/1477/1477
f 1298/1298/1298 1477/1477/1477 1476/1476/1476
f 1299/1299/1299 1300/1300/1300 1478/1478/1478
f 1299/1299/1299 1478/1478/1478 1477/1477/1477
f 1300/1300/1300 1301/1301/1301 1479/1479/1479
f 1300/1300/1300 1479/1479/1479 1478/1478/1478
f 1301/1301/1301 1302/1302/1302 1480/1480/1480
f 1301/1301/1301 1480/1480/1480 1479/1479/1479
f 1302/1302/1302 1303/1303/1303 1481/1481/1481
f 1302/1302/1302 1481/1481/1481 1480/1480/1480
f 1303/1303/1303 1304/1304/1304 1482/1482/1482
f 1303/1303/1303 1482/1482/1482 1481/1481/1481
f 1304/1304/1304 1305/1305/1305 1483/1483/1483
f 1304/1304/1304 1483/1483/1483 1482/1482/1482
f 1305/1305/1305 1306/1306/1306 1484/1484/1484
f 1305/1305/1305 1484/1484/1484 1483/1483/1483
f 1306/1306/1306 1307/1307/1307 1485/1485/1485
f 1306/1306/1306 1485/1485/1485 1484/1484/1484
f 1307/1307/1307 1308/1308/1308 1486/1486/1486
f 1307/1307/1307 1486/1486/1486 1485/1485/1485
f 1308/1308/1308 1309/1309/1309 1487/1487/1487
f 1308/1308/1308 1487/1487/1487 1486/1486/1486
f 1309/1309/1309 1310/1310/1310 1488/1488/1488
f 1309/1309/1309 1488/1488/1488 1487/1487/1487
f 1310/1310/1310 1311/1311/1311 1489/1489/1489
f 1310/1310/1310 1489/1489/1489 1488/1488/1488
f 1311/1311/1311 1312/1312/1312 1490/1490/1490
f 1311/1311/1311 1490/1490/1490 1489/1489/1489
f 1312/1312/1312 1313/1313/1313 1491/1491/1491
f 1312/1312/1312 1491/1491/1491 1490/1490/1490
f 1313/1313/1313 1314/1314/1314 1492/1492/1492
f 1313/1313/1313 1492/1492/1492 1491/1491/1491
f 1314/1314/1314 1315/1315/1315 1493/1493/1493
f 1314/1314/1314 1493/1493/1493 1492/1492/1492
f 1315/1315/1315 1316/1316/1316 1494/1494/1494
f 1315/1315/1315 1494/1494/1494 1493/1493/1493
f 1316/1316/1316 1317/1317/1317 1495/1495/1495
f 1316/1316/1316 1495/1495/1495 1494/1494/1494
f 1317/1317/1317 1318/1318/1318 1496/1496/1496
f 1317/1317/1317 1496/1496/1496 1495/1495/1495
f 1318/1318/1318 1319/1319/1319 1497/1497/1497
f 1318/1318/1318 1497/1497/1497 1496/1496/1496
f 1319/1319/1319 1320/1320/1320 1498/1498/1498
f 1319/1319/1319 1498/1498/1498 1497/1497/1497
f 1320/1320/1320 1321/1321/1321 1499/1499/1499
f 1320/1320/1320 1499/1499/1499 1498/1498/1498
f 1321/1321/1321 1322/1322/1322 1500/1500/1500
f 1321/1321/1321 1500/1500/1500 1499/1499/1499
f 1322/1322/1322 1323/1323/1323 1501/1501/1501
f 1322/1322/1322 1501/1501/1501 1500/1500/1500
f 1323/1323/1323 1324/1324/1324 1502/1502/1502
f 1323/1323/1323 1502/1502/1502 1501/1501/1501
f 1324/1324/1324 1325/1325/1325 1503/1503/1503
f 1324/1324/1324 1503/1503/1503 1502/1502/1502
f 1325/1325/1325 1326/1326/1326 1504/1504/1504
f 1325/1325/1325 1504/1504/1504 1503/1503/1503
f 1326/1326/1326 1327/1327/1327 1505/1505/1505
f 1326/1326/1326 1505/1505/1505 1504/1504/1504
f 1327/1327/1327 1328/1328/1328 1506/1506/1506
f 1327/1327/1327 1506/1506/1506 1505/1505/1505
f 1328/1328/1328 1329/1329/1329 1507/1507/1507
f 1328/1328/1328 1507/1507/1507 1506/1506/1506
f 1329/1329/1329 1330/1330/1330 1508/1508/1508
f 1329/1329/1329 1508/1508/1508 1507/1507/1507
f 1330/1330/1330 1331/1331/1331 1509/1509/1509
f 1330/1330/1330 1509/1509/1509 1508/1508/1508
f 1331/1331/1331 1332/1332/1332 1510/1510/1510
f 1331/1331/1331 1510/1510/1510 1509/1509/1509
f 1332/1332/1332 1333/1333/1333 1511/1511/1511
f 1332/1332/1332 1511/1511/1511 1510/1510/1510
f 1333/1333/1333 1334/1334/1334 1512/1512/1512
f 1333/1333/1333 1512/1512/1512 1511/1511/1511
f 1334/1334/1334 1335/1335/1335 1513/1513/1513
f 1334/1334/1334 1513/1513/1513 1512/1512/1512
f 1335/1335/1335 1336/1336/1336 1514/1514/1514
f 1335/1335/1335 1514/1514/1514 1513/1513/1513
f 1336/1336/1336 1337/1337/1337 1515/1515/1515
f 1336/1336/1336 1515/1515/1515 1514/1514/1514
f 1337/1337/1337 1338/1338/1338 1516/1516/1516
f 1337/1337/1337 1516/1516/1516 1515/1515/1515
f 1338/1338/1338 1339/1339/1339 1517/1517/1517
f 1338/1338/1338 1517/1517/1517 1516/1516/1516
f 1339/1339/1339 1340/1340/1340 1518/1518/1518
f 1339/1339/1339 1518/1518/1518 1517/1517/1517
f 1340/1340/1340 1341/1341/1341 1519/1519/1519
f 1340/1340/1340 1519/1519/1519 1518/1518/1518
f 1341/1341/1341 1342/1342/1342 1520/1520/1520
f 1341/1341/1341 1520/1520/1520 1519/1519/1519
f 1342/1342/1342 1343/1343/1343 1521/1521/1521
f 1342/1342/1342 1521/1521/1521 1520/1520/1520
f 1343/1343/1343 1344/1344/1344 1522/1522/1522
f 1343/1343/1343 1522/1522/1522 1521/1521/1521
f 1344/1344/1344 1345/1345/1345 1523/1523/1523
f 1344/1344/1344 1523/1523/1523 1522/1522/1522
f 1345/1345/1345 1346/1346/1346 1524/1524/1524
f 1345/1345/1345 1524/1524/1524 1523/1523/1523
f 1346/1346/1346 1347/1347/1347 1525/1525/1525
f 1346/1346/1346 1525/1525/1525 1524/1524/1524
f 1347/1347/1347 1348/1348/1348 1526/1526/1526
f 1347/1347/1347 1526/1526/1526 1525/1525/1525
f 1348/1348/1348 1349/1349/1349 1527/1527/1527
f 1348/1348/1348 1527/1527/1527 1526/1526/1526
f 1349/1349/1349 1350/1350/1350 1528/1528/1528
f 1349/1349/1349 1528/1528/1528 1527/1527/1527
f 1350/1350/1350 1351/1351/1351 1529/1529/1529
f 1350/1350/1350 1529/1529/1529 1528/1528/1528
f 1351/1351/1351 1352/1352/1352 1530/1530/1530
f 1351/1351/1351 1530/1530/1530 1529/1529/1529
f 1352/1352/1352 1353/1353/1353 1531/1531/1531
f 1352/1352/1352 1531/1531/1531 1530/1530/1530
f 1353/1353/1353 1354/1354/1354 1532/1532/1532
f 1353/1353/1353 1532/1532/1532 1531/1531/1531
f 1354/1354/1354 1355/1355/1355 1533/1533/1533
f 1354/1354/1354 1533/1533/1533 1532/1532/1532
f 1355/1355/1355 1356/1356/1356 1534/1534/1534
f 1355/1355/1355 1534/1534/1534 1533/1533/1533
f 1356/1356/1356 1357/1357/1357 1535/1535/1535
f 1356/1356/1356 1535/1535/1535 1534/1534/1534
f 1357/1357/1357 1358/1358/1358 1536/1536/1536
f 1357/1357/1357 1536/1536/1536 1535/1535/1535
f 1358/1358/1358 1359/1359/1359 1537/1537/1537
f 1358/1358/1358 1537/1537/1537 1536/1536/1536
f 1359/1359/1359 1360/1360/1360 1538/1538/1538
f 1359/1359/1359 1538/1538/1538 1537/1537/1537
f 1360/1360/1360 1361/1361/1361 1539/1539/1539
f 1360/1360/1360 1539/1539/1539 1538/1538/1538
f 1361/1361/1361 1362/1362/1362 1540/1540/1540
f 1361/1361/1361 1540/1540/1540 1539/1539/1539
f 1362/1362/1362 1363/1363/1363 1541/1541/1541
f 1362/1362/1362 1541/1541/1541 1540/1540/1540
f 1363/1363/1363 1364/1364/1364 1542/1542/1542
f 1363/1363/1363 1542/1542/1542 1541/1541/1541
f 1364/1364/1364 1365/1365/1365 1543/1543/1543
f 1364/1364/1364 1543/1543/1543 1542/1542/1542
f 1365/1365/1365 1366/1366/1366 1544/1544/1544
f 1365/1365/1365 1544/1544/1544 1543/1543/1543
f 1366/1366/1366 1367/1367/1367 1545/1545/1545
f 1366/1366/1366 1545/1545/1545 1544/1544/1544
f 1367/1367/1367 1368/1368/1368 1546/1546/1546
f 1367/1367/1367 1546/1546/1546 1545/1545/1545
f 1368/1368/1368 1369/1369/1369 1547/1547/1547
f 1368/1368/1368 1547/1547/1547 1546/1546/1546
f 1369/1369/1369 1370/1370/1370 1548/1548/1548
f 1369/1369/1369 1548/1548/1548 1547/1547/1547
f 1370/1370/1370 1371/1371/1371 1549/1549/1549
f 1370/1370/1370 1549/1549/1549 1548/1548/1548
f 1371/1371/1371 1372/1372/1372 1550/1550/1550
f 1371/1371/1371 1550/1550/1550 1549/1549/1549
f 1372/1372/1372 1373/1373/1373 1551/1551/1551
f 1372/1372/1372 1551/1551/1551 1550/1550/1550
f 1373/1373/1373 1374/1374/1374 1552/1552/1552
f 1373/1373/1373 1552/1552/1552 1551/1551/1551
f 1374/1374/1374 1375/1375/1375 1553/1553/1553
f 1374/1374/1374 1553/1553/1553 1552/1552/1552
f 1375/1375/1375 1376/1376/1376 1554/1554/1554
f 1375/1375/1375 1554/1554/1554 1553/1553/1553
f 1376/1376/1376 1377/1377/1377 1555/1555/1555
f 1376/1376/1376 1555/1555/1555 1554/1554/1554
f 1377/1377/1377 1378/1378/1378 1556/1556/1556
f 1377/1377/1377 1556/1556/1556 1555/1555/1555
f 1378/1378/1378 1379/1379/1379 1557/1557/1557
f 1378/1378/1378 1557/1557/1557 1556/1556/1556
f 1379/1379/1379 1380/1380/1380 1558/1558/1558
f 1379/1379/1379 1558/1558/1558 1557/1557/1557
f 1380/1380/1380 1381/1381/1381 1559/1559/1559
f 1380/1380/1380 1559/1559/1559 1558/1558/1558
f 1381/1381/1381 1382/1382/1382 1560/1560/1560
f 1381/1381/1381 1560/1560/1560 1559/1559/1559
f 1382/1382/1382 1383/1383/1383 1561/1561/1561
f 1382/1382/1382 1561/1561/1561 1560/1560/1560
f 1383/1383/1383 1384/1384/1384 1562/1562/1562
f 1383/1383/1383 1562/1562/1562 1561/1561/1561
f 1384/1384/1384 1385/1385/1385 1563/1563/1563
f 1384/1384/1384 1563/1563/1563 1562/1562/1562
f 1385/1385/1385 1386/1386/1386 1564/1564/1564
f 1385/1385/1385 1564/1564/1564 1563/1563/1563
f 1386/1386/1386 1387/1387/1387 1565/1565/1565
f 1386/1386/1386 1565/1565/1565 1564/1564/1564
f 1387/1387/1387 1388/1388/1388 1566/1566/1566
f 1387/1387/1387 1566/1566/1566 1565/1565/1565
f 1388/1388/1388 1389/1389/1389 1567/1567/1567
f 1388/1388/1388 1567/1567/1567 1566/1566/1566
f 1389/1389/1389 1390/1390/1390 1568/1568/1568
f 1389/1389/1389 1568/1568/1568 1567/1567/1567
f 1390/1390/1390 1391/1391/1391 1569/1569/1569
f 1390/1390/1390 1569/1569/1569 1568/1568/1568
f 1391/1391/1391 1392/1392/1392 1570/1570/1570
f 1391/1391/1391 1570/1570/1570 1569/1569/1569
f 1392/1392/1392 1393/1393/1393 1571/1571/1571
f 1392/1392/1392 1571/1571/1571 1570/1570/1570
f 1393/1393/1393 1394/1394/1394 1572/1572/1572
f 1393/1393/1393 1572/1572/1572 1571/1571/1571
f 1394/1394/1394 1395/1395/1395 1573/1573/1573
f 1394/1394/1394 1573/1573/1573 1572/1572/1572
f 1395/1395/1395 1396/1396/1396 1574/1574/1574
f 1395/1395/1395 1574/1574/1574 1573/1573/1573
f 1396/1396/1396 1397/1397/1397 1575/1575/1575
f 1396/1396/1396 1575/1575/1575 1574/1574/1574
f 1397/1397/1397 1398/1398/1398 1576/1576/1576
f 1397/1397/1397 1576/1576/1576 1575/1575/1575
f 1398/1398/1398 1399/1399/1399 1577/1577/1577
f 1398/1398/1398 1577/1577/1577 1576/1576/1576
f 1399/1399/1399 1400/1400/1400 1578/1578/1578
f 1399/1399/1399 1578/1578/1578 1577/1577/1577
f 1400/1400/1400 1401/1401/1401 1579/1579/1579
f 1400/1400/1400 1579/1579/1579 1578/1578/1578
f 1401/1401/1401 1402/1402/1402 1580/1580/1580
f 1401/1401/1401 1580/1580/1580 1579/1579/1579
f 1402/1402/1402 1403/1403/1403 1581/1581/1581
f 1402/1402/1402 1581/1581/1581 1580/1580/1580
f 1403/1403/1403 1404/1404/1404 1582/1582/1582
f 1403/1403/1403 1582/1582/1582 1581/1581/1581
f 1404/1404/1404 1405/1405/1405 1583/1583/1583
f 1404/1404/1404 1583/1583/1583 1582/1582/1582
f 1405/1405/1405 1406/1406/1406 1584/1584/1584
f 1405/1405/1405 1584/1584/1584 1583/1583/1583
f 1406/1406/1406 1407/1407/1407 1585/1585/1585
f 1406/1406/1406 1585/1585/1585 1584/1584/1584
f 1407/1407/1407 1408/1408/1408 1586/1586/1586
f 1407/1407/1407 1586/1586/1586 1585/1585/1585
f 1408/1408/1408 1409/1409/1409 1587/1587/1587
f 1408/1408/1408 1587/1587/1587 1586/1586/1586
f 1409/1409/1409 1410/1410/1410 1588/1588/1588
f 1409/1409/1409 1588/1588/1588 1587/1587/1587
f 1410/1410/1410 1411/1411/1411 1589/1589/1589
f 1410/1410/1410 1589/1589/1589 1588/1588/1588
f 1411/1411/1411 1412/1412/1412 1590/1590/1590
f 1411/1411/1411 1590/1590/1590 1589/1589/1589
f 1412/1412/1412 1413/1413/1413 1591/1591/1591
f 1412/1412/1412 1591/1591/1591 1590/1590/1590
f 1413/1413/1413 1414/1414/1414 1592/1592/1592
f 1413/1413/1413 1592/1592/1592 1591/1591/1591
f 1414/1414/1414 1415/1415/1415 1593/1593/1593
f 1414/1414/1414 1593/1593/1593 1592/1592/1592
f 1415/1415/1415 1416/1416/1416 1594/1594/1594
f 1415/1415/1415 1594/1594/1594 1593/1593/1593
f 1416/1416/1416 1417/1417/1417 1595/1595/1595
f 1416/1416/1416 1595/1595/1595 1594/1594/1594
f 1417/1417/1417 1418/1418/1418 1596/1596/1596
f 1417/1417/1417 1596/1596/1596 1595/1595/1595
f 1418/1418/1418 1419/1419/1419 1597/1597/1597
f 1418/1418/1418 1597/1597/1597 1596/1596/1596
f 1419/1419/1419 1420/1420/1420 1598/1598/1598
f 1419/1419/1419 1598/1598/1598 1597/1597/1597
f 1420/1420/1420 1421/1421/1421 1599/1599/1599
f 1420/1420/1420 1599/1599/1599 1598/1598/1598
f 1421/1421/1421 1422/1422/1422 1600/1600/1600
f 1421/1421/1421 1600/1600/1600 1599/1599/1599
f 1422/1422/1422 1423/1423/1423 1601/1601/1601
f 1422/1422/1422 1601/1601/1601 1600/1600/1600
f 1423/1423/1423 1424/1424/1424 1602/1602/1602
f 1423/1423/1423 1602/1602/1602 1601/1601/1601
f 1424/1424/1424 1247/1247/1247 1425/1425/1425
f 1424/1424/1424 1425/1425/1425 1602/1602/1602
f 1425/1425/1425 1426/1426/1426 1604/1604/1604
f 1425/1425/1425 1604/1604/1604 1603/1603/1603
f 1426/1426/1426 1427/1427/1427 1605/1605/1605
f 1426/1426/1426 1605/1605/1605 1604/1604/1604
f 1427/1427/1427 1428/1428/1428 1606/1606/1606
f 1427/1427/1427 1606/1606/1606 1605/1605/1605
f 1428/1428/1428 1429/1429/1429 1607/1607/1607
f 1428/1428/1428 1607/1607/1607 1606/1606/1606
f 1429/1429/1429 1430/1430/1430 1608/1608/1608
f 1429/1429/1429 1608/1608/1608 1607/1607/1607
f 1430/1430/1430 1431/1431/1431 1609/1609/1609
f 1430/1430/1430 1609/1609/1609 1608/1608/1608
f 1431/1431/1431 1432/1432/1432 1610/1610/1610
f 1431/1431/1431 1610/1610/1610 1609/1609/1609
f 1432/1432/1432 1433/1433/1433 1611/1611/1611
f 1432/1432/1432 1611/1611/1611 1610/1610/1610
f 1433/1433/1433 1434/1434/1434 1612/1612/1612
f 1433/1433/1433 1612/1612/1612 1611/1611/1611
f 1434/1434/1434 1435/1435/1435 1613/1613/1613
f 1434/1434/1434 1613/1613/1613 1612/1612/1612
f 1435/1435/1435 1436/1436/1436 1614/1614/1614
f 1435/1435/1435 1614/1614/1614 1613/1613/1613
f 1436/1436/1436 1437/1437/1437 1615/1615/1615
f 1436/1436/1436 1615/1615/1615 1614/1614/1614
f 1437/1437/1437 1438/1438/1438 1616/1616/1616
f 1437/1437/1437 1616/1616/1616 1615/1615/1615
f 1438/1438/1438 1439/1439/1439 1617/1617/1617
f 1438/1438/1438 1617/1617/1617 1616/1616/1616
f 1439/1439/1439 1440/1440/1440 1618/1618/1618
f 1439/1439/1439 1618/1618/1618 1617/1617/1617
f 1440/1440/1440 1441/1441/1441 1619/1619/1619
f 1440/1440/1440 1619/1619/1619 1618/1618/1618
f 1441/1441/1441 1442/1442/1442 1620/1620/1620
f 1441/1441/1441 1620/1620/1620 1619/1619/1619
f 1442/1442/1442 1443/1443/1443 1621/1621/1621
f 1442/1442/1442 1621/1621/1621 1620/1620/1620
f 1443/1443/1443 1444/1444/1444 1622/1622/1622
f 1443/1443/1443 1622/1622/1622 1621/1621/1621
f 1444/1444/1444 1445/1445/1445 1623/1623/1623
f 1444/1444/1444 1623/1623/1623 1622/1622/1622
f 1445/1445/1445 1446/1446/1446 1624/1624/1624
f 1445/1445/1445 1624/1624/1624 1623/1623/1623
f 1446/1446/1446 1447/1447/1447 1625/1625/1625
f 1446/1446/1446 1625/1625/1625 1624/1624/1624
f 1447/1447/1447 1448/1448/1448 1626/1626/1626
f 1447/1447/1447 1626/1626/1626 1625/1625/1625
f 1448/1448/1448 1449/1449/1449 1627/1627/1627
f 1448/1448/1448 1627/1627/1627 1626/1626/1626
f 1449/1449/1449 1450/1450/1450 1628/1628/1628
f 1449/1449/1449 1628/1628/1628 1627/1627/1627
f 1450/1450/1450 1451/1451/1451 1629/1629/1629
f 1450/1450/1450 1629/1629/1629 1628/1628/1628
f 1451/1451/1451 1452/1452/1452 1630/1630/1630
f 1451/1451/1451 1630/1630/1630 1629/1629/1629
f 1452/1452/1452 1453/1453/1453 1631/1631/1631
f 1452/1452/1452 1631/1631/1631 1630/1630/1630
f 1453/1453/1453 1454/1454/1454 1632/1632/1632
f 1453/1453/1453 1632/1632/1632 1631/1631/1631
f 1454/1454/1454 1455/1455/1455 1633/1633/1633
f 1454/1454/1454 1633/1633/1633 1632/1632/1632
f 1455/1455/1455 1456/1456/1456 1634/1634/1634
f 1455/1455/1455 1634/1634/1634 1633/1633/1633
f 1456/1456/1456 1457/1457/1457 1635/1635/1635
f 1456/1456/1456 1635/1635/1635 1634/1634/1634
f 1457/1457/1457 1458/1458/1458 1636/1636/1636
f 1457/1457/1457 1636/1636/1636 1635/1635/1635
f 1458/1458/1458 1459/1459/1459 1637/1637/1637
f 1458/1458/1458 1637/1637/1637 1636/1636/1636
f 1459/1459/1459 1460/1460/1460 1638/1638/1638
f 1459/1459/1459 1638/1638/1638 1637/1637/1637
f 1460/1460/1460 1461/1461/1461 1639/1639/1639
f 1460/1460/1460 1639/1639/1639 1638/1638/1638
f 1461/1461/1461 1462/1462/1462 1640/1640/1640
f 1461/1461/1461 1640/1640/1640 1639/1639/1639
f 1462/1462/1462 1463/1463/1463 1641/1641/1641
f 1462/1462/1462 1641/1641/1641 1640/1640/1640
f 1463/1463/1463 1464/1464/1464 1642/1642/1642
f 1463/1463/1463 1642/1642/1642 1641/1641/1641
f 1464/1464/1464 1465/1465/1465 1643/1643/1643
f 1464/1464/1464 1643/1643/1643 1642/1642/1642
f 1465/1465/1465 1466/1466/1466 1644/1644/1644
f 1465/1465/1465 1644/1644/1644 1643/1643/1643
f 1466/1466/1466 1467/1467/1467 1645/1645/1645
f 1466/1466/1466 1645/1645/1645 1644/1644/1644
f 1467/1467/1467 1468/1468/1468 1646/1646/1646
f 1467/1467/1467 1646/1646/1646 1645/1645/1645
f 1468/1468/1468 1469/1469/1469 1647/1647/1647
f 1468/1468/1468 1647/1647/1647 1646/1646/1646
f 1469/1469/1469 1470/1470/1470 1648/1648/1648
f 1469/1469/1469 1648/1648/1648 1647/1647/1647
f 1470/1470/1470 1471/1471/1471 1649/1649/1649
f 1470/1470/1470 1649/1649/1649 1648/1648/1648
f 1471/1471/1471 1472/1472/1472 1650/1650/1650
f 1471/1471/1471 1650/1650/1650 1649/1649/1649
f 1472/1472/1472 1473/1473/1473 1651/1651/1651
f 1472/1472/1472 1651/1651/1651 1650/1650/1650
f 1473/1473/1473 1474/1474/1474 1652/1652/1652
f 1473/1473/1473 1652/1652/1652 1651/1651/1651
f 1474/1474/1474 1475/1475/1475 1653/1653/1653
f 1474/1474/1474 1653/1653/1653 1652/1652/1652
f 1475/1475/1475 1476/1476/1476 1654/1654/1654
f 1475/1475/1475 1654/1654/1654 1653/1653/1653
f 1476/1476/1476 1477/1477/1477 1655/1655/1655
f 1476/1476/1476 1655/1655/1655 1654/1654/1654
f 1477/1477/1477 1478/1478/1478 1656/1656/1656
f 1477/1477/1477 1656/1656/1656 1655/1655/1655
f 1478/1478/1478 1479/1479/1479 1657/1657/1657
f 1478/1478/1478 1657/1657/1657 1656/1656/1656
f 1479/1479/1479 1480/1480/1480 1658/1658/1658
f 1479/1479/1479 1658/1658/1658 1657/1657/1657
f 1480/1480/1480 1481/1481/1481 1659/1659/1659
f 1480/1480/1480 1659/1659/1659 1658/1658/1658
f 1481/1481/1481 1482/1482/1482 1660/1660/1660
f 1481/1481/1481 1660/1660/1660 1659/1659/1659
f 1482/1482/1482 1483/1483/1483 1661/1661/1661
f 1482/1482/1482 1661/1661/1661 1660/1660/1660
f 1483/1483/1483 1484/1484/1484 1662/1662/1662
f 1483/1483/1483 1662/1662/1662 1661/1661/1661
f 1484/1484/1484 1485/1485/1485 1663/1663/1663
f 1484/1484/1484 1663/1663/1663 1662/1662/1662
f 1485/1485/1485 1486/1486/1486 1664/1664/1664
f 1485/1485/1485 1664/1664/1664 1663/1663/1663
f 1486/1486/1486 1487/1487/1487 1665/1665/1665
f 1486/1486/1486 1665/1665/1665 1664/1664/1664
f 1487/1487/1487 1488/1488/1488 1666/1666/1666
f 1487/1487/1487 1666/1666/1666 1665/1665/1665
f 1488/1488/1488 1489/1489/1489 1667/1667/1667
f 1488/1488/1488 1667/1667/1667 1666/1666/1666
f 1489/1489/1489 1490/1490/1490 1668/1668/1668
f 1489/1489/1489 1668/1668/1668 1667/1667/1667
f 1490/1490/1490 1491/1491/1491 1669/1669/1669
f 1490/1490/1490 1669/1669/1669 1668/1668/1668
f 1491/1491/1491 1492/1492/1492 1670/1670/1670
f 1491/1491/1491 1670/1670/1670 1669/1669/1669
f 1492/1492/1492 1493/1493/1493 1671/1671/1671
f 1492/1492/1492 1671/1671/1671 1670/1670/1670
f 1493/1493/1493 1494/1494/1494 1672/1672/1672
f 1493/1493/1493 1672/1672/1672 1671/1671/1671
f 1494/1494/1494 1495/1495/1495 1673/1673/1673
f 1494/1494/1494 1673/1673/1673 1672/1672/1672
f 1495/1495/1495 1496/1496/1496 1674/1674/1674
f 1495/1495/1495 1674/1674/1674 1673/1673/1673
f 1496/1496/1496 1497/1497/1497 1675/1675/1675
f 1496/1496/1496 1675/1675/1675 1674/1674/1674
f 1497/1497/1497 1498/1498/1498 1676/1676/1676
f 1497/1497/1497 1676/1676/1676 1675/1675/1675
f 1498/1498/1498 1499/1499/1499 1677/1677/1677
f 1498/1498/1498 1677/1677/1677 1676/1676/1676
f 1499/1499/1499 1500/1500/1500 1678/1678/1678
f 1499/1499/1499 1678/1678/1678 1677/1677/1677
f 1500/1500/1500 1501/1501/1501 1679/1679/1679
f 1500/1500/1500 1679/1679/1679 1678/1678/1678
f 1501/1501/1501 1502/1502/1502 1680/1680/1680
f 1501/1501/1501 1680/1680/1680 1679/1679/1679
f 1502/1502/1502 1503/1503/1503 1681/1681/1681
f 1502/1502/1502 1681/1681/1681 1680/1680/1680
f 1503/1503/1503 1504/1504/1504 1682/1682/1682
f 1503/1503/1503 1682/1682/1682 1681/1681/1681
f 1504/1504/1504 1505/1505/1505 1683/1683/1683
f 1504/1504/1504 1683/1683/1683 1682/1682/1682
f 1505/1505/1505 1506/1506/1506 1684/1684/1684
f 1505/1505/1505 1684/1684/1684 1683/1683/1683
f 1506/1506/1506 1507/1507/1507 1685/1685/1685
f 1506/1506/1506 1685/1685/1685 1684/1684/1684
f 1507/1507/1507 1508/1508/1508 1686/1686/1686
f 1507/1507/1507 1686/1686/1686 1685/1685/1685
f 1508/1508/1508 1509/1509/1509 1687/1687/1687
f 1508/1508/1508 1687/1687/1687 1686/1686/1686
f 1509/1509/1509 1510/1510/1510 1688/1688/1688
f 1509/1509/1509 1688/1688/1688 1687/1687/1687
f 1510/1510/1510 1511/1511/1511 1689/1689/1689
f 1510/1510/1510 1689/1689/1689 1688/1688/1688
f 1511/1511/1511 1512/1512/1512 1690/1690/1690
f 1511/1511/1511 1690/1690/1690 1689/1689/1689
f 1512/1512/1512 1513/1513/1513 1691/1691/1691
f 1512/1512/1512 1691/1691/1691 1690/1690/1690
f 1513/1513/1513 1514/1514/1514 1692/1692/1692
f 1513/1513/1513 1692/1692/1692 1691/1691/1691
f 1514/1514/1514 1515/1515/1515 1693/1693/1693
f 1514/1514/1514 1693/1693/1693 1692/1692/1692
f 1515/1515/1515 1516/1516/1516 1694/1694/1694
f 1515/1515/1515 1694/1694/1694 1693/1693/1693
f 1516/1516/1516 1517/1517/1517 1695/1695/1695
f 1516/1516/1516 1695/1695/1695 1694/1694/1694
f 1517/1517/1517 1518/1518/1518 1696/1696/1696
f 1517/1517/1517 1696/1696/1696 1695/1695/1695
f 1518/1518/1518 1519/1519/1519 1697/1697/1697
f 1518/1518/1518 1697/1697/1697 1696/1696/1696
f 1519/1519/1519 1520/1520/1520 1698/1698/1698
f 1519/1519/1519 1698/1698/1698 1697/1697/1697
f 1520/1520/1520 1521/1521/1521 1699/1699/1699
f 1520/1520/1520 1699/1699/1699 1698/1698/1698
f 1521/1521/1521 1522/1522/1522 1700/1700/1700
f 1521/1521/1521 1700/1700/1700 1699/1699/1699
f 1522/1522/1522 1523/1523/1523 1701/1701/1701
f 1522/1522/1522 1701/1701/1701 1700/1700/1700
f 1523/1523/1523 1524/1524/1524 1702/1702/1702
f 1523/1523/1523 1702/1702/1702 1701/1701/1701
f 1524/1524/1524 1525/1525/1525 1703/1703/1703
f 1524/1524/1524 1703/1703/1703 1702/1702/1702
f 1525/1525/1525 1526/1526/1526 1704/1704/1704
f 1525/1525/1525 1704/1704/1704 1703/1703/1703
f 1526/1526/1526 1527/1527/1527 1705/1705/1705
f 1526/1526/1526 1705/1705/1705 1704/1704/1704
f 1527/1527/1527 1528/1528/1528 1706/1706/1706
f 1527/1527/1527 1706/1706/1706 1705/1705/1705
f 1528/1528/1528 1529/1529/1529 1707/1707/1707
f 1528/1528/1528 1707/1707/1707 1706/1706/1706
f 1529/1529/1529 1530/1530/1530 1708/1708/1708
f 1529/1529/1529 1708/1708/1708 1707/1707/1707
f 1530/1530/1530 1531/1531/1531 1709/1709/1709
f 1530/1530/1530 1709/1709/1709 1708/1708/1708
f 1531/1531/1531 1532/1532/1532 1710/1710/1710
f 1531/1531/1531 1710/1710/1710 1709/1709/1709
f 1532/1532/1532 1533/1533/1533 1711/1711/1711
f 1532/1532/1532 1711/1711/1711 1710/1710/1710
f 1533/1533/1533 1534/1534/1534 1712/1712/1712
f 1533/1533/1533 1712/1712/1712 1711/1711/1711
f 1534/1534/1534 1535/1535/1535 1713/1713/1713
f 1534/1534/1534 1713/1713/1713 1712/1712/1712
f 1535/1535/1535 1536/1536/1536 1714/1714/1714
f 1535/1535/1535 1714/1714/1714 1713/1713/1713
f 1536/1536/1536 1537/1537/1537 1715/1715/1715
f 1536/1536/1536 1715/1715/1715 1714/1714/1714
f 1537/1537/1537 1538/1538/1538 1716/1716/1716
f 1537/1537/1537 1716/1716/1716 1715/1715/1715
f 1538/1538/1538 1539/1539/1539 1717/1717/1717
f 1538/1538/1538 1717/1717/1717 1716/1716/1716
f 1539/1539/1539 1540/1540/1540 1718/1718/1718
f 1539/1539/1539 1718/1718/1718 1717/1717/1717
f 1540/1540/1540 1541/1541/1541 1719/1719/1719
f 1540/1540/1540 1719/1719/1719 1718/1718/1718
f 1541/1541/1541 1542/1542/1542 1720/1720/1720
f 1541/1541/1541 1720/1720/1720 1719/1719/1719
f 1542/1542/1542 1543/1543/1543 1721/1721/1721
f 1542/1542/1542 1721/1721/1721 1720/1720/1720
f 1543/1543/1543 1544/1544/1544 1722/1722/1722
f 1543/1543/1543 1722/1722/1722 1721/1721/1721
f 1544/1544/1544 1545/1545/1545 1723/1723/1723
f 1544/1544/1544 1723/1723/1723 1722/1722/1722
f 1545/1545/1545 1546/1546/1546 1724/1724/1724
f 1545/1545/1545 1724/1724/1724 1723/1723/1723
f 1546/1546/1546 1547/1547/1547 1725/1725/1725
f 1546/1546/1546 1725/1725/1725 1724/1724/1724
f 1547/1547/1547 1548/1548/1548 1726/1726/1726
f 1547/1547/1547 1726/1726/1726 1725/1725/1725
f 1548/1548/1548 1549/1549/1549 1727/1727/1727
f 1548/1548/1548 1727/1727/1727 1726/1726/1726
f 1549/1549/1549 1550/1550/1550 1728/1728/1728
f 1549/1549/1549 1728/1728/1728 1727/1727/1727
f 1550/1550/1550 1551/1551/1551 1729/1729/1729
f 1550/1550/1550 1729/1729/1729 1728/1728/1728
f 1551/1551/1551 1552/1552/1552 1730/1730/1730
f 1551/1551/1551 1730/1730/1730 1729/1729/1729
f 1552/1552/1552 1553/1553/1553 1731/1731/1731
f 1552/1552/1552 1731/1731/1731 1730/1730/1730
f 1553/1553/1553 1554/1554/1554 1732/1732/1732
f 1553/1553/1553 1732/1732/1732 1731/1731/1731
f 1554/1554/1554 1555/1555/1555 1733/1733/1733
f 1554/1554/1554 1733/1733/1733 1732/1732/1732
f 1555/1555/1555 1556/1556/1556 1734/1734/1734
f 1555/1555/1555 1734/1734/1734 1733/1733/1733
f 1556/1556/1556 1557/1557/1557 1735/1735/1735
f 1556/1556/1556 1735/1735/1735 1734/1734/1734
f 1557/1557/1557 1558/1558/1558 1736/1736/1736
f 1557/1557/1557 1736/1736/1736 1735/1735/1735
f 1558/1558/1558 1559/1559/1559 1737/1737/1737
f 1558/1558/1558 1737/1737/1737 1736/1736/1736
f 1559/1559/1559 1560/1560/1560 1738/1738/1738
f 1559/1559/1559 1738/1738/1738 1737/1737/1737
f 1560/1560/1560 1561/1561/1561 1739/1739/1739
f 1560/1560/1560 1739/1739/1739 1738/1738/1738
f 1561/1561/1561 1562/1562/1562 1740/1740/1740
f 1561/1561/1561 1740/1740/1740 1739/1739/1739
f 1562/1562/1562 1563/1563/1563 1741/1741/1741
f 1562/1562/1562 1741/1741/1741 1740/1740/1740
f 1563/1563/1563 1564/1564/1564 1742/1742/1742
f 1563/1563/1563 1742/1742/1742 1741/1741/1741
f 1564/1564/1564 1565/1565/1565 1743/1743/1743
f 1564/1564/1564 1743/1743/1743 1742/1742/1742
f 1565/1565/1565 1566/1566/1566 1744/1744/1744
f 1565/1565/1565 1744/1744/1744 1743/1743/1743
f 1566/1566/1566 1567/1567/1567 1745/1745/1745
f 1566/1566/1566 1745/1745/1745 1744/1744/1744
f 1567/1567/1567 1568/1568/1568 1746/1746/1746
f 1567/1567/1567 1746/1746/1746 1745/1745/1745
f 1568/1568/1568 1569/1569/1569 1747/1747/1747
f 1568/1568/1568 1747/1747/1747 1746/1746/1746
f 1569/1569/1569 1570/1570/1570 1748/1748/1748
f 1569/1569/1569 1748/1748/1748 1747/1747/1747
f 1570/1570/1570 1571/1571/1571 1749/1749/1749
f 1570/1570/1570 1749/1749/1749 1748/1748/1748
f 1571/1571/1571 1572/1572/1572 1750/1750/1750
f 1571/1571/1571 1750/1750/1750 1749/1749/1749
f 1572/1572/1572 1573/1573/1573 1751/1751/1751
f 1572/1572/1572 1751/1751/1751 1750/1750/1750
f 1573/1573/1573 1574/1574/1574 1752/1752/1752
f 1573/1573/1573 1752/1752/1752 1751/1751/1751
f 1574/1574/1574 1575/1575/1575 1753/1753/1753
f 1574/1574/1574 1753/1753/1753 1752/1752/1752
f 1575/1575/1575 1576/1576/1576 1754/1754/1754
f 1575/1575/1575 1754/1754/1754 1753/1753/1753
f 1576/1576/1576 1577/1577/1577 1755/1755/1755
f 1576/1576/1576 1755/1755/1755 1754/1754/1754
f 1577/1577/1577 1578/1578/1578 1756/1756/1756
f 1577/1577/1577 1756/1756/1756 1755/1755/1755
f 1578/1578/1578 1579/1579/1579 1757/1757/1757
f 1578/1578/1578 1757/1757/1757 1756/1756/1756
f 1579/1579/1579 1580/1580/1580 1758/1758/1758
f 1579/1579/1579 1758/1758/1758 1757/1757/1757
f 1580/1580/1580 1581/1581/1581 1759/1759/1759
f 1580/1580/1580 1759/1759/1759 1758/1758/1758
f 1581/1581/1581 1582/1582/1582 1760/1760/1760
f 1581/1581/1581 1760/1760/1760 1759/1759/1759
f 1582/1582/1582 1583/1583/1583 1761/1761/1761
f 1582/1582/1582 1761/1761/1761 1760/1760/1760
f 1583/1583/1583 1584/1584/1584 1762/1762/1762
f 1583/1583/1583 1762/1762/1762 1761/1761/1761
f 1584/1584/1584 1585/1585/1585 1763/1763/1763
f 1584/1584/1584 1763/1763/1763 1762/1762/1762
f 1585/1585/1585 1586/1586/1586 1764/1764/1764
f 1585/1585/1585 1764/1764/1764 1763/1763/1763
f 1586/1586/1586 1587/1587/1587 1765/1765/1765
f 1586/1586/1586 1765/1765/1765 1764/1764/1764
f 1587/1587/1587 1588/1588/1588 1766/1766/1766
f 1587/1587/1587 1766/1766/1766 1765/1765/1765
f 1588/1588/1588 1589/1589/1589 1767/1767/1767
f 1588/1588/1588 1767/1767/1767 1766/1766/1766
f 1589/1589/1589 1590/1590/1590 1768/1768/1768
f 1589/1589/1589 1768/1768/1768 1767/1767/1767
f 1590/1590/1590 1591/1591/1591 1769/1769/1769
f 1590/1590/1590 1769/1769/1769 1768/1768/1768
f 1591/1591/1591 1592/1592/1592 1770/1770/1770
f 1591/1591/1591 1770/1770/1770 1769/1769/1769
f 1592/1592/1592 1593/1593/1593 1771/1771/1771
f 1592/1592/1592 1771/1771/1771 1770/1770/1770
f 1593/1593/1593 1594/1594/1594 1772/1772/1772
f 1593/1593/1593 1772/1772/1772 1771/1771/1771
f 1594/1594/1594 1595/1595/1595 1773/1773/1773
f 1594/1594/1594 1773/1773/1773 1772/1772/1772
f 1595/1595/1595 1596/1596/1596 1774/1774/1774
f 1595/1595/1595 1774/1774/1774 1773/1773/1773
f 1596/1596/1596 1597/1597/1597 1775/1775/1775
f 1596/1596/1596 1775/1775/1775 1774/1774/1774
f 1597/1597/1597 1598/1598/1598 1776/1776/1776
f 1597/1597/1597 1776/1776/1776 1775/1775/1775
f 1598/1598/1598 1599/1599/1599 1777/1777/1777
f 1598/1598/1598 1777/1777/1777 1776/1776/1776
f 1599/1599/1599 1600/1600/1600 1778/1778/1778
f 1599/1599/1599 1778/1778/1778 1777/1777/1777
f 1600/1600/1600 1601/1601/1601 1779/1779/1779
f 1600/1600/1600 1779/1779/1779 1778/1778/1778
f 1601/1601/1601 1602/1602/1602 1780/1780/1780
f 1601/1601/1601 1780/1780/1780 1779/1779/1779
f 1602/1602/1602 1425/1425/1425 1603/1603/1603
f 1602/1602/1602 1603/1603/1603 1780/1780/1780
f 1603/1603/1603 1604/1604/1604 1782/1782/1782
f 1603/1603/1603 1782/1782/1782 1781/1781/1781
f 1604/1604/1604 1605/1605/1605 1783/1783/1783
f 1604/1604/1604 1783/1783/1783 1782/1782/1782
f 1605/1605/1605 1606/1606/1606 1784/1784/1784
f 1605/1605/1605 1784/1784/1784 1783/1783/1783
f 1606/1606/1606 1607/1607/1607 1785/1785/1785
f 1606/1606/1606 1785/1785/1785 1784/1784/1784
f 1607/1607/1607 1608/1608/1608 1786/1786/1786
f 1607/1607/1607 1786/1786/1786 1785/1785/1785
f 1608/1608/1608 1609/1609/1609 1787/1787/1787
f 1608/1608/1608 1787/1787/1787 1786/1786/1786
f 1609/1609/1609 1610/1610/1610 1788/1788/1788
f 1609/1609/1609 1788/1788/1788 1787/1787/1787
f 1610/1610/1610 1611/1611/1611 1789/1789/1789
f 1610/1610/1610 1789/1789/1789 1788/1788/1788
f 1611/1611/1611 1612/1612/1612 1790/1790/1790
f 1611/1611/1611 1790/1790/1790 1789/1789/1789
f 1612/1612/1612 1613/1613/1613 1791/1791/1791
f 1612/1612/1612 1791/1791/1791 1790/1790/1790
f 1613/1613/1613 1614/1614/1614 1792/1792/1792
f 1613/1613/1613 1792/1792/1792 1791/1791/1791
f 1614/1614/1614 1615/1615/1615 1793/1793/1793
f 1614/1614/1614 1793/1793/1793 1792/1792/1792
f 1615/1615/1615 1616/1616/1616 1794/1794/1794
f 1615/1615/1615 1794/1794/1794 1793/1793/1793
f 1616/1616/1616 1617/1617/1617 1795/1795/1795
f 1616/1616/1616 1795/1795/1795 1794/1794/1794
f 1617/1617/1617 1618/1618/1618 1796/1796/1796
f 1617/1617/1617 1796/1796/1796 1795/1795/1795
f 1618/1618/1618 1619/1619/1619 1797/1797/1797
f 1618/1618/1618 1797/1797/1797 1796/1796/1796
f 1619/1619/1619 1620/1620/1620 1798/1798/1798
f 1619/1619/1619 1798/1798/1798 1797/1797/1797
f 1620/1620/1620 1621/1621/1621 1799/1799/1799
f 1620/1620/1620 1799/1799/1799 1798/1798/1798
f 1621/1621/1621 1622/1622/1622 1800/1800/1800
f 1621/1621/1621 1800/1800/1800 1799/1799/1799
f 1622/1622/1622 1623/1623/1623 1801/1801/1801
f 1622/1622/1622 1801/1801/1801 1800/1800/1800
f 1623/1623/1623 1624/1624/1624 1802/1802/1802
f 1623/1623/1623 1802/1802/1802 1801/1801/1801
f 1624/1624/1624 1625/1625/1625 1803/1803/1803
f 1624/1624/1624 1803/1803/1803 1802/1802/1802
f 1625/1625/1625 1626/1626/1626 1804/1804/1804
f 1625/1625/1625 1804/1804/1804 1803/1803/1803
f 1626/1626/1626 1627/1627/1627 1805/1805/1805
f 1626/1626/1626 1805/1805/1805 1804/1804/1804
f 1627/1627/1627 1628/1628/1628 1806/1806/1806
f 1627/1627/1627 1806/1806/1806 1805/1805/1805
f 1628/1628/1628 1629/1629/1629 1807/1807/1807
f 1628/1628/1628 1807/1807/1807 1806/1806/1806
f 1629/1629/1629 1630/1630/1630 1808/1808/1808
f 1629/1629/1629 1808/1808/1808 1807/1807/1807
f 1630/1630/1630 1631/1631/1631 1809/1809/1809
f 1630/1630/1630 1809/1809/1809 1808/1808/1808
f 1631/1631/1631 1632/1632/1632 1810/1810/1810
f 1631/1631/1631 1810/1810/1810 1809/1809/1809
f 1632/1632/1632 1633/1633/1633 1811/1811/1811
f 1632/1632/1632 1811/1811/1811 1810/1810/1810
f 1633/1633/1633 1634/1634/1634 1812/1812/1812
f 1633/1633/1633 1812/1812/1812 1811/1811/1811
f 1634/1634/1634 1635/1635/1635 1813/1813/1813
f 1634/1634/1634 1813/1813/1813 1812/1812/1812
f 1635/1635/1635 1636/1636/1636 1814/1814/1814
f 1635/1635/1635 1814/1814/1814 1813/1813/1813
f 1636/1636/1636 1637/1637/1637 1815/1815/1815
f 1636/1636/1636 1815/1815/1815 1814/1814/1814
f 1637/1637/1637 1638/1638/1638 1816/1816/1816
f 1637/1637/1637 1816/1816/1816 1815/1815/1815
f 1638/1638/1638 1639/1639/1639 1817/1817/1817
f 1638/1638/1638 1817/1817/1817 1816/1816/1816
f 1639/1639/1639 1640/1640/1640 1818/1818/1818
f 1639/1639/1639 1818/1818/1818 1817/1817/1817
f 1640/1640/1640 1641/1641/1641 1819/1819/1819
f 1640/1640/1640 1819/1819/1819 1818/1818/1818
f 1641/1641/1641 1642/1642/1642 1820/1820/1820
f 1641/1641/1641 1820/1820/1820 1819/1819/1819
f 1642/1642/1642 1643/1643/1643 1821/1821/1821
f 1642/1642/1642 1821/1821/1821 1820/1820/1820
f 1643/1643/1643 1644/1644/1644 1822/1822/1822
f 1643/1643/1643 1822/1822/1822 1821/1821/1821
f 1644/1644/1644 1645/1645/1645 1823/1823/1823
f 1644/1644/1644 1823/1823/1823 1822/1822/1822
f 1645/1645/1645 1646/1646/1646 1824/1824/1824
f 1645/1645/1645 1824/1824/1824 1823/1823/1823
f 1646/1646/1646 1647/1647/1647 1825/1825/1825
f 1646/1646/1646 1825/1825/1825 1824/1824/1824
f 1647/1647/1647 1648/1648/1648 1826/1826/1826
f 1647/1647/1647 1826/1826/1826 1825/1825/1825
f 1648/1648/1648 1649/1649/1649 1827/1827/1827
f 1648/1648/1648 1827/1827/1827 1826/1826/1826
f 1649/1649/1649 1650/1650/1650 1828/1828/1828
f 1649/1649/1649 1828/1828/1828 1827/1827/1827
f 1650/1650/1650 1651/1651/1651 1829/1829/1829
f 1650/1650/1650 1829/1829/1829 1828/1828/1828
f 1651/1651/1651 1652/1652/1652 1830/1830/1830
f 1651/1651/1651 1830/1830/1830 1829/1829/1829
f 1652/1652/1652 1653/1653/1653 1831/1831/1831
f 1652/1652/1652 1831/1831/1831 1830/1830/1830
f 1653/1653/1653 1654/1654/1654 1832/1832/1832
f 1653/1653/1653 1832/1832/1832 1831/1831/1831
f 1654/1654/1654 1655/1655/1655 1833/1833/1833
f 1654/1654/1654 1833/1833/1833 1832/1832/1832
f 1655/1655/1655 1656/1656/1656 1834/1834/1834
f 1655/1655/1655 1834/1834/1834 1833/1833/1833
f 1656/1656/1656 1657/1657/1657 1835/1835/1835
f 1656/1656/1656 1835/1835/1835 1834/1834/1834
f 1657/1657/1657 1658/1658/1658 1836/1836/1836
f 1657/1657/1657 1836/1836/1836 1835/1835/1835
f 1658/1658/1658 1659/1659/1659 1837/1837/1837
f 1658/1658/1658 1837/1837/1837 1836/1836/1836
f 1659/1659/1659 1660/1660/1660 1838/1838/1838
f 1659/1659/1659 1838/1838/1838 1837/1837/1837
f 1660/1660/1660 1661/1661/1661 1839/1839/1839
f 1660/1660/1660 1839/1839/1839 1838/1838/1838
f 1661/1661/1661 1662/1662/1662 1840/1840/1840
f 1661/1661/1661 1840/1840/1840 1839/1839/1839
f 1662/1662/1662 1663/1663/1663 1841/1841/1841
f 1662/1662/1662 1841/1841/1841 1840/1840/1840
f 1663/1663/1663 1664/1664/1664 1842/1842/1842
f 1663/1663/1663 1842/1842/1842 1841/1841/1841
f 1664/1664/1664 1665/1665/1665 1843/1843/1843
f 1664/1664/1664 1843/1843/1843 1842/1842/1842
f 1665/1665/1665 1666/1666/1666 1844/1844/1844
f 1665/1665/1665 1844/1844/1844 1843/1843/1843
f 1666/1666/1666 1667/1667/1667 1845/1845/1845
f 1666/1666/1666 1845/1845/1845 1844/1844/1844
f 1667/1667/1667 1668/1668/1668 1846/1846/1846
f 1667/1667/1667 1846/1846/1846 1845/1845/1845
f 1668/1668/1668 1669/1669/1669 1847/1847/1847
f 1668/1668/1668 1847/1847/1847 1846/1846/1846
f 1669/1669/1669 1670/1670/1670 1848/1848/1848
f 1669/1669/1669 1848/1848/1848 1847/1847/1847
f 1670/1670/1670 1671/1671/1671 1849/1849/1849
f 1670/1670/1670 1849/1849/1849 1848/1848/1848
f 1671/1671/1671 1672/1672/1672 1850/1850/1850
f 1671/1671/1671 1850/1850/1850 1849/1849/1849
f 1672/1672/1672 1673/1673/1673 1851/1851/1851
f 1672/1672/1672 1851/1851/1851 1850/1850/1850
f 1673/1673/1673 1674/1674/1674 1852/1852/1852
f 1673/1673/1673 1852/1852/1852 1851/1851/1851
f 1674/1674/1674 1675/1675/1675 1853/1853/1853
f 1674/1674/1674 1853/1853/1853 1852/1852/1852
f 1675/1675/1675 1676/1676/1676 1854/1854/1854
f 1675/1675/1675 1854/1854/1854 1853/1853/1853
f 1676/1676/1676 1677/1677/1677 1855/1855/1855
f 1676/1676/1676 1855/1855/1855 1854/1854/1854
f 1677/1677/1677 1678/1678/1678 1856/1856/1856
f 1677/1677/1677 1856/1856/1856 1855/1855/1855
f 1678/1678/1678 1679/1679/1679 1857/1857/1857
f 1678/1678/1678 1857/1857/1857 1856/1856/1856
f 1679/1679/1679 1680/1680/1680 1858/1858/1858
f 1679/1679/1679 1858/1858/1858 1857/1857/1857
f 1680/1680/1680 1681/1681/1681 1859/1859/1859
f 1680/1680/1680 1859/1859/1859 1858/1858/1858
f 1681/1681/1681 1682/1682/1682 1860/1860/1860
f 1681/1681/1681 1860/1860/1860 1859/1859/1859
f 1682/1682/1682 1683/1683/1683 1861/1861/1861
f 1682/1682/1682 1861/1861/1861 1860/1860/1860
f 1683/1683/1683 1684/1684/1684 1862/1862/1862
f 1683/1683/1683 1862/1862/1862 1861/1861/1861
f 1684/1684/1684 1685/1685/1685 1863/1863/1863
f 1684/1684/1684 1863/1863/1863 1862/1862/1862
f 1685/1685/1685 1686/1686/1686 1864/1864/1864
f 1685/1685/1685 1864/1864/1864 1863/1863/1863
f 1686/1686/1686 1687/1687/1687 1865/1865/1865
f 1686/1686/1686 1865/1865/1865 1864/1864/1864
f 1687/1687/1687 1688/1688/1688 1866/1866/1866
f 1687/1687/1687 1866/1866/1866 1865/1865/1865
f 1688/1688/1688 1689/1689/1689 1867/1867/1867
f 1688/1688/1688 1867/1867/1867 1866/1866/1866
f 1689/1689/1689 1690/1690/1690 1868/1868/1868
f 1689/1689/1689 1868/1868/1868 1867/1867/1867
f 1690/1690/1690 1691/1691/1691 1869/1869/1869
f 1690/1690/1690 1869/1869/1869 1868/1868/1868
f 1691/1691/1691 1692/1692/1692 1870/1870/1870
f 1691/1691/1691 1870/1870/1870 1869/1869/1869
f 1692/1692/1692 1693/1693/1693 1871/1871/1871
f 1692/1692/1692 1871/1871/1871 1870/1870/1870
f 1693/1693/1693 1694/1694/1694 1872/1872/1872
f 1693/1693/1693 1872/1872/1872 1871/1871/1871
f 1694/1694/1694 1695/1695/1695 1873/1873/1873
f 1694/1694/1694 1873/1873/1873 1872/1872/1872
f 1695/1695/1695 1696/1696/1696 1874/1874/1874
f 1695/1695/1695 1874/1874/1874 1873/1873/1873
f 1696/1696/1696 1697/1697/1697 1875/1875/1875
f 1696/1696/1696 1875/1875/1875 1874/1874/1874
f 1697/1697/1697 1698/1698/1698 1876/1876/1876
f 1697/1697/1697 1876/1876/1876 1875/1875/1875
f 1698/1698/1698 1699/1699/1699 1877/1877/1877
f 1698/1698/1698 1877/1877/1877 1876/1876/1876
f 1699/1699/1699 1700/1700/1700 1878/1878/1878
f 1699/1699/1699 1878/1878/1878 1877/1877/1877
f 1700/1700/1700 1701/1701/1701 1879/1879/1879
f 1700/1700/1700 1879/1879/1879 1878/1878/1878
f 1701/1701/1701 1702/1702/1702 1880/1880/1880
f 1701/1701/1701 1880/1880/1880 1879/1879/1879
f 1702/1702/1702 1703/1703/1703 1881/1881/1881
f 1702/1702/1702 1881/1881/1881 1880/1880/1880
f 1703/1703/1703 1704/1704/1704 1882/1882/1882
f 1703/1703/1703 1882/1882/1882 1881/1881/1881
f 1704/1704/1704 1705/1705/1705 1883/1883/1883
f 1704/1704/1704 1883/1883/1883 1882/1882/1882
f 1705/1705/1705 1706/1706/1706 1884/1884/1884
f 1705/1705/1705 1884/1884/1884 1883/1883/1883
f 1706/1706/1706 1707/1707/1707 1885/1885/1885
f 1706/1706/1706 1885/1885/1885 1884/1884/1884
f 1707/1707/1707 1708/1708/1708 1886/1886/1886
f 1707/1707/1707 1886/1886/1886 1885/1885/1885
f 1708/1708/1708 1709/1709/1709 1887/1887/1887
f 1708/1708/1708 1887/1887/1887 1886/1886/1886
f 1709/1709/1709 1710/1710/1710 1888/1888/1888
f 1709/1709/1709 1888/1888/1888 1887/1887/1887
f 1710/1710/1710 1711/1711/1711 1889/1889/1889
f 1710/1710/1710 1889/1889/1889 1888/1888/1888
f 1711/1711/1711 1712/1712/1712 1890/1890/1890
f 1711/1711/1711 1890/1890/1890 1889/1889/1889
f 1712/1712/1712 1713/1713/1713 1891/1891/1891
f 1712/1712/1712 1891/1891/1891 1890/1890/1890
f 1713/1713/1713 1714/1714/1714 1892/1892/1892
f 1713/1713/1713 1892/1892/1892 1891/1891/1891
f 1714/1714/1714 1715/1715/1715 1893/1893/1893
f 1714/1714/1714 1893/1893/1893 1892/1892/1892
f 1715/1715/1715 1716/1716/1716 1894/1894/1894
f 1715/1715/1715 1894/1894/1894 1893/1893/1893
f 1716/1716/1716 1717/1717/1717 1895/1895/1895
f 1716/1716/1716 1895/1895/1895 1894/1894/1894
f 1717/1717/1717 1718/1718/1718 1896/1896/1896
f 1717/1717/1717 1896/1896/1896 1895/1895/1895
f 1718/1718/1718 1719/1719/1719 1897/1897/1897
f 1718/1718/1718 1897/1897/1897 1896/1896/1896
f 1719/1719/1719 1720/1720/1720 1898/1898/1898
f 1719/1719/1719 1898/1898/1898 1897/1897/1897
f 1720/1720/1720 1721/1721/1721 1899/1899/1899
f 1720/1720/1720 1899/1899/1899 1898/1898/1898
f 1721/1721/1721 1722/1722/1722 1900/1900/1900
f 1721/1721/1721 1900/1900/1900 1899/1899/1899
f 1722/1722/1722 1723/1723/1723 1901/1901/1901
f 1722/1722/1722 1901/1901/1901 1900/1900/1900
f 1723/1723/1723 1724/1724/1724 1902/1902/1902
f 1723/1723/1723 1902/1902/1902 1901/1901/1901
f 1724/1724/1724 1725/1725/1725 1903/1903/1903
f 1724/1724/1724 1903/1903/1903 1902/1902/1902
f 1725/1725/1725 1726/1726/1726 1904/1904/1904
f 1725/1725/1725 1904/1904/1904 1903/1903/1903
f 1726/1726/1726 1727/1727/1727 1905/1905/1905
f 1726/1726/1726 1905/1905/1905 1904/1904/1904
f 1727/1727/1727 1728/1728/1728 1906/1906/1906
f 1727/1727/1727 1906/1906/1906 1905/1905/1905
f 1728/1728/1728 1729/1729/1729 1907/1907/1907
f 1728/1728/1728 1907/1907/1907 1906/1906/1906
f 1729/1729/1729 1730/1730/1730 1908/1908/1908
f 1729/1729/1729 1908/1908/1908 1907/1907/1907
f 1730/1730/1730 1731/1731/1731 1909/1909/1909
f 1730/1730/1730 1909/1909/1909 1908/1908/1908
f 1731/1731/1731 1732/1732/1732 1910/1910/1910
f 1731/1731/1731 1910/1910/1910 1909/1909/1909
f 1732/1732/1732 1733/1733/1733 1911/1911/1911
f 1732/1732/1732 1911/1911/1911 1910/1910/1910
f 1733/1733/1733 1734/1734/1734 1912/1912/1912
f 1733/1733/1733 1912/1912/1912 1911/1911/1911
f 1734/1734/1734 1735/1735/1735 1913/1913/1913
f 1734/1734/1734 1913/1913/1913 1912/1912/1912
f 1735/1735/1735 1736/1736/1736 1914/1914/1914
f 1735/1735/1735 1914/1914/1914 1913/1913/1913
f 1736/1736/1736 1737/1737/1737 1915/1915/1915
f 1736/1736/1736 1915/1915/1915 1914/1914/1914
f 1737/1737/1737 1738/1738/1738 1916/1916/1916
f 1737/1737/1737 1916/1916/1916 1915/1915/1915
f 1738/1738/1738 1739/1739/1739 1917/1917/1917
f 1738/1738/1738 1917/1917/1917 1916/1916/1916
f 1739/1739/1739 1740/1740/1740 1918/1918/1918
f 1739/1739/1739 1918/1918/1918 1917/1917/1917
f 1740/1740/1740 1741/1741/1741 1919/1919/1919
f 1740/1740/1740 1919/1919/1919 1918/1918/1918
f 1741/1741/1741 1742/1742/1742 1920/1920/1920
f 1741/1741/1741 1920/1920/1920 1919/1919/1919
f 1742/1742/1742 1743/1743/1743 1921/1921/1921
f 1742/1742/1742 1921/1921/1921 1920/1920/1920
f 1743/1743/1743 1744/1744/1744 1922/1922/1922
f 1743/1743/1743 1922/1922/1922 1921/1921/1921
f 1744/1744/1744 1745/1745/1745 1923/1923/1923
f 1744/1744/1744 1923/1923/1923 1922/1922/1922
f 1745/1745/1745 1746/1746/1746 1924/1924/1924
f 1745/1745/1745 1924/1924/1924 1923/1923/1923
f 1746/1746/1746 1747/1747/1747 1925/1925/1925
f 1746/1746/1746 1925/1925/1925 1924/1924/1924
f 1747/1747/1747 1748/1748/1748 1926/1926/1926
f 1747/1747/1747 1926/1926/1926 1925/1925/1925
f 1748/1748/1748 1749/1749/1749 1927/1927/1927
f 1748/1748/1748 1927/1927/1927 1926/1926/1926
f 1749/1749/1749 1750/1750/1750 1928/1928/1928
f 1749/1749/1749 1928/1928/1928 1927/1927/1927
f 1750/1750/1750 1751/1751/1751 1929/1929/1929
f 1750/1750/1750 1929/1929/1929 1928/1928/1928
f 1751/1751/1751 1752/1752/1752 1930/1930/1930
f 1751/1751/1751 1930/1930/1930 1929/1929/1929
f 1752/1752/1752 1753/1753/1753 1931/1931/1931
f 1752/1752/1752 1931/1931/1931 1930/1930/1930
f 1753/1753/1753 1754/1754/1754 1932/1932/1932
f 1753/1753/1753 1932/1932/1932 1931/1931/1931
f 1754/1754/1754 1755/1755/1755 1933/1933/1933
f 1754/1754/1754 1933/1933/1933 1932/1932/1932
f 1755/1755/1755 1756/1756/1756 1934/1934/1934
f 1755/1755/1755 1934/1934/1934 1933/1933/1933
f 1756/1756/1756 1757/1757/1757 1935/1935/1935
f 1756/1756/1756 1935/1935/1935 1934/1934/1934
f 1757/1757/1757 1758/1758/1758 1936/1936/1936
f 1757/1757/1757 1936/1936/1936 1935/1935/1935
f 1758/1758/1758 1759/1759/1759 1937/1937/1937
f 1758/1758/1758 1937/1937/1937 1936/1936/1936
f 1759/1759/1759 1760/1760/1760 1938/1938/1938
f 1759/1759/1759 1938/1938/1938 1937/1937/1937
f 1760/1760/1760 1761/1761/1761 1939/1939/1939
f 1760/1760/1760 1939/1939/1939 1938/1938/1938
f 1761/1761/1761 1762/1762/1762 1940/1940/1940
f 1761/1761/1761 1940/1940/1940 1939/1939/1939
f 1762/1762/1762 1763/1763/1763 1941/1941/1941
f 1762/1762/1762 1941/1941/1941 1940/1940/1940
f 1763/1763/1763 1764/1764/1764 1942/1942/1942
f 1763/1763/1763 1942/1942/1942 1941/1941/1941
f 1764/1764/1764 1765/1765/1765 1943/1943/1943
f 1764/1764/1764 1943/1943/1943 1942/1942/1942
f 1765/1765/1765 1766/1766/1766 1944/1944/1944
f 1765/1765/1765 1944/1944/1944 1943/1943/1943
f 1766/1766/1766 1767/1767/1767 1945/1945/1945
f 1766/1766/1766 1945/1945/1945 1944/1944/1944
f 1767/1767/1767 1768/1768/1768 1946/1946/1946
f 1767/1767/1767 1946/1946/1946 1945/1945/1945
f 1768/1768/1768 1769/1769/1769 1947/1947/1947
f 1768/1768/1768 1947/1947/1947 1946/1946/1946
f 1769/1769/1769 1770/1770/1770 1948/1948/1948
f 1769/1769/1769 1948/1948/1948 1947/1947/1947
f 1770/1770/1770 1771/1771/1771 1949/1949/1949
f 1770/1770/1770 1949/1949/1949 1948/1948/1948
f 1771/1771/1771 1772/1772/1772 1950/1950/1950
f 1771/1771/1771 1950/1950/1950 1949/1949/1949
f 1772/1772/1772 1773/1773/1773 1951/1951/1951
f 1772/1772/1772 1951/1951/1951 1950/1950/1950
f 1773/1773/1773 1774/1774/1774 1952/1952/1952
f 1773/1773/1773 1952/1952/1952 1951/1951/1951
f 1774/1774/1774 1775/1775/1775 1953/1953/1953
f 1774/1774/1774 1953/1953/1953 1952/1952/1952
f 1775/1775/1775 1776/1776/1776 1954/1954/1954
f 1775/1775/1775 1954/1954/1954 1953/1953/1953
f 1776/1776/1776 1777/1777/1777 1955/1955/1955
f 1776/1776/1776 1955/1955/1955 1954/1954/1954
f 1777/1777/1777 1778/1778/1778 1956/1956/1956
f 1777/1777/1777 1956/1956/1956 1955/1955/1955
f 1778/1778/1778 1779/1779/1779 1957/1957/1957
f 1778/1778/1778 1957/1957/1957 1956/1956/1956
f 1779/1779/1779 1780/1780/1780 1958/1958/1958
f 1779/1779/1779 1958/1958/1958 1957/1957/1957
f 1780/1780/1780 1603/1603/1603 1781/1781/1781
f 1780/1780/1780 1781/1781/1781 1958/1958/1958
f 1781/1781/1781 1782/1782/1782 1960/1960/1960
f 1781/1781/1781 1960/1960/1960 1959/1959/1959
f 1782/1782/1782 1783/1783/1783 1961/1961/1961
f 1782/1782/1782 1961/1961/1961 1960/1960/1960
f 1783/1783/1783 1784/1784/1784 1962/1962/1962
f 1783/1783/1783 1962/1962/1962 1961/1961/1961
f 1784/1784/1784 1785/1785/1785 1963/1963/1963
f 1784/1784/1784 1963/1963/1963 1962/1962/1962
f 1785/1785/1785 1786/1786/1786 1964/1964/1964
f 1785/1785/1785 1964/1964/1964 1963/1963/1963
f 1786/1786/1786 1787/1787/1787 1965/1965/1965
f 1786/1786/1786 1965/1965/1965 1964/1964/1964
f 1787/1787/1787 1788/1788/1788 1966/1966/1966
f 1787/1787/1787 1966/1966/1966 1965/1965/1965
f 1788/1788/1788 1789/1789/1789 1967/1967/1967
f 1788/1788/1788 1967/1967/1967 1966/1966/1966
f 1789/1789/1789 1790/1790/1790 1968/1968/1968
f 1789/1789/1789 1968/1968/1968 1967/1967/1967
f 1790/1790/1790 1791/1791/1791 1969/1969/1969
f 1790/1790/1790 1969/1969/1969 1968/1968/1968
f 1791/1791/1791 1792/1792/1792 1970/1970/1970
f 1791/1791/1791 1970/1970/1970 1969/1969/1969
f 1792/1792/1792 1793/1793/1793 1971/1971/1971
f 1792/1792/1792 1971/1971/1971 1970/1970/1970
f 1793/1793/1793 1794/1794/1794 1972/1972/1972
f 1793/1793/1793 1972/1972/1972 1971/1971/1971
f 1794/1794/1794 1795/1795/1795 1973/1973/1973
f 1794/1794/1794 1973/1973/1973 1972/1972/1972
f 1795/1795/1795 1796/1796/1796 1974/1974/1974
f 1795/1795/1795 1974/1974/1974 1973/1973/1973
f 1796/1796/1796 1797/1797/1797 1975/1975/1975
f 1796/1796/1796 1975/1975/1975 1974/1974/1974
f 1797/1797/1797 1798/1798/1798 1976/1976/1976
f 1797/1797/1797 1976/1976/1976 1975/1975/1975
f 1798/1798/1798 1799/1799/1799 1977/1977/1977
f 1798/1798/1798 1977/1977/1977 1976/1976/1976
f 1799/1799/1799 1800/1800/1800 1978/1978/1978
f 1799/1799/1799 1978/1978/1978 1977/1977/1977
f 1800/1800/1800 1801/1801/1801 1979/1979/1979
f 1800/1800/1800 1979/1979/1979 1978/1978/1978
f 1801/1801/1801 1802/1802/1802 1980/1980/1980
f 1801/1801/1801 1980/1980/1980 1979/1979/1979
f 1802/1802/1802 1803/1803/1803 1981/1981/1981
f 1802/1802/1802 1981/1981/1981 1980/1980/1980
f 1803/1803/1803 1804/1804/1804 1982/1982/1982
f 1803/1803/1803 1982/1982/1982 1981/1981/1981
f 1804/1804/1804 1805/1805/1805 1983/1983/1983
f 1804/1804/1804 1983/1983/1983 1982/1982/1982
f 1805/1805/1805 1806/1806/1806 1984/1984/1984
f 1805/1805/1805 1984/1984/1984 1983/1983/1983
f 1806/1806/1806 1807/1807/1807 1985/1985/1985
f 1806/1806/1806 1985/1985/1985 1984/1984/1984
f 1807/1807/1807 1808/1808/1808 1986/1986/1986
f 1807/1807/1807 1986/1986/1986 1985/1985/1985
f 1808/1808/1808 1809/1809/1809 1987/1987/1987
f 1808/1808/1808 1987/1987/1987 1986/1986/1986
f 1809/1809/1809 1810/1810/1810 1988/1988/1988
f 1809/1809/1809 1988/1988/1988 1987/1987/1987
f 1810/1810/1810 1811/1811/1811 1989/1989/1989
f 1810/1810/1810 1989/1989/1989 1988/1988/1988
f 1811/1811/1811 1812/1812/1812 1990/1990/1990
f 1811/1811/1811 1990/1990/1990 1989/1989/1989
f 1812/1812/1812 1813/1813/1813 1991/1991/1991
f 1812/1812/1812 1991/1991/1991 1990/1990/1990
f 1813/1813/1813 1814/1814/1814 1992/1992/1992
f 1813/1813/1813 1992/1992/1992 1991/1991/1991
f 1814/1814/1814 1815/1815/1815 1993/1993/1993
f 1814/1814/1814 1993/1993/1993 1992/1992/1992
f 1815/1815/1815 1816/1816/1816 1994/1994/1994
f 1815/1815/1815 1994/1994/1994 1993/1993/1993
f 1816/1816/1816 1817/1817/1817 1995/1995/1995
f 1816/1816/1816 1995/1995/1995 1994/1994/1994
f 1817/1817/1817 1818/1818/1818 1996/1996/1996
f 1817/1817/1817 1996/1996/1996 1995/1995/1995
f 1818/1818/1818 1819/1819/1819 1997/1997/1997
f 1818/1818/1818 1997/1997/1997 1996/1996/1996
f 1819/1819/1819 1820/1820/1820 1998/1998/1998
f 1819/1819/1819 1998/1998/1998 1997/1997/1997
f 1820/1820/1820 1821/1821/1821 1999/1999/1999
f 1820/1820/1820 1999/1999/1999 1998/1998/1998
f 1821/1821/1821 1822/1822/1822 2000/2000/2000
f 1821/1821/1821 2000/2000/2000 1999/1999/1999
f 1822/1822/1822 1823/1823/1823 2001/2001/2001
f 1822/1822/1822 2001/2001/2001 2000/2000/2000
f 1823/1823/1823 1824/1824/1824 2002/2002/2002
f 1823/1823/1823 2002/2002/2002 2001/2001/2001
f 1824/1824/1824 1825/1825/1825 2003/2003/2003
f 1824/1824/1824 2003/2003/2003 2002/2002/2002
f 1825/1825/1825 1826/1826/1826 2004/2004/2004
f 1825/1825/1825 2004/2004/2004 2003/2003/2003
f 1826/1826/1826 1827/1827/1827 2005/2005/2005
f 1826/1826/1826 2005/2005/2005 2004/2004/2004
f 1827/1827/1827 1828/1828/1828 2006/2006/2006
f 1827/1827/1827 2006/2006/2006 2005/2005/2005
f 1828/1828/1828 1829/1829/1829 2007/2007/2007
f 1828/1828/1828 2007/2007/2007 2006/2006/2006
f 1829/1829/1829 1830/1830/1830 2008/2008/2008
f 1829/1829/1829 2008/2008/2008 2007/2007/2007
f 1830/1830/1830 1831/1831/1831 2009/2009/2009
f 1830/1830/1830 2009/2009/2009 2008/2008/2008
f 1831/1831/1831 1832/1832/1832 2010/2010/2010
f 1831/1831/1831 2010/2010/2010 2009/2009/2009
f 1832/1832/1832 1833/1833/1833 2011/2011/2011
f 1832/1832/1832 2011/2011/2011 2010/2010/2010
f 1833/1833/1833 1834/1834/1834 2012/2012/2012
f 1833/1833/1833 2012/2012/2012 2011/2011/2011
f 1834/1834/1834 1835/1835/1835 2013/2013/2013
f 1834/1834/1834 2013/2013/2013 2012/2012/2012
f 1835/1835/1835 1836/1836/1836 2014/2014/2014
f 1835/1835/1835 2014/2014/2014 2013/2013/2013
f 1836/1836/1836 1837/1837/1837 2015/2015/2015
f 1836/1836/1836 2015/2015/2015 2014/2014/2014
f 1837/1837/1837 1838/1838/1838 2016/2016/2016
f 1837/1837/1837 2016/2016/2016 2015/2015/2015
f 1838/1838/1838 1839/1839/1839 2017/2017/2017
f 1838/1838/1838 2017/2017/2017 2016/2016/2016
f 1839/1839/1839 1840/1840/1840 2018/2018/2018
f 1839/1839/1839 2018/2018/2018 2017/2017/2017
f 1840/1840/1840 1841/1841/1841 2019/2019/2019
f 1840/1840/1840 2019/2019/2019 2018/2018/2018
f 1841/1841/1841 1842/1842/1842 2020/2020/2020
f 1841/1841/1841 2020/2020/2020 2019/2019/2019
f 1842/1842/1842 1843/1843/1843 2021/2021/2021
f 1842/1842/1842 2021/2021/2021 2020/2020/2020
f 1843/1843/1843 1844/1844/1844 2022/2022/2022
f 1843/1843/1843 2022/2022/2022 2021/2021/2021
f 1844/1844/1844 1845/1845/1845 2023/2023/2023
f 1844/1844/1844 2023/2023/2023 2022/2022/2022
f 1845/1845/1845 1846/1846/1846 2024/2024/2024
f 1845/1845/1845 2024/2024/2024 2023/2023/2023
f 1846/1846/1846 1847/1847/1847 2025/2025/2025
f 1846/1846/1846 2025/2025/2025 2024/2024/2024
f 1847/1847/1847 1848/1848/1848 2026/2026/2026
f 1847/1847/1847 2026/2026/2026 2025/2025/2025
f 1848/1848/1848 1849/1849/1849 2027/2027/2027
f 1848/1848/1848 2027/2027/2027 2026/2026/2026
f 1849/1849/1849 1850/1850/1850 2028/2028/2028
f 1849/1849/1849 2028/2028/2028 2027/2027/2027
f 1850/1850/1850 1851/1851/1851 2029/2029/2029
f 1850/1850/1850 2029/2029/2029 2028/2028/2028
f 1851/1851/1851 1852/1852/1852 2030/2030/2030
f 1851/1851/1851 2030/2030/2030 2029/2029/2029
f 1852/1852/1852 1853/1853/1853 2031/2031/2031
f 1852/1852/1852 2031/2031/2031 2030/2030/2030
f 1853/1853/1853 1854/1854/1854 2032/2032/2032
f 1853/1853/1853 2032/2032/2032 2031/2031/2031
f 1854/1854/1854 1855/1855/1855 2033/2033/2033
f 1854/1854/1854 2033/2033/2033 2032/2032/2032
f 1855/1855/1855 1856/1856/1856 2034/2034/2034
f 1855/1855/1855 2034/2034/2034 2033/2033/2033
f 1856/1856/1856 1857/1857/1857 2035/2035/2035
f 1856/1856/1856 2035/2035/2035 2034/2034/2034
f 1857/1857/1857 1858/1858/1858 2036/2036/2036
f 1857/1857/1857 2036/2036/2036 2035/2035/2035
f 1858/1858/1858 1859/1859/1859 2037/2037/2037
f 1858/1858/1858 2037/2037/2037 2036/2036/2036
f 1859/1859/1859 1860/1860/1860 2038/2038/2038
f 1859/1859/1859 2038/2038/2038 2037/2037/2037
f 1860/1860/1860 1861/1861/1861 2039/2039/2039
f 1860/1860/1860 2039/2039/2039 2038/2038/2038
f 1861/1861/1861 1862/1862/1862 2040/2040/2040
f 1861/1861/1861 2040/2040/2040 2039/2039/2039
f 1862/1862/1862 1863/1863/1863 2041/2041/2041
f 1862/1862/1862 2041/2041/2041 2040/2040/2040
f 1863/1863/1863 1864/1864/1864 2042/2042/2042
f 1863/1863/1863 2042/2042/2042 2041/2041/2041
f 1864/1864/1864 1865/1865/1865 2043/2043/2043
f 1864/1864/1864 2043/2043/2043 2042/2042/2042
f 1865/1865/1865 1866/1866/1866 2044/2044/2044
f 1865/1865/1865 2044/2044/2044 2043/2043/2043
f 1866/1866/1866 1867/1867/1867 2045/2045/2045
f 1866/1866/1866 2045/2045/2045 2044/2044/2044
f 1867/1867/1867 1868/1868/1868 2046/2046/2046
f 1867/1867/1867 2046/2046/2046 2045/2045/2045
f 1868/1868/1868 1869/1869/1869 2047/2047/2047
f 1868/1868/1868 2047/2047/2047 2046/2046/2046
f 1869/1869/1869 1870/1870/1870 2048/2048/2048
f 1869/1869/1869 2048/2048/2048 2047/2047/2047
f 1870/1870/1870 1871/1871/1871 2049/2049/2049
f 1870/1870/1870 2049/2049/2049 2048/2048/2048
f 1871/1871/1871 1872/1872/1872 2050/2050/2050
f 1871/1871/1871 2050/2050/2050 2049/2049/2049
f 1872/1872/1872 1873/1873/1873 2051/2051/2051
f 1872/1872/1872 2051/2051/2051 2050/2050/2050
f 1873/1873/1873 1874/1874/1874 2052/2052/2052
f 1873/1873/1873 2052/2052/2052 2051/2051/2051
f 1874/1874/1874 1875/1875/1875 2053/2053/2053
f 1874/1874/1874 2053/2053/2053 2052/2052/2052
f 1875/1875/1875 1876/1876/1876 2054/2054/2054
f 1875/1875/1875 2054/2054/2054 2053/2053/2053
f 1876/1876/1876 1877/1877/1877 2055/2055/2055
f 1876/1876/1876 2055/2055/2055 2054/2054/2054
f 1877/1877/1877 1878/1878/1878 2056/2056/2056
f 1877/1877/1877 2056/2056/2056 2055/2055/2055
f 1878/1878/1878 1879/1879/1879 2057/2057/2057
f 1878/1878/1878 2057/2057/2057 2056/2056/2056
f 1879/1879/1879 1880/1880/1880 2058/2058/2058
f 1879/1879/1879 2058/2058/2058 2057/2057/2057
f 1880/1880/1880 1881/1881/1881 2059/2059/2059
f 1880/1880/1880 2059/2059/2059 2058/2058/2058
f 1881/1881/1881 1882/1882/1882 2060/2060/2060
f 1881/1881/1881 2060/2060/2060 2059/2059/2059
f 1882/1882/1882 1883/1883/1883 2061/2061/2061
f 1882/1882/1882 2061/2061/2061 2060/2060/2060
f 1883/1883/1883 1884/1884/1884 2062/2062/2062
f 1883/1883/1883 2062/2062/2062 2061/2061/2061
f 1884/1884/1884 1885/1885/1885 2063/2063/2063
f 1884/1884/1884 2063/2063/2063 2062/2062/2062
f 1885/1885/1885 1886/1886/1886 2064/2064/2064
f 1885/1885/1885 2064/2064/2064 2063/2063/2063
f 1886/1886/1886 1887/1887/1887 2065/2065/2065
f 1886/1886/1886 2065/2065/2065 2064/2064/2064
f 1887/1887/1887 1888/1888/1888 2066/2066/2066
f 1887/1887/1887 2066/2066/2066 2065/2065/2065
f 1888/1888/1888 1889/1889/1889 2067/2067/2067
f 1888/1888/1888 2067/2067/2067 2066/2066/2066
f 1889/1889/1889 1890/1890/1890 2068/2068/2068
f 1889/1889/1889 2068/2068/2068 2067/2067/2067
f 1890/1890/1890 1891/1891/1891 2069/2069/2069
f 1890/1890/1890 2069/2069/2069 2068/2068/2068
f 1891/1891/1891 1892/1892/1892 2070/2070/2070
f 1891/1891/1891 2070/2070/2070 2069/2069/2069
f 1892/1892/1892 1893/1893/1893 2071/2071/2071
f 1892/1892/1892 2071/2071/2071 2070/2070/2070
f 1893/1893/1893 1894/1894/1894 2072/2072/2072
f 1893/1893/1893 2072/2072/2072 2071/2071/2071
f 1894/1894/1894 1895/1895/1895 2073/2073/2073
f 1894/1894/1894 2073/2073/2073 2072/2072/2072
f 1895/1895/1895 1896/1896/1896 2074/2074/2074
f 1895/1895/1895 2074/2074/2074 2073/2073/2073
f 1896/1896/1896 1897/1897/1897 2075/2075/2075
f 1896/1896/1896 2075/2075/2075 2074/2074/2074
f 1897/1897/1897 1898/1898/1898 2076/2076/2076
f 1897/1897/1897 2076/2076/2076 2075/2075/2075
f 1898/1898/1898 1899/1899/1899 2077/2077/2077
f 1898/1898/1898 2077/2077/2077 2076/2076/2076
f 1899/1899/1899 1900/1900/1900 2078/2078/2078
f 1899/1899/1899 2078/2078/2078 2077/2077/2077
f 1900/1900/1900 1901/1901/1901 2079/2079/2079
f 1900/1900/1900 2079/2079/2079 2078/2078/2078
f 1901/1901/1901 1902/1902/1902 2080/2080/2080
f 1901/1901/1901 2080/2080/2080 2079/2079/2079
f 1902/1902/1902 1903/1903/1903 2081/2081/2081
f 1902/1902/1902 2081/2081/2081 2080/2080/2080
f 1903/1903/1903 1904/1904/1904 2082/2082/2082
f 1903/1903/1903 2082/2082/2082 2081/2081/2081
f 1904/1904/1904 1905/1905/1905 2083/2083/2083
f 1904/1904/1904 2083/2083/2083 2082/2082/2082
f 1905/1905/1905 1906/1906/1906 2084/2084/2084
f 1905/1905/1905 2084/2084/2084 2083/2083/2083
f 1906/1906/1906 1907/1907/1907 2085/2085/2085
f 1906/1906/1906 2085/2085/2085 2084/2084/2084
f 1907/1907/1907 1908/1908/1908 2086/2086/2086
f 1907/1907/1907 2086/2086/2086 2085/2085/2085
f 1908/1908/1908 1909/1909/1909 2087/2087/2087
f 1908/1908/1908 2087/2087/2087 2086/2086/2086
f 1909/1909/1909 1910/1910/1910 2088/2088/2088
f 1909/1909/1909 2088/2088/2088 2087/2087/2087
f 1910/1910/1910 1911/1911/1911 2089/2089/2089
f 1910/1910/1910 2089/2089/2089 2088/2088/2088
f 1911/1911/1911 1912/1912/1912 2090/2090/2090
f 1911/1911/1911 2090/2090/2090 2089/2089/2089
f 1912/1912/1912 1913/1913/1913 2091/2091/2091
f 1912/1912/1912 2091/2091/2091 2090/2090/2090
f 1913/1913/1913 1914/1914/1914 2092/2092/2092
f 1913/1913/1913 2092/2092/2092 2091/2091/2091
f 1914/1914/1914 1915/1915/1915 2093/2093/2093
f 1914/1914/1914 2093/2093/2093 2092/2092/2092
f 1915/1915/1915 1916/1916/1916 2094/2094/2094
f 1915/1915/1915 2094/2094/2094 2093/2093/2093
f 1916/1916/1916 1917/1917/1917 2095/2095/2095
f 1916/1916/1916 2095/2095/2095 2094/2094/2094
f 1917/1917/1917 1918/1918/1918 2096/2096/2096
f 1917/1917/1917 2096/2096/2096 2095/2095/2095
f 1918/1918/1918 1919/1919/1919 2097/2097/2097
f 1918/1918/1918 2097/2097/2097 2096/2096/2096
f 1919/1919/1919 1920/1920/1920 2098/2098/2098
f 1919/1919/1919 2098/2098/2098 2097/2097/2097
f 1920/1920/1920 1921/1921/1921 2099/2099/2099
f 1920/1920/1920 2099/2099/2099 2098/2098/2098
f 1921/1921/1921 1922/1922/1922 2100/2100/2100
f 1921/1921/1921 2100/2100/2100 2099/2099/2099
f 1922/1922/1922 1923/1923/1923 2101/2101/2101
f 1922/1922/1922 2101/2101/2101 2100/2100/2100
f 1923/1923/1923 1924/1924/1924 2102/2102/2102
f 1923/1923/1923 2102/2102/2102 2101/2101/2101
f 1924/1924/1924 1925/1925/1925 2103/2103/2103
f 1924/1924/1924 2103/2103/2103 2102/2102/2102
f 1925/1925/1925 1926/1926/1926 2104/2104/2104
f 1925/1925/1925 2104/2104/2104 2103/2103/2103
f 1926/1926/1926 1927/1927/1927 2105/2105/2105
f 1926/1926/1926 2105/2105/2105 2104/2104/2104
f 1927/1927/1927 1928/1928/1928 2106/2106/2106
f 1927/1927/1927 2106/2106/2106 2105/2105/2105
f 1928/1928/1928 1929/1929/1929 2107/2107/2107
f 1928/1928/1928 2107/2107/2107 2106/2106/2106
f 1929/1929/1929 1930/1930/1930 2108/2108/2108
f 1929/1929/1929 2108/2108/2108 2107/2107/2107
f 1930/1930/1930 1931/1931/1931 2109/2109/2109
f 1930/1930/1930 2109/2109/2109 2108/2108/2108
f 1931/1931/1931 1932/1932/1932 2110/2110/2110
f 1931/1931/1931 2110/2110/2110 2109/2109/2109
f 1932/1932/1932 1933/1933/1933 2111/2111/2111
f 1932/1932/1932 2111/2111/2111 2110/2110/2110
f 1933/1933/1933 1934/1934/1934 2112/2112/2112
f 1933/1933/1933 2112/2112/2112 2111/2111/2111
f 1934/1934/1934 1935/1935/1935 2113/2113/2113
f 1934/1934/1934 2113/2113/2113 2112/2112/2112
f 1935/1935/1935 1936/1936/1936 2114/2114/2114
f 1935/1935/1935 2114/2114/2114 2113/2113/2113
f 1936/1936/1936 1937/1937/1937 2115/2115/2115
f 1936/1936/1936 2115/2115/2115 2114/2114/2114
f 1937/1937/1937 1938/1938/1938 2116/2116/2116
f 1937/1937/1937 2116/2116/2116 2115/2115/2115
f 1938/1938/1938 1939/1939/1939 2117/2117/2117
f 1938/1938/1938 2117/2117/2117 2116/2116/2116
f 1939/1939/1939 1940/1940/1940 2118/2118/2118
f 1939/1939/1939 2118/2118/2118 2117/2117/2117
f 1940/1940/1940 1941/1941/1941 2119/2119/2119
f 1940/1940/1940 2119/2119/2119 2118/2118/2118
f 1941/1941/1941 1942/1942/1942 2120/2120/2120
f 1941/1941/1941 2120/2120/2120 2119/2119/2119
f 1942/1942/1942 1943/1943/1943 2121/2121/2121
f 1942/1942/1942 2121/2121/2121 2120/2120/2120
f 1943/1943/1943 1944/1944/1944 2122/2122/2122
f 1943/1943/1943 2122/2122/2122 2121/2121/2121
f 1944/1944/1944 1945/1945/1945 2123/2123/2123
f 1944/1944/1944 2123/2123/2123 2122/2122/2122
f 1945/1945/1945 1946/1946/1946 2124/2124/2124
f 1945/1945/1945 2124/2124/2124 2123/2123/2123
f 1946/1946/1946 1947/1947/1947 2125/2125/2125
f 1946/1946/1946 2125/2125/2125 2124/2124/2124
f 1947/1947/1947 1948/1948/1948 2126/2126/2126
f 1947/1947/1947 2126/2126/2126 2125/2125/2125
f 1948/1948/1948 1949/1949/1949 2127/2127/2127
f 1948/1948/1948 2127/2127/2127 2126/2126/2126
f 1949/1949/1949 1950/1950/1950 2128/2128/2128
f 1949/1949/1949 2128/2128/2128 2127/2127/2127
f 1950/1950/1950 1951/1951/1951 2129/2129/2129
f 1950/1950/1950 2129/2129/2129 2128/2128/2128
f 1951/1951/1951 1952/1952/1952 2130/2130/2130
f 1951/1951/1951 2130/2130/2130 2129/2129/2129
f 1952/1952/1952 1953/1953/1953 2131/2131/2131
f 1952/1952/1952 2131/2131/2131 2130/2130/2130
f 1953/1953/1953 1954/1954/1954 2132/2132/2132
f 1953/1953/1953 2132/2132/2132 2131/2131/2131
f 1954/1954/1954 1955/1955/1955 2133/2133/2133
f 1954/1954/1954 2133/2133/2133 2132/2132/2132
f 1955/1955/1955 1956/1956/1956 2134/2134/2134
f 1955/1955/1955 2134/2134/2134 2133/2133/2133
f 1956/1956/1956 1957/1957/1957 2135/2135/2135
f 1956/1956/1956 2135/2135/2135 2134/2134/2134
f 1957/1957/1957 1958/1958/1958 2136/2136/2136
f 1957/1957/1957 2136/2136/2136 2135/2135/2135
f 1958/1958/1958 1781/1781/1781 1959/1959/1959
f 1958/1958/1958 1959/1959/1959 2136/2136/2136
f 1959/1959/1959 1960/1960/1960 2138/2138/2138
f 1959/1959/1959 2138/2138/2138 2137/2137/2137
f 1960/1960/1960 1961/1961/1961 2139/2139/2139
f 1960/1960/1960 2139/2139/2139 2138/2138/2138
f 1961/1961/1961 1962/1962/1962 2140/2140/2140
f 1961/1961/1961 2140/2140/2140 2139/2139/2139
f 1962/1962/1962 1963/1963/1963 2141/2141/2141
f 1962/1962/1962 2141/2141/2141 2140/2140/2140
f 1963/1963/1963 1964/1964/1964 2142/2142/2142
f 1963/1963/1963 2142/2142/2142 2141/2141/2141
f 1964/1964/1964 1965/1965/1965 2143/2143/2143
f 1964/1964/1964 2143/2143/2143 2142/2142/2142
f 1965/1965/1965 1966/1966/1966 2144/2144/2144
f 1965/1965/1965 2144/2144/2144 2143/2143/2143
f 1966/1966/1966 1967/1967/1967 2145/2145/2145
f 1966/1966/1966 2145/2145/2145 2144/2144/2144
f 1967/1967/1967 1968/1968/1968 2146/2146/2146
f 1967/1967/1967 2146/2146/2146 2145/2145/2145
f 1968/1968/1968 1969/1969/1969 2147/2147/2147
f 1968/1968/1968 2147/2147/2147 2146/2146/2146
f 1969/1969/1969 1970/1970/1970 2148/2148/2148
f 1969/1969/1969 2148/2148/2148 2147/2147/2147
f 1970/1970/1970 1971/1971/1971 2149/2149/2149
f 1970/1970/1970 2149/2149/2149 2148/2148/2148
f 1971/1971/1971 1972/1972/1972 2150/2150/2150
f 1971/1971/1971 2150/2150/2150 2149/2149/2149
f 1972/1972/1972 1973/1973/1973 2151/2151/2151
f 1972/1972/1972 2151/2151/2151 2150/2150/2150
f 1973/1973/1973 1974/1974/1974 2152/2152/2152
f 1973/1973/1973 2152/2152/2152 2151/2151/2151
f 1974/1974/1974 1975/1975/1975 2153/2153/2153
f 1974/1974/1974 2153/2153/2153 2152/2152/2152
f 1975/1975/1975 1976/1976/1976 2154/2154/2154
f 1975/1975/1975 2154/2154/2154 2153/2153/2153
f 1976/1976/1976 1977/1977/1977 2155/2155/2155
f 1976/1976/1976 2155/2155/2155 2154/2154/2154
f 1977/1977/1977 1978/1978/1978 2156/2156/2156
f 1977/1977/1977 2156/2156/2156 2155/2155/2155
f 1978/1978/1978 1979/1979/1979 2157/2157/2157
f 1978/1978/1978 2157/2157/2157 2156/2156/2156
f 1979/1979/1979 1980/1980/1980 2158/2158/2158
f 1979/1979/1979 2158/2158/2158 2157/2157/2157
f 1980/1980/1980 1981/1981/1981 2159/2159/2159
f 1980/1980/1980 2159/2159/2159 2158/2158/2158
f 1981/1981/1981 1982/1982/1982 2160/2160/2160
f 1981/1981/1981 2160/2160/2160 2159/2159/2159
f 1982/1982/1982 1983/1983/1983 2161/2161/2161
f 1982/1982/1982 2161/2161/2161 2160/2160/2160
f 1983/1983/1983 1984/1984/1984 2162/2162/2162
f 1983/1983/1983 2162/2162/2162 2161/2161/2161
f 1984/1984/1984 1985/1985/1985 2163/2163/2163
f 1984/1984/1984 2163/2163/2163 2162/2162/2162
f 1985/1985/1985 1986/1986/1986 2164/2164/2164
f 1985/1985/1985 2164/2164/2164 2163/2163/2163
f 1986/1986/1986 1987/1987/1987 2165/2165/2165
f 1986/1986/1986 2165/2165/2165 2164/2164/2164
f 1987/1987/1987 1988/1988/1988 2166/2166/2166
f 1987/1987/1987 2166/2166/2166 2165/2165/2165
f 1988/1988/1988 1989/1989/1989 2167/2167/2167
f 1988/1988/1988 2167/2167/2167 2166/2166/2166
f 1989/1989/1989 1990/1990/1990 2168/2168/2168
f 1989/1989/1989 2168/2168/2168 2167/2167/2167
f 1990/1990/1990 1991/1991/1991 2169/2169/2169
f 1990/1990/1990 2169/2169/2169 2168/2168/2168
f 1991/1991/1991 1992/1992/1992 2170/2170/2170
f 1991/1991/1991 2170/2170/2170 2169/2169/2169
f 1992/1992/1992 1993/1993/1993 2171/2171/2171
f 1992/1992/1992 2171/2171/2171 2170/2170/2170
f 1993/1993/1993 1994/1994/1994 2172/2172/2172
f 1993/1993/1993 2172/2172/2172 2171/2171/2171
f 1994/1994/1994 1995/1995/1995 2173/2173/2173
f 1994/1994/1994 2173/2173/2173 2172/2172/2172
f 1995/1995/1995 1996/1996/1996 2174/2174/2174
f 1995/1995/1995 2174/2174/2174 2173/2173/2173
f 1996/1996/1996 1997/1997/1997 2175/2175/2175
f 1996/1996/1996 2175/2175/2175 2174/2174/2174
f 1997/1997/1997 1998/1998/1998 2176/2176/2176
f 1997/1997/1997 2176/2176/2176 2175/2175/2175
f 1998/1998/1998 1999/1999/1999 2177/2177/2177
f 1998/1998/1998 2177/2177/2177 2176/2176/2176
f 1999/1999/1999 2000/2000/2000 2178/2178/2178
f 1999/1999/1999 2178/2178/2178 2177/2177/2177
f 2000/2000/2000 2001/2001/2001 2179/2179/2179
f 2000/2000/2000 2179/2179/2179 2178/2178/2178
f 2001/2001/2001 2002/2002/2002 2180/2180/2180
f 2001/2001/2001 2180/2180/2180 2179/2179/2179
f 2002/2002/2002 2003/2003/2003 2181/2181/2181
f 2002/2002/2002 2181/2181/2181 2180/2180/2180
f 2003/2003/2003 2004/2004/2004 2182/2182/2182
f 2003/2003/2003 2182/2182/2182 2181/2181/2181
f 2004/2004/2004 2005/2005/2005 2183/2183/2183
f 2004/2004/2004 2183/2183/2183 2182/2182/2182
f 2005/2005/2005 2006/2006/2006 2184/2184/2184
f 2005/2005/2005 2184/2184/2184 2183/2183/2183
f 2006/2006/2006 2007/2007/2007 2185/2185/2185
f 2006/2006/2006 2185/2185/2185 2184/2184/2184
f 2007/2007/2007 2008/2008/2008 2186/2186/2186
f 2007/2007/2007 2186/2186/2186 2185/2185/2185
f 2008/2008/2008 2009/2009/2009 2187/2187/2187
f 2008/2008/2008 2187/2187/2187 2186/2186/2186
f 2009/2009/2009 2010/2010/2010 2188/2188/2188
f 2009/2009/2009 2188/2188/2188 2187/2187/2187
f 2010/2010/2010 2011/2011/2011 2189/2189/2189
f 2010/2010/2010 2189/2189/2189 2188/2188/2188
f 2011/2011/2011 2012/2012/2012 2190/2190/2190
f 2011/2011/2011 2190/2190/2190 2189/2189/2189
f 2012/2012/2012 2013/2013/2013 2191/2191/2191
f 2012/2012/2012 2191/2191/2191 2190/2190/2190
f 2013/2013/2013 2014/2014/2014 2192/2192/2192
f 2013/2013/2013 2192/2192/2192 2191/2191/2191
f 2014/2014/2014 2015/2015/2015 2193/2193/2193
f 2014/2014/2014 2193/2193/2193 2192/2192/2192
f 2015/2015/2015 2016/2016/2016 2194/2194/2194
f 2015/2015/2015 2194/2194/2194 2193/2193/2193
f 2016/2016/2016 2017/2017/2017 2195/2195/2195
f 2016/2016/2016 2195/2195/2195 2194/2194/2194
f 2017/2017/2017 2018/2018/2018 2196/2196/2196
f 2017/2017/2017 2196/2196/2196 2195/2195/2195
f 2018/2018/2018 2019/2019/2019 2197/2197/2197
f 2018/2018/2018 2197/2197/2197 2196/2196/2196
f 2019/2019/2019 2020/2020/2020 2198/2198/2198
f 2019/2019/2019 2198/2198/2198 2197/2197/2197
f 2020/2020/2020 2021/2021/2021 2199/2199/2199
f 2020/2020/2020 2199/2199/2199 2198/2198/2198
f 2021/2021/2021 2022/2022/2022 2200/2200/2200
f 2021/2021/2021 2200/2200/2200 2199/2199/2199
f 2022/2022/2022 2023/2023/2023 2201/2201/2201
f 2022/2022/2022 2201/2201/2201 2200/2200/2200
f 2023/2023/2023 2024/2024/2024 2202/2202/2202
f 2023/2023/2023 2202/2202/2202 2201/2201/2201
f 2024/2024/2024 2025/2025/2025 2203/2203/2203
f 2024/2024/2024 2203/2203/2203 2202/2202/2202
f 2025/2025/2025 2026/2026/2026 2204/2204/2204
f 2025/2025/2025 2204/2204/2204 2203/2203/2203
f 2026/2026/2026 2027/2027/2027 2205/2205/2205
f 2026/2026/2026 2205/2205/2205 2204/2204/2204
f 2027/2027/2027 2028/2028/2028 2206/2206/2206
f 2027/2027/2027 2206/2206/2206 2205/2205/2205
f 2028/2028/2028 2029/2029/2029 2207/2207/2207
f 2028/2028/2028 2207/2207/2207 2206/2206/2206
f 2029/2029/2029 2030/2030/2030 2208/2208/2208
f 2029/2029/2029 2208/2208/2208 2207/2207/2207
f 2030/2030/2030 2031/2031/2031 2209/2209/2209
f 2030/2030/2030 2209/2209/2209 2208/2208/2208
f 2031/2031/2031 2032/2032/2032 2210/2210/2210
f 2031/2031/2031 2210/2210/2210 2209/2209/2209
f 2032/2032/2032 2033/2033/2033 2211/2211/2211
f 2032/2032/2032 2211/2211/2211 2210/2210/2210
f 2033/2033/2033 2034/2034/2034 2212/2212/2212
f 2033/2033/2033 2212/2212/2212 2211/2211/2211
f 2034/2034/2034 2035/2035/2035 2213/2213/2213
f 2034/2034/2034 2213/2213/2213 2212/2212/2212
f 2035/2035/2035 2036/2036/2036 2214/2214/2214
f 2035/2035/2035 2214/2214/2214 2213/2213/2213
f 2036/2036/2036 2037/2037/2037 2215/2215/2215
f 2036/2036/2036 2215/2215/2215 2214/2214/2214
f 2037/2037/2037 2038/2038/2038 2216/2216/2216
f 2037/2037/2037 2216/2216/2216 2215/2215/2215
f 2038/2038/2038 2039/2039/2039 2217/2217/2217
f 2038/2038/2038 2217/2217/2217 2216/2216/2216
f 2039/2039/2039 2040/2040/2040 2218/2218/2218
f 2039/2039/2039 2218/2218/2218 2217/2217/2217
f 2040/2040/2040 2041/2041/2041 2219/2219/2219
f 2040/2040/2040 2219/2219/2219 2218/2218/2218
f 2041/2041/2041 2042/2042/2042 2220/2220/2220
f 2041/2041/2041 2220/2220/2220 2219/2219/2219
f 2042/2042/2042 2043/2043/2043 2221/2221/2221
f 2042/2042/2042 2221/2221/2221 2220/2220/2220
f 2043/2043/2043 2044/2044/2044 2222/2222/2222
f 2043/2043/2043 2222/2222/2222 2221/2221/2221
f 2044/2044/2044 2045/2045/2045 2223/2223/2223
f 2044/2044/2044 2223/2223/2223 2222/2222/2222
f 2045/2045/2045 2046/2046/2046 2224/2224/2224
f 2045/2045/2045 2224/2224/2224 2223/2223/2223
f 2046/2046/2046 2047/2047/2047 2225/2225/2225
f 2046/2046/2046 2225/2225/2225 2224/2224/2224
f 2047/2047/2047 2048/2048/2048 2226/2226/2226
f 2047/2047/2047 2226/2226/2226 2225/2225/2225
f 2048/2048/2048 2049/2049/2049 2227/2227/2227
f 2048/2048/2048 2227/2227/2227 2226/2226/2226
f 2049/2049/2049 2050/2050/2050 2228/2228/2228
f 2049/2049/2049 2228/2228/2228 2227/2227/2227
f 2050/2050/2050 2051/2051/2051 2229/2229/2229
f 2050/2050/2050 2229/2229/2229 2228/2228/2228
f 2051/2051/2051 2052/2052/2052 2230/2230/2230
f 2051/2051/2051 2230/2230/2230 2229/2229/2229
f 2052/2052/2052 2053/2053/2053 2231/2231/2231
f 2052/2052/2052 2231/2231/2231 2230/2230/2230
f 2053/2053/2053 2054/2054/2054 2232/2232/2232
f 2053/2053/2053 2232/2232/2232 2231/2231/2231
f 2054/2054/2054 2055/2055/2055 2233/2233/2233
f 2054/2054/2054 2233/2233/2233 2232/2232/2232
f 2055/2055/2055 2056/2056/2056 2234/2234/2234
f 2055/2055/2055 2234/2234/2234 2233/2233/2233
f 2056/2056/2056 2057/2057/2057 2235/2235/2235
f 2056/2056/2056 2235/2235/2235 2234/2234/2234
f 2057/2057/2057 2058/2058/2058 2236/2236/2236
f 2057/2057/2057 2236/2236/2236 2235/2235/2235
f 2058/2058/2058 2059/2059/2059 2237/2237/2237
f 2058/2058/2058 2237/2237/2237 2236/2236/2236
f 2059/2059/2059 2060/2060/2060 2238/2238/2238
f 2059/2059/2059 2238/2238/2238 2237/2237/2237
f 2060/2060/2060 2061/2061/2061 2239/2239/2239
f 2060/2060/2060 2239/2239/2239 2238/2238/2238
f 2061/2061/2061 2062/2062/2062 2240/2240/2240
f 2061/2061/2061 2240/2240/2240 2239/2239/2239
f 2062/2062/2062 2063/2063/2063 2241/2241/2241
f 2062/2062/2062 2241/2241/2241 2240/2240/2240
f 2063/2063/2063 2064/2064/2064 2242/2242/2242
f 2063/2063/2063 2242/2242/2242 2241/2241/2241
f 2064/2064/2064 2065/2065/2065 2243/2243/2243
f 2064/2064/2064 2243/2243/2243 2242/2242/2242
f 2065/2065/2065 2066/2066/2066 2244/2244/2244
f 2065/2065/2065 2244/2244/2244 2243/2243/2243
f 2066/2066/2066 2067/2067/2067 2245/2245/2245
f 2066/2066/2066 2245/2245/2245 2244/2244/2244
f 2067/2067/2067 2068/2068/2068 2246/2246/2246
f 2067/2067/2067 2246/2246/2246 2245/2245/2245
f 2068/2068/2068 2069/2069/2069 2247/2247/2247
f 2068/2068/2068 2247/2247/2247 2246/2246/2246
f 2069/2069/2069 2070/2070/2070 2248/2248/2248
f 2069/2069/2069 2248/2248/2248 2247/2247/2247
f 2070/2070/2070 2071/2071/2071 2249/2249/2249
f 2070/2070/2070 2249/2249/2249 2248/2248/2248
f 2071/2071/2071 2072/2072/2072 2250/2250/2250
f 2071/2071/2071 2250/2250/2250 2249/2249/2249
f 2072/2072/2072 2073/2073/2073 2251/2251/2251
f 2072/2072/2072 2251/2251/2251 2250/2250/2250
f 2073/2073/2073 2074/2074/2074 2252/2252/2252
f 2073/2073/2073 2252/2252/2252 2251/2251/2251
f 2074/2074/2074 2075/2075/2075 2253/2253/2253
f 2074/2074/2074 2253/2253/2253 2252/2252/2252
f 2075/2075/2075 2076/2076/2076 2254/2254/2254
f 2075/2075/2075 2254/2254/2254 2253/2253/2253
f 2076/2076/2076 2077/2077/2077 2255/2255/2255
f 2076/2076/2076 2255/2255/2255 2254/2254/2254
f 2077/2077/2077 2078/2078/2078 2256/2256/2256
f 2077/2077/2077 2256/2256/2256 2255/2255/2255
f 2078/2078/2078 2079/2079/2079 2257/2257/2257
f 2078/2078/2078 2257/2257/2257 2256/2256/2256
f 2079/2079/2079 2080/2080/2080 2258/2258/2258
f 2079/2079/2079 2258/2258/2258 2257/2257/2257
f 2080/2080/2080 2081/2081/2081 2259/2259/2259
f 2080/2080/2080 2259/2259/2259 2258/2258/2258
f 2081/2081/2081 2082/2082/2082 2260/2260/2260
f 2081/2081/2081 2260/2260/2260 2259/2259/2259
f 2082/2082/2082 2083/2083/2083 2261/2261/2261
f 2082/2082/2082 2261/2261/2261 2260/2260/2260
f 2083/2083/2083 2084/2084/2084 2262/2262/2262
f 2083/2083/2083 2262/2262/2262 2261/2261/2261
f 2084/2084/2084 2085/2085/2085 2263/2263/2263
f 2084/2084/2084 2263/2263/2263 2262/2262/2262
f 2085/2085/2085 2086/2086/2086 2264/2264/2264
f 2085/2085/2085 2264/2264/2264 2263/2263/2263
f 2086/2086/2086 2087/2087/2087 2265/2265/2265
f 2086/2086/2086 2265/2265/2265 2264/2264/2264
f 2087/2087/2087 2088/2088/2088 2266/2266/2266
f 2087/2087/2087 2266/2266/2266 2265/2265/2265
f 2088/2088/2088 2089/2089/2089 2267/2267/2267
f 2088/2088/2088 2267/2267/2267 2266/2266/2266
f 2089/2089/2089 2090/2090/2090 2268/2268/2268
f 2089/2089/2089 2268/2268/2268 2267/2267/2267
f 2090/2090/2090 2091/2091/2091 2269/2269/2269
f 2090/2090/2090 2269/2269/2269 2268/2268/2268
f 2091/2091/2091 2092/2092/2092 2270/2270/2270
f 2091/2091/2091 2270/2270/2270 2269/2269/2269
f 2092/2092/2092 2093/2093/2093 2271/2271/2271
f 2092/2092/2092 2271/2271/2271 2270/2270/2270
f 2093/2093/2093 2094/2094/2094 2272/2272/2272
f 2093/2093/2093 2272/2272/2272 2271/2271/2271
f 2094/2094/2094 2095/2095/2095 2273/2273/2273
f 2094/2094/2094 2273/2273/2273 2272/2272/2272
f 2095/2095/2095 2096/2096/2096 2274/2274/2274
f 2095/2095/2095 2274/2274/2274 2273/2273/2273
f 2096/2096/2096 2097/2097/2097 2275/2275/2275
f 2096/2096/2096 2275/2275/2275 2274/2274/2274
f 2097/2097/2097 2098/2098/2098 2276/2276/2276
f 2097/2097/2097 2276/2276/2276 2275/2275/2275
f 2098/2098/2098 2099/2099/2099 2277/2277/2277
f 2098/2098/2098 2277/2277/2277 2276/2276/2276
f 2099/2099/2099 2100/2100/2100 2278/2278/2278
f 2099/2099/2099 2278/2278/2278 2277/2277/2277
f 2100/2100/2100 2101/2101/2101 2279/2279/2279
f 2100/2100/2100 2279/2279/2279 2278/2278/2278
f 2101/2101/2101 2102/2102/2102 2280/2280/2280
f 2101/2101/2101 2280/2280/2280 2279/2279/2279
f 2102/2102/2102 2103/2103/2103 2281/2281/2281
f 2102/2102/2102 2281/2281/2281 2280/2280/2280
f 2103/2103/2103 2104/2104/2104 2282/2282/2282
f 2103/2103/2103 2282/2282/2282 2281/2281/2281
f 2104/2104/2104 2105/2105/2105 2283/2283/2283
f 2104/2104/2104 2283/2283/2283 2282/2282/2282
f 2105/2105/2105 2106/2106/2106 2284/2284/2284
f 2105/2105/2105 2284/2284/2284 2283/2283/2283
f 2106/2106/2106 2107/2107/2107 2285/2285/2285
f 2106/2106/2106 2285/2285/2285 2284/2284/2284
f 2107/2107/2107 2108/2108/2108 2286/2286/2286
f 2107/2107/2107 2286/2286/2286 2285/2285/2285
f 2108/2108/2108 2109/2109/2109 2287/2287/2287
f 2108/2108/2108 2287/2287/2287 2286/2286/2286
f 2109/2109/2109 2110/2110/2110 2288/2288/2288
f 2109/2109/2109 2288/2288/2288 2287/2287/2287
f 2110/2110/2110 2111/2111/2111 2289/2289/2289
f 2110/2110/2110 2289/2289/2289 2288/2288/2288
f 2111/2111/2111 2112/2112/2112 2290/2290/2290
f 2111/2111/2111 2290/2290/2290 2289/2289/2289
f 2112/2112/2112 2113/2113/2113 2291/2291/2291
f 2112/2112/2112 2291/2291/2291 2290/2290/2290
f 2113/2113/2113 2114/2114/2114 2292/2292/2292
f 2113/2113/2113 2292/2292/2292 2291/2291/2291
f 2114/2114/2114 2115/2115/2115 2293/2293/2293
f 2114/2114/2114 2293/2293/2293 2292/2292/2292
f 2115/2115/2115 2116/2116/2116 2294/2294/2294
f 2115/2115/2115 2294/2294/2294 2293/2293/2293
f 2116/2116/2116 2117/2117/2117 2295/2295/2295
f 2116/2116/2116 2295/2295/2295 2294/2294/2294
f 2117/2117/2117 2118/2118/2118 2296/2296/2296
f 2117/2117/2117 2296/2296/2296 2295/2295/2295
f 2118/2118/2118 2119/2119/2119 2297/2297/2297
f 2118/2118/2118 2297/2297/2297 2296/2296/2296
f 2119/2119/2119 2120/2120/2120 2298/2298/2298
f 2119/2119/2119 2298/2298/2298 2297/2297/2297
f 2120/2120/2120 2121/2121/2121 2299/2299/2299
f 2120/2120/2120 2299/2299/2299 2298/2298/2298
f 2121/2121/2121 2122/2122/2122 2300/2300/2300
f 2121/2121/2121 2300/2300/2300 2299/2299/2299
f 2122/2122/2122 2123/2123/2123 2301/2301/2301
f 2122/2122/2122 2301/2301/2301 2300/2300/2300
f 2123/2123/2123 2124/2124/2124 2302/2302/2302
f 2123/2123/2123 2302/2302/2302 2301/2301/2301
f 2124/2124/2124 2125/2125/2125 2303/2303/2303
f 2124/2124/2124 2303/2303/2303 2302/2302/2302
f 2125/2125/2125 2126/2126/2126 2304/2304/2304
f 2125/2125/2125 2304/2304/2304 2303/2303/2303
f 2126/2126/2126 2127/2127/2127 2305/2305/2305
f 2126/2126/2126 2305/2305/2305 2304/2304/2304
f 2127/2127/2127 2128/2128/2128 2306/2306/2306
f 2127/2127/2127 2306/2306/2306 2305/2305/2305
f 2128/2128/2128 2129/2129/2129 2307/2307/2307
f 2128/2128/2128 2307/2307/2307 2306/2306/2306
f 2129/2129/2129 2130/2130/2130 2308/2308/2308
f 2129/2129/2129 2308/2308/2308 2307/2307/2307
f 2130/2130/2130 2131/2131/2131 2309/2309/2309
f 2130/2130/2130 2309/2309/2309 2308/2308/2308
f 2131/2131/2131 2132/2132/2132 2310/2310/2310
f 2131/2131/2131 2310/2310/2310 2309/2309/2309
f 2132/2132/2132 2133/2133/2133 2311/2311/2311
f 2132/2132/2132 2311/2311/2311 2310/2310/2310
f 2133/2133/2133 2134/2134/2134 2312/2312/2312
f 2133/2133/2133 2312/2312/2312 2311/2311/2311
f 2134/2134/2134 2135/2135/2135 2313/2313/2313
f 2134/2134/2134 2313/2313/2313 2312/2312/2312
f 2135/2135/2135 2136/2136/2136 2314/2314/2314
f 2135/2135/2135 2314/2314/2314 2313/2313/2313
f 2136/2136/2136 1959/1959/1959 2137/2137/2137
f 2136/2136/2136 2137/2137/2137 2314/2314/2314
f 2137/2137/2137 2138/2138/2138 2316/2316/2316
f 2137/2137/2137 2316/2316/2316 2315/2315/2315
f 2138/2138/2138 2139/2139/2139 2317/2317/2317
f 2138/2138/2138 2317/2317/2317 2316/2316/2316
f 2139/2139/2139 2140/2140/2140 2318/2318/2318
f 2139/2139/2139 2318/2318/2318 2317/2317/2317
f 2140/2140/2140 2141/2141/2141 2319/2319/2319
f 2140/2140/2140 2319/2319/2319 2318/2318/2318
f 2141/2141/2141 2142/2142/2142 2320/2320/2320
f 2141/2141/2141 2320/2320/2320 2319/2319/2319
f 2142/2142/2142 2143/2143/2143 2321/2321/2321
f 2142/2142/2142 2321/2321/2321 2320/2320/2320
f 2143/2143/2143 2144/2144/2144 2322/2322/2322
f 2143/2143/2143 2322/2322/2322 2321/2321/2321
f 2144/2144/2144 2145/2145/2145 2323/2323/2323
f 2144/2144/2144 2323/2323/2323 2322/2322/2322
f 2145/2145/2145 2146/2146/2146 2324/2324/2324
f 2145/2145/2145 2324/2324/2324 2323/2323/2323
f 2146/2146/2146 2147/2147/2147 2325/2325/2325
f 2146/2146/2146 2325/2325/2325 2324/2324/2324
f 2147/2147/2147 2148/2148/2148 2326/2326/2326
f 2147/2147/2147 2326/2326/2326 2325/2325/2325
f 2148/2148/2148 2149/2149/2149 2327/2327/2327
f 2148/2148/2148 2327/2327/2327 2326/2326/2326
f 2149/2149/2149 2150/2150/2150 2328/2328/2328
f 2149/2149/2149 2328/2328/2328 2327/2327/2327
f 2150/2150/2150 2151/2151/2151 2329/2329/2329
f 2150/2150/2150 2329/2329/2329 2328/2328/2328
f 2151/2151/2151 2152/2152/2152 2330/2330/2330
f 2151/2151/2151 2330/2330/2330 2329/2329/2329
f 2152/2152/2152 2153/2153/2153 2331/2331/2331
f 2152/2152/2152 2331/2331/2331 2330/2330/2330
f 2153/2153/2153 2154/2154/2154 2332/2332/2332
f 2153/2153/2153 2332/2332/2332 2331/2331/2331
f 2154/2154/2154 2155/2155/2155 2333/2333/2333
f 2154/2154/2154 2333/2333/2333 2332/2332/2332
f 2155/2155/2155 2156/2156/2156 2334/2334/2334
f 2155/2155/2155 2334/2334/2334 2333/2333/2333
f 2156/2156/2156 2157/2157/2157 2335/2335/2335
f 2156/2156/2156 2335/2335/2335 2334/2334/2334
f 2157/2157/2157 2158/2158/2158 2336/2336/2336
f 2157/2157/2157 2336/2336/2336 2335/2335/2335
f 2158/2158/2158 2159/2159/2159 2337/2337/2337
f 2158/2158/2158 2337/2337/2337 2336/2336/2336
f 2159/2159/2159 2160/2160/2160 2338/2338/2338
f 2159/2159/2159 2338/2338/2338 2337/2337/2337
f 2160/2160/2160 2161/2161/2161 2339/2339/2339
f 2160/2160/2160 2339/2339/2339 2338/2338/2338
f 2161/2161/2161 2162/2162/2162 2340/2340/2340
f 2161/2161/2161 2340/2340/2340 2339/2339/2339
f 2162/2162/2162 2163/2163/2163 2341/2341/2341
f 2162/2162/2162 2341/2341/2341 2340/2340/2340
f 2163/2163/2163 2164/2164/2164 2342/2342/2342
f 2163/2163/2163 2342/2342/2342 2341/2341/2341
f 2164/2164/2164 2165/2165/2165 2343/2343/2343
f 2164/2164/2164 2343/2343/2343 2342/2342/2342
f 2165/2165/2165 2166/2166/2166 2344/2344/2344
f 2165/2165/2165 2344/2344/2344 2343/2343/2343
f 2166/2166/2166 2167/2167/2167 2345/2345/2345
f 2166/2166/2166 2345/2345/2345 2344/2344/2344
f 2167/2167/2167 2168/2168/2168 2346/2346/2346
f 2167/2167/2167 2346/2346/2346 2345/2345/2345
f 2168/2168/2168 2169/2169/2169 2347/2347/2347
f 2168/2168/2168 2347/2347/2347 2346/2346/2346
f 2169/2169/2169 2170/2170/2170 2348/2348/2348
f 2169/2169/2169 2348/2348/2348 2347/2347/2347
f 2170/2170/2170 2171/2171/2171 2349/2349/2349
f 2170/2170/2170 2349/2349/2349 2348/2348/2348
f 2171/2171/2171 2172/2172/2172 2350/2350/2350
f 2171/2171/2171 2350/2350/2350 2349/2349/2349
f 2172/2172/2172 2173/2173/2173 2351/2351/2351
f 2172/2172/2172 2351/2351/2351 2350/2350/2350
f 2173/2173/2173 2174/2174/2174 2352/2352/2352
f 2173/2173/2173 2352/2352/2352 2351/2351/2351
f 2174/2174/2174 2175/2175/2175 2353/2353/2353
f 2174/2174/2174 2353/2353/2353 2352/2352/2352
f 2175/2175/2175 2176/2176/2176 2354/2354/2354
f 2175/2175/2175 2354/2354/2354 2353/2353/2353
f 2176/2176/2176 2177/2177/2177 2355/2355/2355
f 2176/2176/2176 2355/2355/2355 2354/2354/2354
f 2177/2177/2177 2178/2178/2178 2356/2356/2356
f 2177/2177/2177 2356/2356/2356 2355/2355/2355
f 2178/2178/2178 2179/2179/2179 2357/2357/2357
f 2178/2178/2178 2357/2357/2357 2356/2356/2356
f 2179/2179/2179 2180/2180/2180 2358/2358/2358
f 2179/2179/2179 2358/2358/2358 2357/2357/2357
f 2180/2180/2180 2181/2181/2181 2359/2359/2359
f 2180/2180/2180 2359/2359/2359 2358/2358/2358
f 2181/2181/2181 2182/2182/2182 2360/2360/2360
f 2181/2181/2181 2360/2360/2360 2359/2359/2359
f 2182/2182/2182 2183/2183/2183 2361/2361/2361
f 2182/2182/2182 2361/2361/2361 2360/2360/2360
f 2183/2183/2183 2184/2184/2184 2362/2362/2362
f 2183/2183/2183 2362/2362/2362 2361/2361/2361
f 2184/2184/2184 2185/2185/2185 2363/2363/2363
f 2184/2184/2184 2363/2363/2363 2362/2362/2362
f 2185/2185/2185 2186/2186/2186 2364/2364/2364
f 2185/2185/2185 2364/2364/2364 2363/2363/2363
f 2186/2186/2186 2187/2187/2187 2365/2365/2365
f 2186/2186/2186 2365/2365/2365 2364/2364/2364
f 2187/2187/2187 2188/2188/2188 2366/2366/2366
f 2187/2187/2187 2366/2366/2366 2365/2365/2365
f 2188/2188/2188 2189/2189/2189 2367/2367/2367
f 2188/2188/2188 2367/2367/2367 2366/2366/2366
f 2189/2189/2189 2190/2190/2190 2368/2368/2368
f 2189/2189/2189 2368/2368/2368 2367/2367/2367
f 2190/2190/2190 2191/2191/2191 2369/2369/2369
f 2190/2190/2190 2369/2369/2369 2368/2368/2368
f 2191/2191/2191 2192/2192/2192 2370/2370/2370
f 2191/2191/2191 2370/2370/2370 2369/2369/2369
f 2192/2192/2192 2193/2193/2193 2371/2371/2371
f 2192/2192/2192 2371/2371/2371 2370/2370/2370
f 2193/2193/2193 2194/2194/2194 2372/2372/2372
f 2193/2193/2193 2372/2372/2372 2371/2371/2371
f 2194/2194/2194 2195/2195/2195 2373/2373/2373
f 2194/2194/2194 2373/2373/2373 2372/2372/2372
f 2195/2195/2195 2196/2196/2196 2374/2374/2374
f 2195/2195/2195 2374/2374/2374 2373/2373/2373
f 2196/2196/2196 2197/2197/2197 2375/2375/2375
f 2196/2196/2196 2375/2375/2375 2374/2374/2374
f 2197/2197/2197 2198/2198/2198 2376/2376/2376
f 2197/2197/2197 2376/2376/2376 2375/2375/2375
f 2198/2198/2198 2199/2199/2199 2377/2377/2377
f 2198/2198/2198 2377/2377/2377 2376/2376/2376
f 2199/2199/2199 2200/2200/2200 2378/2378/2378
f 2199/2199/2199 2378/2378/2378 2377/2377/2377
f 2200/2200/2200 2201/2201/2201 2379/2379/2379
f 2200/2200/2200 2379/2379/2379 2378/2378/2378
f 2201/2201/2201 2202/2202/2202 2380/2380/2380
f 2201/2201/2201 2380/2380/2380 2379/2379/2379
f 2202/2202/2202 2203/2203/2203 2381/2381/2381
f 2202/2202/2202 2381/2381/2381 2380/2380/2380
f 2203/2203/2203 2204/2204/2204 2382/2382/2382
f 2203/2203/2203 2382/2382/2382 2381/2381/2381
f 2204/2204/2204 2205/2205/2205 2383/2383/2383
f 2204/2204/2204 2383/2383/2383 2382/2382/2382
f 2205/2205/2205 2206/2206/2206 2384/2384/2384
f 2205/2205/2205 2384/2384/2384 2383/2383/2383
f 2206/2206/2206 2207/2207/2207 2385/2385/2385
f 2206/2206/2206 2385/2385/2385 2384/2384/2384
f 2207/2207/2207 2208/2208/2208 2386/2386/2386
f 2207/2207/2207 2386/2386/2386 2385/2385/2385
f 2208/2208/2208 2209/2209/2209 2387/2387/2387
f 2208/2208/2208 2387/2387/2387 2386/2386/2386
f 2209/2209/2209 2210/2210/2210 2388/2388/2388
f 2209/2209/2209 2388/2388/2388 2387/2387/2387
f 2210/2210/2210 2211/2211/2211 2389/2389/2389
f 2210/2210/2210 2389/2389/2389 2388/2388/2388
f 2211/2211/2211 2212/2212/2212 2390/2390/2390
f 2211/2211/2211 2390/2390/2390 2389/2389/2389
f 2212/2212/2212 2213/2213/2213 2391/2391/2391
f 2212/2212/2212 2391/2391/2391 2390/2390/2390
f 2213/2213/2213 2214/2214/2214 2392/2392/2392
f 2213/2213/2213 2392/2392/2392 2391/2391/2391
f 2214/2214/2214 2215/2215/2215 2393/2393/2393
f 2214/2214/2214 2393/2393/2393 2392/2392/2392
f 2215/2215/2215 2216/2216/2216 2394/2394/2394
f 2215/2215/2215 2394/2394/2394 2393/2393/2393
f 2216/2216/2216 2217/2217/2217 2395/2395/2395
f 2216/2216/2216 2395/2395/2395 2394/2394/2394
f 2217/2217/2217 2218/2218/2218 2396/2396/2396
f 2217/2217/2217 2396/2396/2396 2395/2395/2395
f 2218/2218/2218 2219/2219/2219 2397/2397/2397
f 2218/2218/2218 2397/2397/2397 2396/2396/2396
f 2219/2219/2219 2220/2220/2220 2398/2398/2398
f 2219/2219/2219 2398/2398/2398 2397/2397/2397
f 2220/2220/2220 2221/2221/2221 2399/2399/2399
f 2220/2220/2220 2399/2399/2399 2398/2398/2398
f 2221/2221/2221 2222/2222/2222 2400/2400/2400
f 2221/2221/2221 2400/2400/2400 2399/2399/2399
f 2222/2222/2222 2223/2223/2223 2401/2401/2401
f 2222/2222/2222 2401/2401/2401 2400/2400/2400
f 2223/2223/2223 2224/2224/2224 2402/2402/2402
f 2223/2223/2223 2402/2402/2402 2401/2401/2401
f 2224/2224/2224 2225/2225/2225 2403/2403/2403
f 2224/2224/2224 2403/2403/2403 2402/2402/2402
f 2225/2225/2225 2226/2226/2226 2404/2404/2404
f 2225/2225/2225 2404/2404/2404 2403/2403/2403
f 2226/2226/2226 2227/2227/2227 2405/2405/2405
f 2226/2226/2226 2405/2405/2405 2404/2404/2404
f 2227/2227/2227 2228/2228/2228 2406/2406/2406
f 2227/2227/2227 2406/2406/2406 2405/2405/2405
f 2228/2228/2228 2229/2229/2229 2407/2407/2407
f 2228/2228/2228 2407/2407/2407 2406/2406/2406
f 2229/2229/2229 2230/2230/2230 2408/2408/2408
f 2229/2229/2229 2408/2408/2408 2407/2407/2407
f 2230/2230/2230 2231/2231/2231 2409/2409/2409
f 2230/2230/2230 2409/2409/2409 2408/2408/2408
f 2231/2231/2231 2232/2232/2232 2410/2410/2410
f 2231/2231/2231 2410/2410/2410 2409/2409/2409
f 2232/2232/2232 2233/2233/2233 2411/2411/2411
f 2232/2232/2232 2411/2411/2411 2410/2410/2410
f 2233/2233/2233 2234/2234/2234 2412/2412/2412
f 2233/2233/2233 2412/2412/2412 2411/2411/2411
f 2234/2234/2234 2235/2235/2235 2413/2413/2413
f 2234/2234/2234 2413/2413/2413 2412/2412/2412
f 2235/2235/2235 2236/2236/2236 2414/2414/2414
f 2235/2235/2235 2414/2414/2414 2413/2413/2413
f 2236/2236/2236 2237/2237/2237 2415/2415/2415
f 2236/2236/2236 2415/2415/2415 2414/2414/2414
f 2237/2237/2237 2238/2238/2238 2416/2416/2416
f 2237/2237/2237 2416/2416/2416 2415/2415/2415
f 2238/2238/2238 2239/2239/2239 2417/2417/2417
f 2238/2238/2238 2417/2417/2417 2416/2416/2416
f 2239/2239/2239 2240/2240/2240 2418/2418/2418
f 2239/2239/2239 2418/2418/2418 2417/2417/2417
f 2240/2240/2240 2241/2241/2241 2419/2419/2419
f 2240/2240/2240 2419/2419/2419 2418/2418/2418
f 2241/2241/2241 2242/2242/2242 2420/2420/2420
f 2241/2241/2241 2420/2420/2420 2419/2419/2419
f 2242/2242/2242 2243/2243/2243 2421/2421/2421
f 2242/2242/2242 2421/2421/2421 2420/2420/2420
f 2243/2243/2243 2244/2244/2244 2422/2422/2422
f 2243/2243/2243 2422/2422/2422 2421/2421/2421
f 2244/2244/2244 2245/2245/2245 2423/2423/2423
f 2244/2244/2244 2423/2423/2423 2422/2422/2422
f 2245/2245/2245 2246/2246/2246 2424/2424/2424
f 2245/2245/2245 2424/2424/2424 2423/2423/2423
f 2246/2246/2246 2247/2247/2247 2425/2425/2425
f 2246/2246/2246 2425/2425/2425 2424/2424/2424
f 2247/2247/2247 2248/2248/2248 2426/2426/2426
f 2247/2247/2247 2426/2426/2426 2425/2425/2425
f 2248/2248/2248 2249/2249/2249 2427/2427/2427
f 2248/2248/2248 2427/2427/2427 2426/2426/2426
f 2249/2249/2249 2250/2250/2250 2428/2428/2428
f 2249/2249/2249 2428/2428/2428 2427/2427/2427
f 2250/2250/2250 2251/2251/2251 2429/2429/2429
f 2250/2250/2250 2429/2429/2429 2428/2428/2428
f 2251/2251/2251 2252/2252/2252 2430/2430/2430
f 2251/2251/2251 2430/2430/2430 2429/2429/2429
f 2252/2252/2252 2253/2253/2253 2431/2431/2431
f 2252/2252/2252 2431/2431/2431 2430/2430/2430
f 2253/2253/2253 2254/2254/2254 2432/2432/2432
f 2253/2253/2253 2432/2432/2432 2431/2431/2431
f 2254/2254/2254 2255/2255/2255 2433/2433/2433
f 2254/2254/2254 2433/2433/2433 2432/2432/2432
f 2255/2255/2255 2256/2256/2256 2434/2434/2434
f 2255/2255/2255 2434/2434/2434 2433/2433/2433
f 2256/2256/2256 2257/2257/2257 2435/2435/2435
f 2256/2256/2256 2435/2435/2435 2434/2434/2434
f 2257/2257/2257 2258/2258/2258 2436/2436/2436
f 2257/2257/2257 2436/2436/2436 2435/2435/2435
f 2258/2258/2258 2259/2259/2259 2437/2437/2437
f 2258/2258/2258 2437/2437/2437 2436/2436/2436
f 2259/2259/2259 2260/2260/2260 2438/2438/2438
f 2259/2259/2259 2438/2438/2438 2437/2437/2437
f 2260/2260/2260 2261/2261/2261 2439/2439/2439
f 2260/2260/2260 2439/2439/2439 2438/2438/2438
f 2261/2261/2261 2262/2262/2262 2440/2440/2440
f 2261/2261/2261 2440/2440/2440 2439/2439/2439
f 2262/2262/2262 2263/2263/2263 2441/2441/2441
f 2262/2262/2262 2441/2441/2441 2440/2440/2440
f 2263/2263/2263 2264/2264/2264 2442/2442/2442
f 2263/2263/2263 2442/2442/2442 2441/2441/2441
f 2264/2264/2264 2265/2265/2265 2443/2443/2443
f 2264/2264/2264 2443/2443/2443 2442/2442/2442
f 2265/2265/2265 2266/2266/2266 2444/2444/2444
f 2265/2265/2265 2444/2444/2444 2443/2443/2443
f 2266/2266/2266 2267/2267/2267 2445/2445/2445
f 2266/2266/2266 2445/2445/2445 2444/2444/2444
f 2267/2267/2267 2268/2268/2268 2446/2446/2446
f 2267/2267/2267 2446/2446/2446 2445/2445/2445
f 2268/2268/2268 2269/2269/2269 2447/2447/2447
f 2268/2268/2268 2447/2447/2447 2446/2446/2446
f 2269/2269/2269 2270/2270/2270 2448/2448/2448
f 2269/2269/2269 2448/2448/2448 2447/2447/2447
f 2270/2270/2270 2271/2271/2271 2449/2449/2449
f 2270/2270/2270 2449/2449/2449 2448/2448/2448
f 2271/2271/2271 2272/2272/2272 2450/2450/2450
f 2271/2271/2271 2450/2450/2450 2449/2449/2449
f 2272/2272/2272 2273/2273/2273 2451/2451/2451
f 2272/2272/2272 2451/2451/2451 2450/2450/2450
f 2273/2273/2273 2274/2274/2274 2452/2452/2452
f 2273/2273/2273 2452/2452/2452 2451/2451/2451
f 2274/2274/2274 2275/2275/2275 2453/2453/2453
f 2274/2274/2274 2453/2453/2453 2452/2452/2452
f 2275/2275/2275 2276/2276/2276 2454/2454/2454
f 2275/2275/2275 2454/2454/2454 2453/2453/2453
f 2276/2276/2276 2277/2277/2277 2455/2455/2455
f 2276/2276/2276 2455/2455/2455 2454/2454/2454
f 2277/2277/2277 2278/2278/2278 2456/2456/2456
f 2277/2277/2277 2456/2456/2456 2455/2455/2455
f 2278/2278/2278 2279/2279/2279 2457/2457/2457
f 2278/2278/2278 2457/2457/2457 2456/2456/2456
f 2279/2279/2279 2280/2280/2280 2458/2458/2458
f 2279/2279/2279 2458/2458/2458 2457/2457/2457
f 2280/2280/2280 2281/2281/2281 2459/2459/2459
f 2280/2280/2280 2459/2459/2459 2458/2458/2458
f 2281/2281/2281 2282/2282/2282 2460/2460/2460
f 2281/2281/2281 2460/2460/2460 2459/2459/2459
f 2282/2282/2282 2283/2283/2283 2461/2461/2461
f 2282/2282/2282 2461/2461/2461 2460/2460/2460
f 2283/2283/2283 2284/2284/2284 2462/2462/2462
f 2283/2283/2283 2462/2462/2462 2461/2461/2461
f 2284/2284/2284 2285/2285/2285 2463/2463/2463
f 2284/2284/2284 2463/2463/2463 2462/2462/2462
f 2285/2285/2285 2286/2286/2286 2464/2464/2464
f 2285/2285/2285 2464/2464/2464 2463/2463/2463
f 2286/2286/2286 2287/2287/2287 2465/2465/2465
f 2286/2286/2286 2465/2465/2465 2464/2464/2464
f 2287/2287/2287 2288/2288/2288 2466/2466/2466
f 2287/2287/2287 2466/2466/2466 2465/2465/2465
f 2288/2288/2288 2289/2289/2289 2467/2467/2467
f 2288/2288/2288 2467/2467/2467 2466/2466/2466
f 2289/2289/2289 2290/2290/2290 2468/2468/2468
f 2289/2289/2289 2468/2468/2468 2467/2467/2467
f 2290/2290/2290 2291/2291/2291 2469/2469/2469
f 2290/2290/2290 2469/2469/2469 2468/2468/2468
f 2291/2291/2291 2292/2292/2292 2470/2470/2470
f 2291/2291/2291 2470/2470/2470 2469/2469/2469
f 2292/2292/2292 2293/2293/2293 2471/2471/2471
f 2292/2292/2292 2471/2471/2471 2470/2470/2470
f 2293/2293/2293 2294/2294/2294 2472/2472/2472
f 2293/2293/2293 2472/2472/2472 2471/2471/2471
f 2294/2294/2294 2295/2295/2295 2473/2473/2473
f 2294/2294/2294 2473/2473/2473 2472/2472/2472
f 2295/2295/2295 2296/2296/2296 2474/2474/2474
f 2295/2295/2295 2474/2474/2474 2473/2473/2473
f 2296/2296/2296 2297/2297/2297 2475/2475/2475
f 2296/2296/2296 2475/2475/2475 2474/2474/2474
f 2297/2297/2297 2298/2298/2298 2476/2476/2476
f 2297/2297/2297 2476/2476/2476 2475/2475/2475
f 2298/2298/2298 2299/2299/2299 2477/2477/2477
f 2298/2298/2298 2477/2477/2477 2476/2476/2476
f 2299/2299/2299 2300/2300/2300 2478/2478/2478
f 2299/2299/2299 2478/2478/2478 2477/2477/2477
f 2300/2300/2300 2301/2301/2301 2479/2479/2479
f 2300/2300/2300 2479/2479/2479 2478/2478/2478
f 2301/2301/2301 2302/2302/2302 2480/2480/2480
f 2301/2301/2301 2480/2480/2480 2479/2479/2479
f 2302/2302/2302 2303/2303/2303 2481/2481/2481
f 2302/2302/2302 2481/2481/2481 2480/2480/2480
f 2303/2303/2303 2304/2304/2304 2482/2482/2482
f 2303/2303/2303 2482/2482/2482 2481/2481/2481
f 2304/2304/2304 2305/2305/2305 2483/2483/2483
f 2304/2304/2304 2483/2483/2483 2482/2482/2482
f 2305/2305/2305 2306/2306/2306 2484/2484/2484
f 2305/2305/2305 2484/2484/2484 2483/2483/2483
f 2306/2306/2306 2307/2307/2307 2485/2485/2485
f 2306/2306/2306 2485/2485/2485 2484/2484/2484
f 2307/2307/2307 2308/2308/2308 2486/2486/2486
f 2307/2307/2307 2486/2486/2486 2485/2485/2485
f 2308/2308/2308 2309/2309/2309 2487/2487/2487
f 2308/2308/2308 2487/2487/2487 2486/2486/2486
f 2309/2309/2309 2310/2310/2310 2488/2488/2488
f 2309/2309/2309 2488/2488/2488 2487/2487/2487
f 2310/2310/2310 2311/2311/2311 2489/2489/2489
f 2310/2310/2310 2489/2489/2489 2488/2488/2488
f 2311/2311/2311 2312/2312/2312 2490/2490/2490
f 2311/2311/2311 2490/2490/2490 2489/2489/2489
f 2312/2312/2312 2313/2313/2313 2491/2491/2491
f 2312/2312/2312 2491/2491/2491 2490/2490/2490
f 2313/2313/2313 2314/2314/2314 2492/2492/2492
f 2313/2313/2313 2492/2492/2492 2491/2491/2491
f 2314/2314/2314 2137/2137/2137 2315/2315/2315
f 2314/2314/2314 2315/2315/2315 2492/2492/2492
f 2315/2315/2315 2316/2316/2316 2494/2494/2494
f 2315/2315/2315 2494/2494/2494 2493/2493/2493
f 2316/2316/2316 2317/2317/2317 2495/2495/2495
f 2316/2316/2316 2495/2495/2495 2494/2494/2494
f 2317/2317/2317 2318/2318/2318 2496/2496/2496
f 2317/2317/2317 2496/2496/2496 2495/2495/2495
f 2318/2318/2318 2319/2319/2319 2497/2497/2497
f 2318/2318/2318 2497/2497/2497 2496/2496/2496
f 2319/2319/2319 2320/2320/2320 2498/2498/2498
f 2319/2319/2319 2498/2498/2498 2497/2497/2497
f 2320/2320/2320 2321/2321/2321 2499/2499/2499
f 2320/2320/2320 2499/2499/2499 2498/2498/2498
f 2321/2321/2321 2322/2322/2322 2500/2500/2500
f 2321/2321/2321 2500/2500/2500 2499/2499/2499
f 2322/2322/2322 2323/2323/2323 2501/2501/2501
f 2322/2322/2322 2501/2501/2501 2500/2500/2500
f 2323/2323/2323 2324/2324/2324 2502/2502/2502
f 2323/2323/2323 2502/2502/2502 2501/2501/2501
f 2324/2324/2324 2325/2325/2325 2503/2503/2503
f 2324/2324/2324 2503/2503/2503 2502/2502/2502
f 2325/2325/2325 2326/2326/2326 2504/2504/2504
f 2325/2325/2325 2504/2504/2504 2503/2503/2503
f 2326/2326/2326 2327/2327/2327 2505/2505/2505
f 2326/2326/2326 2505/2505/2505 2504/2504/2504
f 2327/2327/2327 2328/2328/2328 2506/2506/2506
f 2327/2327/2327 2506/2506/2506 2505/2505/2505
f 2328/2328/2328 2329/2329/2329 2507/2507/2507
f 2328/2328/2328 2507/2507/2507 2506/2506/2506
f 2329/2329/2329 2330/2330/2330 2508/2508/2508
f 2329/2329/2329 2508/2508/2508 2507/2507/2507
f 2330/2330/2330 2331/2331/2331 2509/2509/2509
f 2330/2330/2330 2509/2509/2509 2508/2508/2508
f 2331/2331/2331 2332/2332/2332 2510/2510/2510
f 2331/2331/2331 2510/2510/2510 2509/2509/2509
f 2332/2332/2332 2333/2333/2333 2511/2511/2511
f 2332/2332/2332 2511/2511/2511 2510/2510/2510
f 2333/2333/2333 2334/2334/2334 2512/2512/2512
f 2333/2333/2333 2512/2512/2512 2511/2511/2511
f 2334/2334/2334 2335/2335/2335 2513/2513/2513
f 2334/2334/2334 2513/2513/2513 2512/2512/2512
f 2335/2335/2335 2336/2336/2336 2514/2514/2514
f 2335/2335/2335 2514/2514/2514 2513/2513/2513
f 2336/2336/2336 2337/2337/2337 2515/2515/2515
f 2336/2336/2336 2515/2515/2515 2514/2514/2514
f 2337/2337/2337 2338/2338/2338 2516/2516/2516
f 2337/2337/2337 2516/2516/2516 2515/2515/2515
f 2338/2338/2338 2339/2339/2339 2517/2517/2517
f 2338/2338/2338 2517/2517/2517 2516/2516/2516
f 2339/2339/2339 2340/2340/2340 2518/2518/2518
f 2339/2339/2339 2518/2518/2518 2517/2517/2517
f 2340/2340/2340 2341/2341/2341 2519/2519/2519
f 2340/2340/2340 2519/2519/2519 2518/2518/2518
f 2341/2341/2341 2342/2342/2342 2520/2520/2520
f 2341/2341/2341 2520/2520/2520 2519/2519/2519
f 2342/2342/2342 2343/2343/2343 2521/2521/2521
f 2342/2342/2342 2521/2521/2521 2520/2520/2520
f 2343/2343/2343 2344/2344/2344 2522/2522/2522
f 2343/2343/2343 2522/2522/2522 2521/2521/2521
f 2344/2344/2344 2345/2345/2345 2523/2523/2523
f 2344/2344/2344 2523/2523/2523 2522/2522/2522
f 2345/2345/2345 2346/2346/2346 2524/2524/2524
f 2345/2345/2345 2524/2524/2524 2523/2523/2523
f 2346/2346/2346 2347/2347/2347 2525/2525/2525
f 2346/2346/2346 2525/2525/2525 2524/2524/2524
f 2347/2347/2347 2348/2348/2348 2526/2526/2526
f 2347/2347/2347 2526/2526/2526 2525/2525/2525
f 2348/2348/2348 2349/2349/2349 2527/2527/2527
f 2348/2348/2348 2527/2527/2527 2526/2526/2526
f 2349/2349/2349 2350/2350/2350 2528/2528/2528
f 2349/2349/2349 2528/2528/2528 2527/2527/2527
f 2350/2350/2350 2351/2351/2351 2529/2529/2529
f 2350/2350/2350 2529/2529/2529 2528/2528/2528
f 2351/2351/2351 2352/2352/2352 2530/2530/2530
f 2351/2351/2351 2530/2530/2530 2529/2529/2529
f 2352/2352/2352 2353/2353/2353 2531/2531/2531
f 2352/2352/2352 2531/2531/2531 2530/2530/2530
f 2353/2353/2353 2354/2354/2354 2532/2532/2532
f 2353/2353/2353 2532/2532/2532 2531/2531/2531
f 2354/2354/2354 2355/2355/2355 2533/2533/2533
f 2354/2354/2354 2533/2533/2533 2532/2532/2532
f 2355/2355/2355 2356/2356/2356 2534/2534/2534
f 2355/2355/2355 2534/2534/2534 2533/2533/2533
f 2356/2356/2356 2357/2357/2357 2535/2535/2535
f 2356/2356/2356 2535/2535/2535 2534/2534/2534
f 2357/2357/2357 2358/2358/2358 2536/2536/2536
f 2357/2357/2357 2536/2536/2536 2535/2535/2535
f 2358/2358/2358 2359/2359/2359 2537/2537/2537
f 2358/2358/2358 2537/2537/2537 2536/2536/2536
f 2359/2359/2359 2360/2360/2360 2538/2538/2538
f 2359/2359/2359 2538/2538/2538 2537/2537/2537
f 2360/2360/2360 2361/2361/2361 2539/2539/2539
f 2360/2360/2360 2539/2539/2539 2538/2538/2538
f 2361/2361/2361 2362/2362/2362 2540/2540/2540
f 2361/2361/2361 2540/2540/2540 2539/2539/2539
f 2362/2362/2362 2363/2363/2363 2541/2541/2541
f 2362/2362/2362 2541/2541/2541 2540/2540/2540
f 2363/2363/2363 2364/2364/2364 2542/2542/2542
f 2363/2363/2363 2542/2542/2542 2541/2541/2541
f 2364/2364/2364 2365/2365/2365 2543/2543/2543
f 2364/2364/2364 2543/2543/2543 2542/2542/2542
f 2365/2365/2365 2366/2366/2366 2544/2544/2544
f 2365/2365/2365 2544/2544/2544 2543/2543/2543
f 2366/2366/2366 2367/2367/2367 2545/2545/2545
f 2366/2366/2366 2545/2545/2545 2544/2544/2544
f 2367/2367/2367 2368/2368/2368 2546/2546/2546
f 2367/2367/2367 2546/2546/2546 2545/2545/2545
f 2368/2368/2368 2369/2369/2369 2547/2547/2547
f 2368/2368/2368 2547/2547/2547 2546/2546/2546
f 2369/2369/2369 2370/2370/2370 2548/2548/2548
f 2369/2369/2369 2548/2548/2548 2547/2547/2547
f 2370/2370/2370 2371/2371/2371 2549/2549/2549
f 2370/2370/2370 2549/2549/2549 2548/2548/2548
f 2371/2371/2371 2372/2372/2372 2550/2550/2550
f 2371/2371/2371 2550/2550/2550 2549/2549/2549
f 2372/2372/2372 2373/2373/2373 2551/2551/2551
f 2372/2372/2372 2551/2551/2551 2550/2550/2550
f 2373/2373/2373 2374/2374/2374 2552/2552/2552
f 2373/2373/2373 2552/2552/2552 2551/2551/2551
f 2374/2374/2374 2375/2375/2375 2553/2553/2553
f 2374/2374/2374 2553/2553/2553 2552/2552/2552
f 2375/2375/2375 2376/2376/2376 2554/2554/2554
f 2375/2375/2375 2554/2554/2554 2553/2553/2553
f 2376/2376/2376 2377/2377/2377 2555/2555/2555
f 2376/2376/2376 2555/2555/2555 2554/2554/2554
f 2377/2377/2377 2378/2378/2378 2556/2556/2556
f 2377/2377/2377 2556/2556/2556 2555/2555/2555
f 2378/2378/2378 2379/2379/2379 2557/2557/2557
f 2378/2378/2378 2557/2557/2557 2556/2556/2556
f 2379/2379/2379 2380/2380/2380 2558/2558/2558
f 2379/2379/2379 2558/2558/2558 2557/2557/2557
f 2380/2380/2380 2381/2381/2381 2559/2559/2559
f 2380/2380/2380 2559/2559/2559 2558/2558/2558
f 2381/2381/2381 2382/2382/2382 2560/2560/2560
f 2381/2381/2381 2560/2560/2560 2559/2559/2559
f 2382/2382/2382 2383/2383/2383 2561/2561/2561
f 2382/2382/2382 2561/2561/2561 2560/2560/2560
f 2383/2383/2383 2384/2384/2384 2562/2562/2562
f 2383/2383/2383 2562/2562/2562 2561/2561/2561
f 2384/2384/2384 2385/2385/2385 2563/2563/2563
f 2384/2384/2384 2563/2563/2563 2562/2562/2562
f 2385/2385/2385 2386/2386/2386 2564/2564/2564
f 2385/2385/2385 2564/2564/2564 2563/2563/2563
f 2386/2386/2386 2387/2387/2387 2565/2565/2565
f 2386/2386/2386 2565/2565/2565 2564/2564/2564
f 2387/2387/2387 2388/2388/2388 2566/2566/2566
f 2387/2387/2387 2566/2566/2566 2565/2565/2565
f 2388/2388/2388 2389/2389/2389 2567/2567/2567
f 2388/2388/2388 2567/2567/2567 2566/2566/2566
f 2389/2389/2389 2390/2390/2390 2568/2568/2568
f 2389/2389/2389 2568/2568/2568 2567/2567/2567
f 2390/2390/2390 2391/2391/2391 2569/2569/2569
f 2390/2390/2390 2569/2569/2569 2568/2568/2568
f 2391/2391/2391 2392/2392/2392 2570/2570/2570
f 2391/2391/2391 2570/2570/2570 2569/2569/2569
f 2392/2392/2392 2393/2393/2393 2571/2571/2571
f 2392/2392/2392 2571/2571/2571 2570/2570/2570
f 2393/2393/2393 2394/2394/2394 2572/2572/2572
f 2393/2393/2393 2572/2572/2572 2571/2571/2571
f 2394/2394/2394 2395/2395/2395 2573/2573/2573
f 2394/2394/2394 2573/2573/2573 2572/2572/2572
f 2395/2395/2395 2396/2396/2396 2574/2574/2574
f 2395/2395/2395 2574/2574/2574 2573/2573/2573
f 2396/2396/2396 2397/2397/2397 2575/2575/2575
f 2396/2396/2396 2575/2575/2575 2574/2574/2574
f 2397/2397/2397 2398/2398/2398 2576/2576/2576
f 2397/2397/2397 2576/2576/2576 2575/2575/2575
f 2398/2398/2398 2399/2399/2399 2577/2577/2577
f 2398/2398/2398 2577/2577/2577 2576/2576/2576
f 2399/2399/2399 2400/2400/2400 2578/2578/2578
f 2399/2399/2399 2578/2578/2578 2577/2577/2577
f 2400/2400/2400 2401/2401/2401 2579/2579/2579
f 2400/2400/2400 2579/2579/2579 2578/2578/2578
f 2401/2401/2401 2402/2402/2402 2580/2580/2580
f 2401/2401/2401 2580/2580/2580 2579/2579/2579
f 2402/2402/2402 2403/2403/2403 2581/2581/2581
f 2402/2402/2402 2581/2581/2581 2580/2580/2580
f 2403/2403/2403 2404/2404/2404 2582/2582/2582
f 2403/2403/2403 2582/2582/2582 2581/2581/2581
f 2404/2404/2404 2405/2405/2405 2583/2583/2583
f 2404/2404/2404 2583/2583/2583 2582/2582/2582
f 2405/2405/2405 2406/2406/2406 2584/2584/2584
f 2405/2405/2405 2584/2584/2584 2583/2583/2583
f 2406/2406/2406 2407/2407/2407 2585/2585/2585
f 2406/2406/2406 2585/2585/2585 2584/2584/2584
f 2407/2407/2407 2408/2408/2408 2586/2586/2586
f 2407/2407/2407 2586/2586/2586 2585/2585/2585
f 2408/2408/2408 2409/2409/2409 2587/2587/2587
f 2408/2408/2408 2587/2587/2587 2586/2586/2586
f 2409/2409/2409 2410/2410/2410 2588/2588/2588
f 2409/2409/2409 2588/2588/2588 2587/2587/2587
f 2410/2410/2410 2411/2411/2411 2589/2589/2589
f 2410/2410/2410 2589/2589/2589 2588/2588/2588
f 2411/2411/2411 2412/2412/2412 2590/2590/2590
f 2411/2411/2411 2590/2590/2590 2589/2589/2589
f 2412/2412/2412 2413/2413/2413 2591/2591/2591
f 2412/2412/2412 2591/2591/2591 2590/2590/2590
f 2413/2413/2413 2414/2414/2414 2592/2592/2592
f 2413/2413/2413 2592/2592/2592 2591/2591/2591
f 2414/2414/2414 2415/2415/2415 2593/2593/2593
f 2414/2414/2414 2593/2593/2593 2592/2592/2592
f 2415/2415/2415 2416/2416/2416 2594/2594/2594
f 2415/2415/2415 2594/2594/2594 2593/2593/2593
f 2416/2416/2416 2417/2417/2417 2595/2595/2595
f 2416/2416/2416 2595/2595/2595 2594/2594/2594
f 2417/2417/2417 2418/2418/2418 2596/2596/2596
f 2417/2417/2417 2596/2596/2596 2595/2595/2595
f 2418/2418/2418 2419/2419/2419 2597/2597/2597
f 2418/2418/2418 2597/2597/2597 2596/2596/2596
f 2419/2419/2419 2420/2420/2420 2598/2598/2598
f 2419/2419/2419 2598/2598/2598 2597/2597/2597
f 2420/2420/2420 2421/2421/2421 2599/2599/2599
f 2420/2420/2420 2599/2599/2599 2598/2598/2598
f 2421/2421/2421 2422/2422/2422 2600/2600/2600
f 2421/2421/2421 2600/2600/2600 2599/2599/2599
f 2422/2422/2422 2423/2423/2423 2601/2601/2601
f 2422/2422/2422 2601/2601/2601 2600/2600/2600
f 2423/2423/2423 2424/2424/2424 2602/2602/2602
f 2423/2423/2423 2602/2602/2602 2601/2601/2601
f 2424/2424/2424 2425/2425/2425 2603/2603/2603
f 2424/2424/2424 2603/2603/2603 2602/2602/2602
f 2425/2425/2425 2426/2426/2426 2604/2604/2604
f 2425/2425/2425 2604/2604/2604 2603/2603/2603
f 2426/2426/2426 2427/2427/2427 2605/2605/2605
f 2426/2426/2426 2605/2605/2605 2604/2604/2604
f 2427/2427/2427 2428/2428/2428 2606/2606/2606
f 2427/2427/2427 2606/2606/2606 2605/2605/2605
f 2428/2428/2428 2429/2429/2429 2607/2607/2607
f 2428/2428/2428 2607/2607/2607 2606/2606/2606
f 2429/2429/2429 2430/2430/2430 2608/2608/2608
f 2429/2429/2429 2608/2608/2608 2607/2607/2607
f 2430/2430/2430 2431/2431/2431 2609/2609/2609
f 2430/2430/2430 2609/2609/2609 2608/2608/2608
f 2431/2431/2431 2432/2432/2432 2610/2610/2610
f 2431/2431/2431 2610/2610/2610 2609/2609/2609
f 2432/2432/2432 2433/2433/2433 2611/2611/2611
f 2432/2432/2432 2611/2611/2611 2610/2610/2610
f 2433/2433/2433 2434/2434/2434 2612/2612/2612
f 2433/2433/2433 2612/2612/2612 2611/2611/2611
f 2434/2434/2434 2435/2435/2435 2613/2613/2613
f 2434/2434/2434 2613/2613/2613 2612/2612/2612
f 2435/2435/2435 2436/2436/2436 2614/2614/2614
f 2435/2435/2435 2614/2614/2614 2613/2613/2613
f 2436/2436/2436 2437/2437/2437 2615/2615/2615
f 2436/2436/2436 2615/2615/2615 2614/2614/2614
f 2437/2437/2437 2438/2438/2438 2616/2616/2616
f 2437/2437/2437 2616/2616/2616 2615/2615/2615
f 2438/2438/2438 2439/2439/2439 2617/2617/2617
f 2438/2438/2438 2617/2617/2617 2616/2616/2616
f 2439/2439/2439 2440/2440/2440 2618/2618/2618
f 2439/2439/2439 2618/2618/2618 2617/2617/2617
f 2440/2440/2440 2441/2441/2441 2619/2619/2619
f 2440/2440/2440 2619/2619/2619 2618/2618/2618
f 2441/2441/2441 2442/2442/2442 2620/2620/2620
f 2441/2441/2441 2620/2620/2620 2619/2619/2619
f 2442/2442/2442 2443/2443/2443 2621/2621/2621
f 2442/2442/2442 2621/2621/2621 2620/2620/2620
f 2443/2443/2443 2444/2444/2444 2622/2622/2622
f 2443/2443/2443 2622/2622/2622 2621/2621/2621
f 2444/2444/2444 2445/2445/2445 2623/2623/2623
f 2444/2444/2444 2623/2623/2623 2622/2622/2622
f 2445/2445/2445 2446/2446/2446 2624/2624/2624
f 2445/2445/2445 2624/2624/2624 2623/2623/2623
f 2446/2446/2446 2447/2447/2447 2625/2625/2625
f 2446/2446/2446 2625/2625/2625 2624/2624/2624
f 2447/2447/2447 2448/2448/2448 2626/2626/2626
f 2447/2447/2447 2626/2626/2626 2625/2625/2625
f 2448/2448/2448 2449/2449/2449 2627/2627/2627
f 2448/2448/2448 2627/2627/2627 2626/2626/2626
f 2449/2449/2449 2450/2450/2450 2628/2628/2628
f 2449/2449/2449 2628/2628/2628 2627/2627/2627
f 2450/2450/2450 2451/2451/2451 2629/2629/2629
f 2450/2450/2450 2629/2629/2629 2628/2628/2628
f 2451/2451/2451 2452/2452/2452 2630/2630/2630
f 2451/2451/2451 2630/2630/2630 2629/2629/2629
f 2452/2452/2452 2453/2453/2453 2631/2631/2631
f 2452/2452/2452 2631/2631/2631 2630/2630/2630
f 2453/2453/2453 2454/2454/2454 2632/2632/2632
f 2453/2453/2453 2632/2632/2632 2631/2631/2631
f 2454/2454/2454 2455/2455/2455 2633/2633/2633
f 2454/2454/2454 2633/2633/2633 2632/2632/2632
f 2455/2455/2455 2456/2456/2456 2634/2634/2634
f 2455/2455/2455 2634/2634/2634 2633/2633/2633
f 2456/2456/2456 2457/2457/2457 2635/2635/2635
f 2456/2456/2456 2635/2635/2635 2634/2634/2634
f 2457/2457/2457 2458/2458/2458 2636/2636/2636
f 2457/2457/2457 2636/2636/2636 2635/2635/2635
f 2458/2458/2458 2459/2459/2459 2637/2637/2637
f 2458/2458/2458 2637/2637/2637 2636/2636/2636
f 2459/2459/2459 2460/2460/2460 2638/2638/2638
f 2459/2459/2459 2638/2638/2638 2637/2637/2637
f 2460/2460/2460 2461/2461/2461 2639/2639/2639
f 2460/2460/2460 2639/2639/2639 2638/2638/2638
f 2461/2461/2461 2462/2462/2462 2640/2640/2640
f 2461/2461/2461 2640/2640/2640 2639/2639/2639
f 2462/2462/2462 2463/2463/2463 2641/2641/2641
f 2462/2462/2462 2641/2641/2641 2640/2640/2640
f 2463/2463/2463 2464/2464/2464 2642/2642/2642
f 2463/2463/2463 2642/2642/2642 2641/2641/2641
f 2464/2464/2464 2465/2465/2465 2643/2643/2643
f 2464/2464/2464 2643/2643/2643 2642/2642/2642
f 2465/2465/2465 2466/2466/2466 2644/2644/2644
f 2465/2465/2465 2644/2644/2644 2643/2643/2643
f 2466/2466/2466 2467/2467/2467 2645/2645/2645
f 2466/2466/2466 2645/2645/2645 2644/2644/2644
f 2467/2467/2467 2468/2468/2468 2646/2646/2646
f 2467/2467/2467 2646/2646/2646 2645/2645/2645
f 2468/2468/2468 2469/2469/2469 2647/2647/2647
f 2468/2468/2468 2647/2647/2647 2646/2646/2646
f 2469/2469/2469 2470/2470/2470 2648/2648/2648
f 2469/2469/2469 2648/2648/2648 2647/2647/2647
f 2470/2470/2470 2471/2471/2471 2649/2649/2649
f 2470/2470/2470 2649/2649/2649 2648/2648/2648
f 2471/2471/2471 2472/2472/2472 2650/2650/2650
f 2471/2471/2471 2650/2650/2650 2649/2649/2649
f 2472/2472/2472 2473/2473/2473 2651/2651/2651
f 2472/2472/2472 2651/2651/2651 2650/2650/2650
f 2473/2473/2473 2474/2474/2474 2652/2652/2652
f 2473/2473/2473 2652/2652/2652 2651/2651/2651
f 2474/2474/2474 2475/2475/2475 2653/2653/2653
f 2474/2474/2474 2653/2653/2653 2652/2652/2652
f 2475/2475/2475 2476/2476/2476 2654/2654/2654
f 2475/2475/2475 2654/2654/2654 2653/2653/2653
f 2476/2476/2476 2477/2477/2477 2655/2655/2655
f 2476/2476/2476 2655/2655/2655 2654/2654/2654
f 2477/2477/2477 2478/2478/2478 2656/2656/2656
f 2477/2477/2477 2656/2656/2656 2655/2655/2655
f 2478/2478/2478 2479/2479/2479 2657/2657/2657
f 2478/2478/2478 2657/2657/2657 2656/2656/2656
f 2479/2479/2479 2480/2480/2480 2658/2658/2658
f 2479/2479/2479 2658/2658/2658 2657/2657/2657
f 2480/2480/2480 2481/2481/2481 2659/2659/2659
f 2480/2480/2480 2659/2659/2659 2658/2658/2658
f 2481/2481/2481 2482/2482/2482 2660/2660/2660
f 2481/2481/2481 2660/2660/2660 2659/2659/2659
f 2482/2482/2482 2483/2483/2483 2661/2661/2661
f 2482/2482/2482 2661/2661/2661 2660/2660/2660
f 2483/2483/2483 2484/2484/2484 2662/2662/2662
f 2483/2483/2483 2662/2662/2662 2661/2661/2661
f 2484/2484/2484 2485/2485/2485 2663/2663/2663
f 2484/2484/2484 2663/2663/2663 2662/2662/2662
f 2485/2485/2485 2486/2486/2486 2664/2664/2664
f 2485/2485/2485 2664/2664/2664 2663/2663/2663
f 2486/2486/2486 2487/2487/2487 2665/2665/2665
f 2486/2486/2486 2665/2665/2665 2664/2664/2664
f 2487/2487/2487 2488/2488/2488 2666/2666/2666
f 2487/2487/2487 2666/2666/2666 2665/2665/2665
f 2488/2488/2488 2489/2489/2489 2667/2667/2667
f 2488/2488/2488 2667/2667/2667 2666/2666/2666
f 2489/2489/2489 2490/2490/2490 2668/2668/2668
f 2489/2489/2489 2668/2668/2668 2667/2667/2667
f 2490/2490/2490 2491/2491/2491 2669/2669/2669
f 2490/2490/2490 2669/2669/2669 2668/2668/2668
f 2491/2491/2491 2492/2492/2492 2670/2670/2670
f 2491/2491/2491 2670/2670/2670 2669/2669/2669
f 2492/2492/2492 2315/2315/2315 2493/2493/2493
f 2492/2492/2492 2493/2493/2493 2670/2670/2670
f 2493/2493/2493 2494/2494/2494 2672/2672/2672
f 2493/2493/2493 2672/2672/2672 2671/2671/2671
f 2494/2494/2494 2495/2495/2495 2673/2673/2673
f 2494/2494/2494 2673/2673/2673 2672/2672/2672
f 2495/2495/2495 2496/2496/2496 2674/2674/2674
f 2495/2495/2495 2674/2674/2674 2673/2673/2673
f 2496/2496/2496 2497/2497/2497 2675/2675/2675
f 2496/2496/2496 2675/2675/2675 2674/2674/2674
f 2497/2497/2497 2498/2498/2498 2676/2676/2676
f 2497/2497/2497 2676/2676/2676 2675/2675/2675
f 2498/2498/2498 2499/2499/2499 2677/2677/2677
f 2498/2498/2498 2677/2677/2677 2676/2676/2676
f 2499/2499/2499 2500/2500/2500 2678/2678/2678
f 2499/2499/2499 2678/2678/2678 2677/2677/2677
f 2500/2500/2500 2501/2501/2501 2679/2679/2679
f 2500/2500/2500 2679/2679/2679 2678/2678/2678
f 2501/2501/2501 2502/2502/2502 2680/2680/2680
f 2501/2501/2501 2680/2680/2680 2679/2679/2679
f 2502/2502/2502 2503/2503/2503 2681/2681/2681
f 2502/2502/2502 2681/2681/2681 2680/2680/2680
f 2503/2503/2503 2504/2504/2504 2682/2682/2682
f 2503/2503/2503 2682/2682/2682 2681/2681/2681
f 2504/2504/2504 2505/2505/2505 2683/2683/2683
f 2504/2504/2504 2683/2683/2683 2682/2682/2682
f 2505/2505/2505 2506/2506/2506 2684/2684/2684
f 2505/2505/2505 2684/2684/2684 2683/2683/2683
f 2506/2506/2506 2507/2507/2507 2685/2685/2685
f 2506/2506/2506 2685/2685/2685 2684/2684/2684
f 2507/2507/2507 2508/2508/2508 2686/2686/2686
f 2507/2507/2507 2686/2686/2686 2685/2685/2685
f 2508/2508/2508 2509/2509/2509 2687/2687/2687
f 2508/2508/2508 2687/2687/2687 2686/2686/2686
f 2509/2509/2509 2510/2510/2510 2688/2688/2688
f 2509/2509/2509 2688/2688/2688 2687/2687/2687
f 2510/2510/2510 2511/2511/2511 2689/2689/2689
f 2510/2510/2510 2689/2689/2689 2688/2688/2688
f 2511/2511/2511 2512/2512/2512 2690/2690/2690
f 2511/2511/2511 2690/2690/2690 2689/2689/2689
f 2512/2512/2512 2513/2513/2513 2691/2691/2691
f 2512/2512/2512 2691/2691/2691 2690/2690/2690
f 2513/2513/2513 2514/2514/2514 2692/2692/2692
f 2513/2513/2513 2692/2692/2692 2691/2691/2691
f 2514/2514/2514 2515/2515/2515 2693/2693/2693
f 2514/2514/2514 2693/2693/2693 2692/2692/2692
f 2515/2515/2515 2516/2516/2516 2694/2694/2694
f 2515/2515/2515 2694/2694/2694 2693/2693/2693
f 2516/2516/2516 2517/2517/2517 2695/2695/2695
f 2516/2516/2516 2695/2695/2695 2694/2694/2694
f 2517/2517/2517 2518/2518/2518 2696/2696/2696
f 2517/2517/2517 2696/2696/2696 2695/2695/2695
f 2518/2518/2518 2519/2519/2519 2697/2697/2697
f 2518/2518/2518 2697/2697/2697 2696/2696/2696
f 2519/2519/2519 2520/2520/2520 2698/2698/2698
f 2519/2519/2519 2698/2698/2698 2697/2697/2697
f 2520/2520/2520 2521/2521/2521 2699/2699/2699
f 2520/2520/2520 2699/2699/2699 2698/2698/2698
f 2521/2521/2521 2522/2522/2522 2700/2700/2700
f 2521/2521/2521 2700/2700/2700 2699/2699/2699
f 2522/2522/2522 2523/2523/2523 2701/2701/2701
f 2522/2522/2522 2701/2701/2701 2700/2700/2700
f 2523/2523/2523 2524/2524/2524 2702/2702/2702
f 2523/2523/2523 2702/2702/2702 2701/2701/2701
f 2524/2524/2524 2525/2525/2525 2703/2703/2703
f 2524/2524/2524 2703/2703/2703 2702/2702/2702
f 2525/2525/2525 2526/2526/2526 2704/2704/2704
f 2525/2525/2525 2704/2704/2704 2703/2703/2703
f 2526/2526/2526 2527/2527/2527 2705/2705/2705
f 2526/2526/2526 2705/2705/2705 2704/2704/2704
f 2527/2527/2527 2528/2528/2528 2706/2706/2706
f 2527/2527/2527 2706/2706/2706 2705/2705/2705
f 2528/2528/2528 2529/2529/2529 2707/2707/2707
f 2528/2528/2528 2707/2707/2707 2706/2706/2706
f 2529/2529/2529 2530/2530/2530 2708/2708/2708
f 2529/2529/2529 2708/2708/2708 2707/2707/2707
f 2530/2530/2530 2531/2531/2531 2709/2709/2709
f 2530/2530/2530 2709/2709/2709 2708/2708/2708
f 2531/2531/2531 2532/2532/2532 2710/2710/2710
f 2531/2531/2531 2710/2710/2710 2709/2709/2709
f 2532/2532/2532 2533/2533/2533 2711/2711/2711
f 2532/2532/2532 2711/2711/2711 2710/2710/2710
f 2533/2533/2533 2534/2534/2534 2712/2712/2712
f 2533/2533/2533 2712/2712/2712 2711/2711/2711
f 2534/2534/2534 2535/2535/2535 2713/2713/2713
f 2534/2534/2534 2713/2713/2713 2712/2712/2712
f 2535/2535/2535 2536/2536/2536 2714/2714/2714
f 2535/2535/2535 2714/2714/2714 2713/2713/2713
f 2536/2536/2536 2537/2537/2537 2715/2715/2715
f 2536/2536/2536 2715/2715/2715 2714/2714/2714
f 2537/2537/2537 2538/2538/2538 2716/2716/2716
f 2537/2537/2537 2716/2716/2716 2715/2715/2715
f 2538/2538/2538 2539/2539/2539 2717/2717/2717
f 2538/2538/2538 2717/2717/2717 2716/2716/2716
f 2539/2539/2539 2540/2540/2540 2718/2718/2718
f 2539/2539/2539 2718/2718/2718 2717/2717/2717
f 2540/2540/2540 2541/2541/2541 2719/2719/2719
f 2540/2540/2540 2719/2719/2719 2718/2718/2718
f 2541/2541/2541 2542/2542/2542 2720/2720/2720
f 2541/2541/2541 2720/2720/2720 2719/2719/2719
f 2542/2542/2542 2543/2543/2543 2721/2721/2721
f 2542/2542/2542 2721/2721/2721 2720/2720/2720
f 2543/2543/2543 2544/2544/2544 2722/2722/2722
f 2543/2543/2543 2722/2722/2722 2721/2721/2721
f 2544/2544/2544 2545/2545/2545 2723/2723/2723
f 2544/2544/2544 2723/2723/2723 2722/2722/2722
f 2545/2545/2545 2546/2546/2546 2724/2724/2724
f 2545/2545/2545 2724/2724/2724 2723/2723/2723
f 2546/2546/2546 2547/2547/2547 2725/2725/2725
f 2546/2546/2546 2725/2725/2725 2724/2724/2724
f 2547/2547/2547 2548/2548/2548 2726/2726/2726
f 2547/2547/2547 2726/2726/2726 2725/2725/2725
f 2548/2548/2548 2549/2549/2549 2727/2727/2727
f 2548/2548/2548 2727/2727/2727 2726/2726/2726
f 2549/2549/2549 2550/2550/2550 2728/2728/2728
f 2549/2549/2549 2728/2728/2728 2727/2727/2727
f 2550/2550/2550 2551/2551/2551 2729/2729/2729
f 2550/2550/2550 2729/2729/2729 2728/2728/2728
f 2551/2551/2551 2552/2552/2552 2730/2730/2730
f 2551/2551/2551 2730/2730/2730 2729/2729/2729
f 2552/2552/2552 2553/2553/2553 2731/2731/2731
f 2552/2552/2552 2731/2731/2731 2730/2730/2730
f 2553/2553/2553 2554/2554/2554 2732/2732/2732
f 2553/2553/2553 2732/2732/2732 2731/2731/2731
f 2554/2554/2554 2555/2555/2555 2733/2733/2733
f 2554/2554/2554 2733/2733/2733 2732/2732/2732
f 2555/2555/2555 2556/2556/2556 2734/2734/2734
f 2555/2555/2555 2734/2734/2734 2733/2733/2733
f 2556/2556/2556 2557/2557/2557 2735/2735/2735
f 2556/2556/2556 2735/2735/2735 2734/2734/2734
f 2557/2557/2557 2558/2558/2558 2736/2736/2736
f 2557/2557/2557 2736/2736/2736 2735/2735/2735
f 2558/2558/2558 2559/2559/2559 2737/2737/2737
f 2558/2558/2558 2737/2737/2737 2736/2736/2736
f 2559/2559/2559 2560/2560/2560 2738/2738/2738
f 2559/2559/2559 2738/2738/2738 2737/2737/2737
f 2560/2560/2560 2561/2561/2561 2739/2739/2739
f 2560/2560/2560 2739/2739/2739 2738/2738/2738
f 2561/2561/2561 2562/2562/2562 2740/2740/2740
f 2561/2561/2561 2740/2740/2740 2739/2739/2739
f 2562/2562/2562 2563/2563/2563 2741/2741/2741
f 2562/2562/2562 2741/2741/2741 2740/2740/2740
f 2563/2563/2563 2564/2564/2564 2742/2742/2742
f 2563/2563/2563 2742/2742/2742 2741/2741/2741
f 2564/2564/2564 2565/2565/2565 2743/2743/2743
f 2564/2564/2564 2743/2743/2743 2742/2742/2742
f 2565/2565/2565 2566/2566/2566 2744/2744/2744
f 2565/2565/2565 2744/2744/2744 2743/2743/2743
f 2566/2566/2566 2567/2567/2567 2745/2745/2745
f 2566/2566/2566 2745/2745/2745 2744/2744/2744
f 2567/2567/2567 2568/2568/2568 2746/2746/2746
f 2567/2567/2567 2746/2746/2746 2745/2745/2745
f 2568/2568/2568 2569/2569/2569 2747/2747/2747
f 2568/2568/2568 2747/2747/2747 2746/2746/2746
f 2569/2569/2569 2570/2570/2570 2748/2748/2748
f 2569/2569/2569 2748/2748/2748 2747/2747/2747
f 2570/2570/2570 2571/2571/2571 2749/2749/2749
f 2570/2570/2570 2749/2749/2749 2748/2748/2748
f 2571/2571/2571 2572/2572/2572 2750/2750/2750
f 2571/2571/2571 2750/2750/2750 2749/2749/2749
f 2572/2572/2572 2573/2573/2573 2751/2751/2751
f 2572/2572/2572 2751/2751/2751 2750/2750/2750
f 2573/2573/2573 2574/2574/2574 2752/2752/2752
f 2573/2573/2573 2752/2752/2752 2751/2751/2751
f 2574/2574/2574 2575/2575/2575 2753/2753/2753
f 2574/2574/2574 2753/2753/2753 2752/2752/2752
f 2575/2575/2575 2576/2576/2576 2754/2754/2754
f 2575/2575/2575 2754/2754/2754 2753/2753/2753
f 2576/2576/2576 2577/2577/2577 2755/2755/2755
f 2576/2576/2576 2755/2755/2755 2754/2754/2754
f 2577/2577/2577 2578/2578/2578 2756/2756/2756
f 2577/2577/2577 2756/2756/2756 2755/2755/2755
f 2578/2578/2578 2579/2579/2579 2757/2757/2757
f 2578/2578/2578 2757/2757/2757 2756/2756/2756
f 2579/2579/2579 2580/2580/2580 2758/2758/2758
f 2579/2579/2579 2758/2758/2758 2757/2757/2757
f 2580/2580/2580 2581/2581/2581 2759/2759/2759
f 2580/2580/2580 2759/2759/2759 2758/2758/2758
f 2581/2581/2581 2582/2582/2582 2760/2760/2760
f 2581/2581/2581 2760/2760/2760 2759/2759/2759
f 2582/2582/2582 2583/2583/2583 2761/2761/2761
f 2582/2582/2582 2761/2761/2761 2760/2760/2760
f 2583/2583/2583 2584/2584/2584 2762/2762/2762
f 2583/2583/2583 2762/2762/2762 2761/2761/2761
f 2584/2584/2584 2585/2585/2585 2763/2763/2763
f 2584/2584/2584 2763/2763/2763 2762/2762/2762
f 2585/2585/2585 2586/2586/2586 2764/2764/2764
f 2585/2585/2585 2764/2764/2764 2763/2763/2763
f 2586/2586/2586 2587/2587/2587 2765/2765/2765
f 2586/2586/2586 2765/2765/2765 2764/2764/2764
f 2587/2587/2587 2588/2588/2588 2766/2766/2766
f 2587/2587/2587 2766/2766/2766 2765/2765/2765
f 2588/2588/2588 2589/2589/2589 2767/2767/2767
f 2588/2588/2588 2767/2767/2767 2766/2766/2766
f 2589/2589/2589 2590/2590/2590 2768/2768/2768
f 2589/2589/2589 2768/2768/2768 2767/2767/2767
f 2590/2590/2590 2591/2591/2591 2769/2769/2769
f 2590/2590/2590 2769/2769/2769 2768/2768/2768
f 2591/2591/2591 2592/2592/2592 2770/2770/2770
f 2591/2591/2591 2770/2770/2770 2769/2769/2769
f 2592/2592/2592 2593/2593/2593 2771/2771/2771
f 2592/2592/2592 2771/2771/2771 2770/2770/2770
f 2593/2593/2593 2594/2594/2594 2772/2772/2772
f 2593/2593/2593 2772/2772/2772 2771/2771/2771
f 2594/2594/2594 2595/2595/2595 2773/2773/2773
f 2594/2594/2594 2773/2773/2773 2772/2772/2772
f 2595/2595/2595 2596/2596/2596 2774/2774/2774
f 2595/2595/2595 2774/2774/2774 2773/2773/2773
f 2596/2596/2596 2597/2597/2597 2775/2775/2775
f 2596/2596/2596 2775/2775/2775 2774/2774/2774
f 2597/2597/2597 2598/2598/2598 2776/2776/2776
f 2597/2597/2597 2776/2776/2776 2775/2775/2775
f 2598/2598/2598 2599/2599/2599 2777/2777/2777
f 2598/2598/2598 2777/2777/2777 2776/2776/2776
f 2599/2599/2599 2600/2600/2600 2778/2778/2778
f 2599/2599/2599 2778/2778/2778 2777/2777/2777
f 2600/2600/2600 2601/2601/2601 2779/2779/2779
f 2600/2600/2600 2779/2779/2779 2778/2778/2778
f 2601/2601/2601 2602/2602/2602 2780/2780/2780
f 2601/2601/2601 2780/2780/2780 2779/2779/2779
f 2602/2602/2602 2603/2603/2603 2781/2781/2781
f 2602/2602/2602 2781/2781/2781 2780/2780/2780
f 2603/2603/2603 2604/2604/2604 2782/2782/2782
f 2603/2603/2603 2782/2782/2782 2781/2781/2781
f 2604/2604/2604 2605/2605/2605 2783/2783/2783
f 2604/2604/2604 2783/2783/2783 2782/2782/2782
f 2605/2605/2605 2606/2606/2606 2784/2784/2784
f 2605/2605/2605 2784/2784/2784 2783/2783/2783
f 2606/2606/2606 2607/2607/2607 2785/2785/2785
f 2606/2606/2606 2785/2785/2785 2784/2784/2784
f 2607/2607/2607 2608/2608/2608 2786/2786/2786
f 2607/2607/2607 2786/2786/2786 2785/2785/2785
f 2608/2608/2608 2609/2609/2609 2787/2787/2787
f 2608/2608/2608 2787/2787/2787 2786/2786/2786
f 2609/2609/2609 2610/2610/2610 2788/2788/2788
f 2609/2609/2609 2788/2788/2788 2787/2787/2787
f 2610/2610/2610 2611/2611/2611 2789/2789/2789
f 2610/2610/2610 2789/2789/2789 2788/2788/2788
f 2611/2611/2611 2612/2612/2612 2790/2790/2790
f 2611/2611/2611 2790/2790/2790 2789/2789/2789
f 2612/2612/2612 2613/2613/2613 2791/2791/2791
f 2612/2612/2612 2791/2791/2791 2790/2790/2790
f 2613/2613/2613 2614/2614/2614 2792/2792/2792
f 2613/2613/2613 2792/2792/2792 2791/2791/2791
f 2614/2614/2614 2615/2615/2615 2793/2793/2793
f 2614/2614/2614 2793/2793/2793 2792/2792/2792
f 2615/2615/2615 2616/2616/2616 2794/2794/2794
f 2615/2615/2615 2794/2794/2794 2793/2793/2793
f 2616/2616/2616 2617/2617/2617 2795/2795/2795
f 2616/2616/2616 2795/2795/2795 2794/2794/2794
f 2617/2617/2617 2618/2618/2618 2796/2796/2796
f 2617/2617/2617 2796/2796/2796 2795/2795/2795
f 2618/2618/2618 2619/2619/2619 2797/2797/2797
f 2618/2618/2618 2797/2797/2797 2796/2796/2796
f 2619/2619/2619 2620/2620/2620 2798/2798/2798
f 2619/2619/2619 2798/2798/2798 2797/2797/2797
f 2620/2620/2620 2621/2621/2621 2799/2799/2799
f 2620/2620/2620 2799/2799/2799 2798/2798/2798
f 2621/2621/2621 2622/2622/2622 2800/2800/2800
f 2621/2621/2621 2800/2800/2800 2799/2799/2799
f 2622/2622/2622 2623/2623/2623 2801/2801/2801
f 2622/2622/2622 2801/2801/2801 2800/2800/2800
f 2623/2623/2623 2624/2624/2624 2802/2802/2802
f 2623/2623/2623 2802/2802/2802 2801/2801/2801
f 2624/2624/2624 2625/2625/2625 2803/2803/2803
f 2624/2624/2624 2803/2803/2803 2802/2802/2802
f 2625/2625/2625 2626/2626/2626 2804/2804/2804
f 2625/2625/2625 2804/2804/2804 2803/2803/2803
f 2626/2626/2626 2627/2627/2627 2805/2805/2805
f 2626/2626/2626 2805/2805/2805 2804/2804/2804
f 2627/2627/2627 2628/2628/2628 2806/2806/2806
f 2627/2627/2627 2806/2806/2806 2805/2805/2805
f 2628/2628/2628 2629/2629/2629 2807/2807/2807
f 2628/2628/2628 2807/2807/2807 2806/2806/2806
f 2629/2629/2629 2630/2630/2630 2808/2808/2808
f 2629/2629/2629 2808/2808/2808 2807/2807/2807
f 2630/2630/2630 2631/2631/2631 2809/2809/2809
f 2630/2630/2630 2809/2809/2809 2808/2808/2808
f 2631/2631/2631 2632/2632/2632 2810/2810/2810
f 2631/2631/2631 2810/2810/2810 2809/2809/2809
f 2632/2632/2632 2633/2633/2633 2811/2811/2811
f 2632/2632/2632 2811/2811/2811 2810/2810/2810
f 2633/2633/2633 2634/2634/2634 2812/2812/2812
f 2633/2633/2633 2812/2812/2812 2811/2811/2811
f 2634/2634/2634 2635/2635/2635 2813/2813/2813
f 2634/2634/2634 2813/2813/2813 2812/2812/2812
f 2635/2635/2635 2636/2636/2636 2814/2814/2814
f 2635/2635/2635 2814/2814/2814 2813/2813/2813
f 2636/2636/2636 2637/2637/2637 2815/2815/2815
f 2636/2636/2636 2815/2815/2815 2814/2814/2814
f 2637/2637/2637 2638/2638/2638 2816/2816/2816
f 2637/2637/2637 2816/2816/2816 2815/2815/2815
f 2638/2638/2638 2639/2639/2639 2817/2817/2817
f 2638/2638/2638 2817/2817/2817 2816/2816/2816
f 2639/2639/2639 2640/2640/2640 2818/2818/2818
f 2639/2639/2639 2818/2818/2818 2817/2817/2817
f 2640/2640/2640 2641/2641/2641 2819/2819/2819
f 2640/2640/2640 2819/2819/2819 2818/2818/2818
f 2641/2641/2641 2642/2642/2642 2820/2820/2820
f 2641/2641/2641 2820/2820/2820 2819/2819/2819
f 2642/2642/2642 2643/2643/2643 2821/2821/2821
f 2642/2642/2642 2821/2821/2821 2820/2820/2820
f 2643/2643/2643 2644/2644/2644 2822/2822/2822
f 2643/2643/2643 2822/2822/2822 2821/2821/2821
f 2644/2644/2644 2645/2645/2645 2823/2823/2823
f 2644/2644/2644 2823/2823/2823 2822/2822/2822
f 2645/2645/2645 2646/2646/2646 2824/2824/2824
f 2645/2645/2645 2824/2824/2824 2823/2823/2823
f 2646/2646/2646 2647/2647/2647 2825/2825/2825
f 2646/2646/2646 2825/2825/2825 2824/2824/2824
f 2647/2647/2647 2648/2648/2648 2826/2826/2826
f 2647/2647/2647 2826/2826/2826 2825/2825/2825
f 2648/2648/2648 2649/2649/2649 2827/2827/2827
f 2648/2648/2648 2827/2827/2827 2826/2826/2826
f 2649/2649/2649 2650/2650/2650 2828/2828/2828
f 2649/2649/2649 2828/2828/2828 2827/2827/2827
f 2650/2650/2650 2651/2651/2651 2829/2829/2829
f 2650/2650/2650 2829/2829/2829 2828/2828/2828
f 2651/2651/2651 2652/2652/2652 2830/2830/2830
f 2651/2651/2651 2830/2830/2830 2829/2829/2829
f 2652/2652/2652 2653/2653/2653 2831/2831/2831
f 2652/2652/2652 2831/2831/2831 2830/2830/2830
f 2653/2653/2653 2654/2654/2654 2832/2832/2832
f 2653/2653/2653 2832/2832/2832 2831/2831/2831
f 2654/2654/2654 2655/2655/2655 2833/2833/2833
f 2654/2654/2654 2833/2833/2833 2832/2832/2832
f 2655/2655/2655 2656/2656/2656 2834/2834/2834
f 2655/2655/2655 2834/2834/2834 2833/2833/2833
f 2656/2656/2656 2657/2657/2657 2835/2835/2835
f 2656/2656/2656 2835/2835/2835 2834/2834/2834
f 2657/2657/2657 2658/2658/2658 2836/2836/2836
f 2657/2657/2657 2836/2836/2836 2835/2835/2835
f 2658/2658/2658 2659/2659/2659 2837/2837/2837
f 2658/2658/2658 2837/2837/2837 2836/2836/2836
f 2659/2659/2659 2660/2660/2660 2838/2838/2838
f 2659/2659/2659 2838/2838/2838 2837/2837/2837
f 2660/2660/2660 2661/2661/2661 2839/2839/2839
f 2660/2660/2660 2839/2839/2839 2838/2838/2838
f 2661/2661/2661 2662/2662/2662 2840/2840/2840
f 2661/2661/2661 2840/2840/2840 2839/2839/2839
f 2662/2662/2662 2663/2663/2663 2841/2841/2841
f 2662/2662/2662 2841/2841/2841 2840/2840/2840
f 2663/2663/2663 2664/2664/2664 2842/2842/2842
f 2663/2663/2663 2842/2842/2842 2841/2841/2841
f 2664/2664/2664 2665/2665/2665 2843/2843/2843
f 2664/2664/2664 2843/2843/2843 2842/2842/2842
f 2665/2665/2665 2666/2666/2666 2844/2844/2844
f 2665/2665/2665 2844/2844/2844 2843/2843/2843
f 2666/2666/2666 2667/2667/2667 2845/2845/2845
f 2666/2666/2666 2845/2845/2845 2844/2844/2844
f 2667/2667/2667 2668/2668/2668 2846/2846/2846
f 2667/2667/2667 2846/2846/2846 2845/2845/2845
f 2668/2668/2668 2669/2669/2669 2847/2847/2847
f 2668/2668/2668 2847/2847/2847 2846/2846/2846
f 2669/2669/2669 2670/2670/2670 2848/2848/2848
f 2669/2669/2669 2848/2848/2848 2847/2847/2847
f 2670/2670/2670 2493/2493/2493 2671/2671/2671
f 2670/2670/2670 2671/2671/2671 2848/2848/2848
f 2671/2671/2671 2672/2672/2672 2850/2850/2850
f 2671/2671/2671 2850/2850/2850 2849/2849/2849
f 2672/2672/2672 2673/2673/2673 2851/2851/2851
f 2672/2672/2672 2851/2851/2851 2850/2850/2850
f 2673/2673/2673 2674/2674/2674 2852/2852/2852
f 2673/2673/2673 2852/2852/2852 2851/2851/2851
f 2674/2674/2674 2675/2675/2675 2853/2853/2853
f 2674/2674/2674 2853/2853/2853 2852/2852/2852
f 2675/2675/2675 2676/2676/2676 2854/2854/2854
f 2675/2675/2675 2854/2854/2854 2853/2853/2853
f 2676/2676/2676 2677/2677/2677 2855/2855/2855
f 2676/2676/2676 2855/2855/2855 2854/2854/2854
f 2677/2677/2677 2678/2678/2678 2856/2856/2856
f 2677/2677/2677 2856/2856/2856 2855/2855/2855
f 2678/2678/2678 2679/2679/2679 2857/2857/2857
f 2678/2678/2678 2857/2857/2857 2856/2856/2856
f 2679/2679/2679 2680/2680/2680 2858/2858/2858
f 2679/2679/2679 2858/2858/2858 2857/2857/2857
f 2680/2680/2680 2681/2681/2681 2859/2859/2859
f 2680/2680/2680 2859/2859/2859 2858/2858/2858
f 2681/2681/2681 2682/2682/2682 2860/2860/2860
f 2681/2681/2681 2860/2860/2860 2859/2859/2859
f 2682/2682/2682 2683/2683/2683 2861/2861/2861
f 2682/2682/2682 2861/2861/2861 2860/2860/2860
f 2683/2683/2683 2684/2684/2684 2862/2862/2862
f 2683/2683/2683 2862/2862/2862 2861/2861/2861
f 2684/2684/2684 2685/2685/2685 2863/2863/2863
f 2684/2684/2684 2863/2863/2863 2862/2862/2862
f 2685/2685/2685 2686/2686/2686 2864/2864/2864
f 2685/2685/2685 2864/2864/2864 2863/2863/2863
f 2686/2686/2686 2687/2687/2687 2865/2865/2865
f 2686/2686/2686 2865/2865/2865 2864/2864/2864
f 2687/2687/2687 2688/2688/2688 2866/2866/2866
f 2687/2687/2687 2866/2866/2866 2865/2865/2865
f 2688/2688/2688 2689/2689/2689 2867/2867/2867
f 2688/2688/2688 2867/2867/2867 2866/2866/2866
f 2689/2689/2689 2690/2690/2690 2868/2868/2868
f 2689/2689/2689 2868/2868/2868 2867/2867/2867
f 2690/2690/2690 2691/2691/2691 2869/2869/2869
f 2690/2690/2690 2869/2869/2869 2868/2868/2868
f 2691/2691/2691 2692/2692/2692 2870/2870/2870
f 2691/2691/2691 2870/2870/2870 2869/2869/2869
f 2692/2692/2692 2693/2693/2693 2871/2871/2871
f 2692/2692/2692 2871/2871/2871 2870/2870/2870
f 2693/2693/2693 2694/2694/2694 2872/2872/2872
f 2693/2693/2693 2872/2872/2872 2871/2871/2871
f 2694/2694/2694 2695/2695/2695 2873/2873/2873
f 2694/2694/2694 2873/2873/2873 2872/2872/2872
f 2695/2695/2695 2696/2696/2696 2874/2874/2874
f 2695/2695/2695 2874/2874/2874 2873/2873/2873
f 2696/2696/2696 2697/2697/2697 2875/2875/2875
f 2696/2696/2696 2875/2875/2875 2874/2874/2874
f 2697/2697/2697 2698/2698/2698 2876/2876/2876
f 2697/2697/2697 2876/2876/2876 2875/2875/2875
f 2698/2698/2698 2699/2699/2699 2877/2877/2877
f 2698/2698/2698 2877/2877/2877 2876/2876/2876
f 2699/2699/2699 2700/2700/2700 2878/2878/2878
f 2699/2699/2699 2878/2878/2878 2877/2877/2877
f 2700/2700/2700 2701/2701/2701 2879/2879/2879
f 2700/2700/2700 2879/2879/2879 2878/2878/2878
f 2701/2701/2701 2702/2702/2702 2880/2880/2880
f 2701/2701/2701 2880/2880/2880 2879/2879/2879
f 2702/2702/2702 2703/2703/2703 2881/2881/2881
f 2702/2702/2702 2881/2881/2881 2880/2880/2880
f 2703/2703/2703 2704/2704/2704 2882/2882/2882
f 2703/2703/2703 2882/2882/2882 2881/2881/2881
f 2704/2704/2704 2705/2705/2705 2883/2883/2883
f 2704/2704/2704 2883/2883/2883 2882/2882/2882
f 2705/2705/2705 2706/2706/2706 2884/2884/2884
f 2705/2705/2705 2884/2884/2884 2883/2883/2883
f 2706/2706/2706 2707/2707/2707 2885/2885/2885
f 2706/2706/2706 2885/2885/2885 2884/2884/2884
f 2707/2707/2707 2708/2708/2708 2886/2886/2886
f 2707/2707/2707 2886/2886/2886 2885/2885/2885
f 2708/2708/2708 2709/2709/2709 2887/2887/2887
f 2708/2708/2708 2887/2887/2887 2886/2886/2886
f 2709/2709/2709 2710/2710/2710 2888/2888/2888
f 2709/2709/2709 2888/2888/2888 2887/2887/2887
f 2710/2710/2710 2711/2711/2711 2889/2889/2889
f 2710/2710/2710 2889/2889/2889 2888/2888/2888
f 2711/2711/2711 2712/2712/2712 2890/2890/2890
f 2711/2711/2711 2890/2890/2890 2889/2889/2889
f 2712/2712/2712 2713/2713/2713 2891/2891/2891
f 2712/2712/2712 2891/2891/2891 2890/2890/2890
f 2713/2713/2713 2714/2714/2714 2892/2892/2892
f 2713/2713/2713 2892/2892/2892 2891/2891/2891
f 2714/2714/2714 2715/2715/2715 2893/2893/2893
f 2714/2714/2714 2893/2893/2893 2892/2892/2892
f 2715/2715/2715 2716/2716/2716 2894/2894/2894
f 2715/2715/2715 2894/2894/2894 2893/2893/2893
f 2716/2716/2716 2717/2717/2717 2895/2895/2895
f 2716/2716/2716 2895/2895/2895 2894/2894/2894
f 2717/2717/2717 2718/2718/2718 2896/2896/2896
f 2717/2717/2717 2896/2896/2896 2895/2895/2895
f 2718/2718/2718 2719/2719/2719 2897/2897/2897
f 2718/2718/2718 2897/2897/2897 2896/2896/2896
f 2719/2719/2719 2720/2720/2720 2898/2898/2898
f 2719/2719/2719 2898/2898/2898 2897/2897/2897
f 2720/2720/2720 2721/2721/2721 2899/2899/2899
f 2720/2720/2720 2899/2899/2899 2898/2898/2898
f 2721/2721/2721 2722/2722/2722 2900/2900/2900
f 2721/2721/2721 2900/2900/2900 2899/2899/2899
f 2722/2722/2722 2723/2723/2723 2901/2901/2901
f 2722/2722/2722 2901/2901/2901 2900/2900/2900
f 2723/2723/2723 2724/2724/2724 2902/2902/2902
f 2723/2723/2723 2902/2902/2902 2901/2901/2901
f 2724/2724/2724 2725/2725/2725 2903/2903/2903
f 2724/2724/2724 2903/2903/2903 2902/2902/2902
f 2725/2725/2725 2726/2726/2726 2904/2904/2904
f 2725/2725/2725 2904/2904/2904 2903/2903/2903
f 2726/2726/2726 2727/2727/2727 2905/2905/2905
f 2726/2726/2726 2905/2905/2905 2904/2904/2904
f 2727/2727/2727 2728/2728/2728 2906/2906/2906
f 2727/2727/2727 2906/2906/2906 2905/2905/2905
f 2728/2728/2728 2729/2729/2729 2907/2907/2907
f 2728/2728/2728 2907/2907/2907 2906/2906/2906
f 2729/2729/2729 2730/2730/2730 2908/2908/2908
f 2729/2729/2729 2908/2908/2908 2907/2907/2907
f 2730/2730/2730 2731/2731/2731 2909/2909/2909
f 2730/2730/2730 2909/2909/2909 2908/2908/2908
f 2731/2731/2731 2732/2732/2732 2910/2910/2910
f 2731/2731/2731 2910/2910/2910 2909/2909/2909
f 2732/2732/2732 2733/2733/2733 2911/2911/2911
f 2732/2732/2732 2911/2911/2911 2910/2910/2910
f 2733/2733/2733 2734/2734/2734 2912/2912/2912
f 2733/2733/2733 2912/2912/2912 2911/2911/2911
f 2734/2734/2734 2735/2735/2735 2913/2913/2913
f 2734/2734/2734 2913/2913/2913 2912/2912/2912
f 2735/2735/2735 2736/2736/2736 2914/2914/2914
f 2735/2735/2735 2914/2914/2914 2913/2913/2913
f 2736/2736/2736 2737/2737/2737 2915/2915/2915
f 2736/2736/2736 2915/2915/2915 2914/2914/2914
f 2737/2737/2737 2738/2738/2738 2916/2916/2916
f 2737/2737/2737 2916/2916/2916 2915/2915/2915
f 2738/2738/2738 2739/2739/2739 2917/2917/2917
f 2738/2738/2738 2917/2917/2917 2916/2916/2916
f 2739/2739/2739 2740/2740/2740 2918/2918/2918
f 2739/2739/2739 2918/2918/2918 2917/2917/2917
f 2740/2740/2740 2741/2741/2741 2919/2919/2919
f 2740/2740/2740 2919/2919/2919 2918/2918/2918
f 2741/2741/2741 2742/2742/2742 2920/2920/2920
f 2741/2741/2741 2920/2920/2920 2919/2919/2919
f 2742/2742/2742 2743/2743/2743 2921/2921/2921
f 2742/2742/2742 2921/2921/2921 2920/2920/2920
f 2743/2743/2743 2744/2744/2744 2922/2922/2922
f 2743/2743/2743 2922/2922/2922 2921/2921/2921
f 2744/2744/2744 2745/2745/2745 2923/2923/2923
f 2744/2744/2744 2923/2923/2923 2922/2922/2922
f 2745/2745/2745 2746/2746/2746 2924/2924/2924
f 2745/2745/2745 2924/2924/2924 2923/2923/2923
f 2746/2746/2746 2747/2747/2747 2925/2925/2925
f 2746/2746/2746 2925/2925/2925 2924/2924/2924
f 2747/2747/2747 2748/2748/2748 2926/2926/2926
f 2747/2747/2747 2926/2926/2926 2925/2925/2925
f 2748/2748/2748 2749/2749/2749 2927/2927/2927
f 2748/2748/2748 2927/2927/2927 2926/2926/2926
f 2749/2749/2749 2750/2750/2750 2928/2928/2928
f 2749/2749/2749 2928/2928/2928 2927/2927/2927
f 2750/2750/2750 2751/2751/2751 2929/2929/2929
f 2750/2750/2750 2929/2929/2929 2928/2928/2928
f 2751/2751/2751 2752/2752/2752 2930/2930/2930
f 2751/2751/2751 2930/2930/2930 2929/2929/2929
f 2752/2752/2752 2753/2753/2753 2931/2931/2931
f 2752/2752/2752 2931/2931/2931 2930/2930/2930
f 2753/2753/2753 2754/2754/2754 2932/2932/2932
f 2753/2753/2753 2932/2932/2932 2931/2931/2931
f 2754/2754/2754 2755/2755/2755 2933/2933/2933
f 2754/2754/2754 2933/2933/2933 2932/2932/2932
f 2755/2755/2755 2756/2756/2756 2934/2934/2934
f 2755/2755/2755 2934/2934/2934 2933/2933/2933
f 2756/2756/2756 2757/2757/2757 2935/2935/2935
f 2756/2756/2756 2935/2935/2935 2934/2934/2934
f 2757/2757/2757 2758/2758/2758 2936/2936/2936
f 2757/2757/2757 2936/2936/2936 2935/2935/2935
f 2758/2758/2758 2759/2759/2759 2937/2937/2937
f 2758/2758/2758 2937/2937/2937 2936/2936/2936
f 2759/2759/2759 2760/2760/2760 2938/2938/2938
f 2759/2759/2759 2938/2938/2938 2937/2937/2937
f 2760/2760/2760 2761/2761/2761 2939/2939/2939
f 2760/2760/2760 2939/2939/2939 2938/2938/2938
f 2761/2761/2761 2762/2762/2762 2940/2940/2940
f 2761/2761/2761 2940/2940/2940 2939/2939/2939
f 2762/2762/2762 2763/2763/2763 2941/2941/2941
f 2762/2762/2762 2941/2941/2941 2940/2940/2940
f 2763/2763/2763 2764/2764/2764 2942/2942/2942
f 2763/2763/2763 2942/2942/2942 2941/2941/2941
f 2764/2764/2764 2765/2765/2765 2943/2943/2943
f 2764/2764/2764 2943/2943/2943 2942/2942/2942
f 2765/2765/2765 2766/2766/2766 2944/2944/2944
f 2765/2765/2765 2944/2944/2944 2943/2943/2943
f 2766/2766/2766 2767/2767/2767 2945/2945/2945
f 2766/2766/2766 2945/2945/2945 2944/2944/2944
f 2767/2767/2767 2768/2768/2768 2946/2946/2946
f 2767/2767/2767 2946/2946/2946 2945/2945/2945
f 2768/2768/2768 2769/2769/2769 2947/2947/2947
f 2768/2768/2768 2947/2947/2947 2946/2946/2946
f 2769/2769/2769 2770/2770/2770 2948/2948/2948
f 2769/2769/2769 2948/2948/2948 2947/2947/2947
f 2770/2770/2770 2771/2771/2771 2949/2949/2949
f 2770/2770/2770 2949/2949/2949 2948/2948/2948
f 2771/2771/2771 2772/2772/2772 2950/2950/2950
f 2771/2771/2771 2950/2950/2950 2949/2949/2949
f 2772/2772/2772 2773/2773/2773 2951/2951/2951
f 2772/2772/2772 2951/2951/2951 2950/2950/2950
f 2773/2773/2773 2774/2774/2774 2952/2952/2952
f 2773/2773/2773 2952/2952/2952 2951/2951/2951
f 2774/2774/2774 2775/2775/2775 2953/2953/2953
f 2774/2774/2774 2953/2953/2953 2952/2952/2952
f 2775/2775/2775 2776/2776/2776 2954/2954/2954
f 2775/2775/2775 2954/2954/2954 2953/2953/2953
f 2776/2776/2776 2777/2777/2777 2955/2955/2955
f 2776/2776/2776 2955/2955/2955 2954/2954/2954
f 2777/2777/2777 2778/2778/2778 2956/2956/2956
f 2777/2777/2777 2956/2956/2956 2955/2955/2955
f 2778/2778/2778 2779/2779/2779 2957/2957/2957
f 2778/2778/2778 2957/2957/2957 2956/2956/2956
f 2779/2779/2779 2780/2780/2780 2958/2958/2958
f 2779/2779/2779 2958/2958/2958 2957/2957/2957
f 2780/2780/2780 2781/2781/2781 2959/2959/2959
f 2780/2780/2780 2959/2959/2959 2958/2958/2958
f 2781/2781/2781 2782/2782/2782 2960/2960/2960
f 2781/2781/2781 2960/2960/2960 2959/2959/2959
f 2782/2782/2782 2783/2783/2783 2961/2961/2961
f 2782/2782/2782 2961/2961/2961 2960/2960/2960
f 2783/2783/2783 2784/2784/2784 2962/2962/2962
f 2783/2783/2783 2962/2962/2962 2961/2961/2961
f 2784/2784/2784 2785/2785/2785 2963/2963/2963
f 2784/2784/2784 2963/2963/2963 2962/2962/2962
f 2785/2785/2785 2786/2786/2786 2964/2964/2964
f 2785/2785/2785 2964/2964/2964 2963/2963/2963
f 2786/2786/2786 2787/2787/2787 2965/2965/2965
f 2786/2786/2786 2965/2965/2965 2964/2964/2964
f 2787/2787/2787 2788/2788/2788 2966/2966/2966
f 2787/2787/2787 2966/2966/2966 2965/2965/2965
f 2788/2788/2788 2789/2789/2789 2967/2967/2967
f 2788/2788/2788 2967/2967/2967 2966/2966/2966
f 2789/2789/2789 2790/2790/2790 2968/2968/2968
f 2789/2789/2789 2968/2968/2968 2967/2967/2967
f 2790/2790/2790 2791/2791/2791 2969/2969/2969
f 2790/2790/2790 2969/2969/2969 2968/2968/2968
f 2791/2791/2791 2792/2792/2792 2970/2970/2970
f 2791/2791/2791 2970/2970/2970 2969/2969/2969
f 2792/2792/2792 2793/2793/2793 2971/2971/2971
f 2792/2792/2792 2971/2971/2971 2970/2970/2970
f 2793/2793/2793 2794/2794/2794 2972/2972/2972
f 2793/2793/2793 2972/2972/2972 2971/2971/2971
f 2794/2794/2794 2795/2795/2795 2973/2973/2973
f 2794/2794/2794 2973/2973/2973 2972/2972/2972
f 2795/2795/2795 2796/2796/2796 2974/2974/2974
f 2795/2795/2795 2974/2974/2974 2973/2973/2973
f 2796/2796/2796 2797/2797/2797 2975/2975/2975
f 2796/2796/2796 2975/2975/2975 2974/2974/2974
f 2797/2797/2797 2798/2798/2798 2976/2976/2976
f 2797/2797/2797 2976/2976/2976 2975/2975/2975
f 2798/2798/2798 2799/2799/2799 2977/2977/2977
f 2798/2798/2798 2977/2977/2977 2976/2976/2976
f 2799/2799/2799 2800/2800/2800 2978/2978/2978
f 2799/2799/2799 2978/2978/2978 2977/2977/2977
f 2800/2800/2800 2801/2801/2801 2979/2979/2979
f 2800/2800/2800 2979/2979/2979 2978/2978/2978
f 2801/2801/2801 2802/2802/2802 2980/2980/2980
f 2801/2801/2801 2980/2980/2980 2979/2979/2979
f 2802/2802/2802 2803/2803/2803 2981/2981/2981
f 2802/2802/2802 2981/2981/2981 2980/2980/2980
f 2803/2803/2803 2804/2804/2804 2982/2982/2982
f 2803/2803/2803 2982/2982/2982 2981/2981/2981
f 2804/2804/2804 2805/2805/2805 2983/2983/2983
f 2804/2804/2804 2983/2983/2983 2982/2982/2982
f 2805/2805/2805 2806/2806/2806 2984/2984/2984
f 2805/2805/2805 2984/2984/2984 2983/2983/2983
f 2806/2806/2806 2807/2807/2807 2985/2985/2985
f 2806/2806/2806 2985/2985/2985 2984/2984/2984
f 2807/2807/2807 2808/2808/2808 2986/2986/2986
f 2807/2807/2807 2986/2986/2986 2985/2985/2985
f 2808/2808/2808 2809/2809/2809 2987/2987/2987
f 2808/2808/2808 2987/2987/2987 2986/2986/2986
f 2809/2809/2809 2810/2810/2810 2988/2988/2988
f 2809/2809/2809 2988/2988/2988 2987/2987/2987
f 2810/2810/2810 2811/2811/2811 2989/2989/2989
f 2810/2810/2810 2989/2989/2989 2988/2988/2988
f 2811/2811/2811 2812/2812/2812 2990/2990/2990
f 2811/2811/2811 2990/2990/2990 2989/2989/2989
f 2812/2812/2812 2813/2813/2813 2991/2991/2991
f 2812/2812/2812 2991/2991/2991 2990/2990/2990
f 2813/2813/2813 2814/2814/2814 2992/2992/2992
f 2813/2813/2813 2992/2992/2992 2991/2991/2991
f 2814/2814/2814 2815/2815/2815 2993/2993/2993
f 2814/2814/2814 2993/2993/2993 2992/2992/2992
f 2815/2815/2815 2816/2816/2816 2994/2994/2994
f 2815/2815/2815 2994/2994/2994 2993/2993/2993
f 2816/2816/2816 2817/2817/2817 2995/2995/2995
f 2816/2816/2816 2995/2995/2995 2994/2994/2994
f 2817/2817/2817 2818/2818/2818 2996/2996/2996
f 2817/2817/2817 2996/2996/2996 2995/2995/2995
f 2818/2818/2818 2819/2819/2819 2997/2997/2997
f 2818/2818/2818 2997/2997/2997 2996/2996/2996
f 2819/2819/2819 2820/2820/2820 2998/2998/2998
f 2819/2819/2819 2998/2998/2998 2997/2997/2997
f 2820/2820/2820 2821/2821/2821 2999/2999/2999
f 2820/2820/2820 2999/2999/2999 2998/2998/2998
f 2821/2821/2821 2822/2822/2822 3000/3000/3000
f 2821/2821/2821 3000/3000/3000 2999/2999/2999
f 2822/2822/2822 2823/2823/2823 3001/3001/3001
f 2822/2822/2822 3001/3001/3001 3000/3000/3000
f 2823/2823/2823 2824/2824/2824 3002/3002/3002
f 2823/2823/2823 3002/3002/3002 3001/3001/3001
f 2824/2824/2824 2825/2825/2825 3003/3003/3003
f 2824/2824/2824 3003/3003/3003 3002/3002/3002
f 2825/2825/2825 2826/2826/2826 3004/3004/3004
f 2825/2825/2825 3004/3004/3004 3003/3003/3003
f 2826/2826/2826 2827/2827/2827 3005/3005/3005
f 2826/2826/2826 3005/3005/3005 3004/3004/3004
f 2827/2827/2827 2828/2828/2828 3006/3006/3006
f 2827/2827/2827 3006/3006/3006 3005/3005/3005
f 2828/2828/2828 2829/2829/2829 3007/3007/3007
f 2828/2828/2828 3007/3007/3007 3006/3006/3006
f 2829/2829/2829 2830/2830/2830 3008/3008/3008
f 2829/2829/2829 3008/3008/3008 3007/3007/3007
f 2830/2830/2830 2831/2831/2831 3009/3009/3009
f 2830/2830/2830 3009/3009/3009 3008/3008/3008
f 2831/2831/2831 2832/2832/2832 3010/3010/3010
f 2831/2831/2831 3010/3010/3010 3009/3009/3009
f 2832/2832/2832 2833/2833/2833 3011/3011/3011
f 2832/2832/2832 3011/3011/3011 3010/3010/3010
f 2833/2833/2833 2834/2834/2834 3012/3012/3012
f 2833/2833/2833 3012/3012/3012 3011/3011/3011
f 2834/2834/2834 2835/2835/2835 3013/3013/3013
f 2834/2834/2834 3013/3013/3013 3012/3012/3012
f 2835/2835/2835 2836/2836/2836 3014/3014/3014
f 2835/2835/2835 3014/3014/3014 3013/3013/3013
f 2836/2836/2836 2837/2837/2837 3015/3015/3015
f 2836/2836/2836 3015/3015/3015 3014/3014/3014
f 2837/2837/2837 2838/2838/2838 3016/3016/3016
f 2837/2837/2837 3016/3016/3016 3015/3015/3015
f 2838/2838/2838 2839/2839/2839 3017/3017/3017
f 2838/2838/2838 3017/3017/3017 3016/3016/3016
f 2839/2839/2839 2840/2840/2840 3018/3018/3018
f 2839/2839/2839 3018/3018/3018 3017/3017/3017
f 2840/2840/2840 2841/2841/2841 3019/3019/3019
f 2840/2840/2840 3019/3019/3019 3018/3018/3018
f 2841/2841/2841 2842/2842/2842 3020/3020/3020
f 2841/2841/2841 3020/3020/3020 3019/3019/3019
f 2842/2842/2842 2843/2843/2843 3021/3021/3021
f 2842/2842/2842 3021/3021/3021 3020/3020/3020
f 2843/2843/2843 2844/2844/2844 3022/3022/3022
f 2843/2843/2843 3022/3022/3022 3021/3021/3021
f 2844/2844/2844 2845/2845/2845 3023/3023/3023
f 2844/2844/2844 3023/3023/3023 3022/3022/3022
f 2845/2845/2845 2846/2846/2846 3024/3024/3024
f 2845/2845/2845 3024/3024/3024 3023/3023/3023
f 2846/2846/2846 2847/2847/2847 3025/3025/3025
f 2846/2846/2846 3025/3025/3025 3024/3024/3024
f 2847/2847/2847 2848/2848/2848 3026/3026/3026
f 2847/2847/2847 3026/3026/3026 3025/3025/3025
f 2848/2848/2848 2671/2671/2671 2849/2849/2849
f 2848/2848/2848 2849/2849/2849 3026/3026/3026
f 2849/2849/2849 2850/2850/2850 3028/3028/3028
f 2849/2849/2849 3028/3028/3028 3027/3027/3027
f 2850/2850/2850 2851/2851/2851 3029/3029/3029
f 2850/2850/2850 3029/3029/3029 3028/3028/3028
f 2851/2851/2851 2852/2852/2852 3030/3030/3030
f 2851/2851/2851 3030/3030/3030 3029/3029/3029
f 2852/2852/2852 2853/2853/2853 3031/3031/3031
f 2852/2852/2852 3031/3031/3031 3030/3030/3030
f 2853/2853/2853 2854/2854/2854 3032/3032/3032
f 2853/2853/2853 3032/3032/3032 3031/3031/3031
f 2854/2854/2854 2855/2855/2855 3033/3033/3033
f 2854/2854/2854 3033/3033/3033 3032/3032/3032
f 2855/2855/2855 2856/2856/2856 3034/3034/3034
f 2855/2855/2855 3034/3034/3034 3033/3033/3033
f 2856/2856/2856 2857/2857/2857 3035/3035/3035
f 2856/2856/2856 3035/3035/3035 3034/3034/3034
f 2857/2857/2857 2858/2858/2858 3036/3036/3036
f 2857/2857/2857 3036/3036/3036 3035/3035/3035
f 2858/2858/2858 2859/2859/2859 3037/3037/3037
f 2858/2858/2858 3037/3037/3037 3036/3036/3036
f 2859/2859/2859 2860/2860/2860 3038/3038/3038
f 2859/2859/2859 3038/3038/3038 3037/3037/3037
f 2860/2860/2860 2861/2861/2861 3039/3039/3039
f 2860/2860/2860 3039/3039/3039 3038/3038/3038
f 2861/2861/2861 2862/2862/2862 3040/3040/3040
f 2861/2861/2861 3040/3040/3040 3039/3039/3039
f 2862/2862/2862 2863/2863/2863 3041/3041/3041
f 2862/2862/2862 3041/3041/3041 3040/3040/3040
f 2863/2863/2863 2864/2864/2864 3042/3042/3042
f 2863/2863/2863 3042/3042/3042 3041/3041/3041
f 2864/2864/2864 2865/2865/2865 3043/3043/3043
f 2864/2864/2864 3043/3043/3043 3042/3042/3042
f 2865/2865/2865 2866/2866/2866 3044/3044/3044
f 2865/2865/2865 3044/3044/3044 3043/3043/3043
f 2866/2866/2866 2867/2867/2867 3045/3045/3045
f 2866/2866/2866 3045/3045/3045 3044/3044/3044
f 2867/2867/2867 2868/2868/2868 3046/3046/3046
f 2867/2867/2867 3046/3046/3046 3045/3045/3045
f 2868/2868/2868 2869/2869/2869 3047/3047/3047
f 2868/2868/2868 3047/3047/3047 3046/3046/3046
f 2869/2869/2869 2870/2870/2870 3048/3048/3048
f 2869/2869/2869 3048/3048/3048 3047/3047/3047
f 2870/2870/2870 2871/2871/2871 3049/3049/3049
f 2870/2870/2870 3049/3049/3049 3048/3048/3048
f 2871/2871/2871 2872/2872/2872 3050/3050/3050
f 2871/2871/2871 3050/3050/3050 3049/3049/3049
f 2872/2872/2872 2873/2873/2873 3051/3051/3051
f 2872/2872/2872 3051/3051/3051 3050/3050/3050
f 2873/2873/2873 2874/2874/2874 3052/3052/3052
f 2873/2873/2873 3052/3052/3052 3051/3051/3051
f 2874/2874/2874 2875/2875/2875 3053/3053/3053
f 2874/2874/2874 3053/3053/3053 3052/3052/3052
f 2875/2875/2875 2876/2876/2876 3054/3054/3054
f 2875/2875/2875 3054/3054/3054 3053/3053/3053
f 2876/2876/2876 2877/2877/2877 3055/3055/3055
f 2876/2876/2876 3055/3055/3055 3054/3054/3054
f 2877/2877/2877 2878/2878/2878 3056/3056/3056
f 2877/2877/2877 3056/3056/3056 3055/3055/3055
f 2878/2878/2878 2879/2879/2879 3057/3057/3057
f 2878/2878/2878 3057/3057/3057 3056/3056/3056
f 2879/2879/2879 2880/2880/2880 3058/3058/3058
f 2879/2879/2879 3058/3058/3058 3057/3057/3057
f 2880/2880/2880 2881/2881/2881 3059/3059/3059
f 2880/2880/2880 3059/3059/3059 3058/3058/3058
f 2881/2881/2881 2882/2882/2882 3060/3060/3060
f 2881/2881/2881 3060/3060/3060 3059/3059/3059
f 2882/2882/2882 2883/2883/2883 3061/3061/3061
f 2882/2882/2882 3061/3061/3061 3060/3060/3060
f 2883/2883/2883 2884/2884/2884 3062/3062/3062
f 2883/2883/2883 3062/3062/3062 3061/3061/3061
f 2884/2884/2884 2885/2885/2885 3063/3063/3063
f 2884/2884/2884 3063/3063/3063 3062/3062/3062
f 2885/2885/2885 2886/2886/2886 3064/3064/3064
f 2885/2885/2885 3064/3064/3064 3063/3063/3063
f 2886/2886/2886 2887/2887/2887 3065/3065/3065
f 2886/2886/2886 3065/3065/3065 3064/3064/3064
f 2887/2887/2887 2888/2888/2888 3066/3066/3066
f 2887/2887/2887 3066/3066/3066 3065/3065/3065
f 2888/2888/2888 2889/2889/2889 3067/3067/3067
f 2888/2888/2888 3067/3067/3067 3066/3066/3066
f 2889/2889/2889 2890/2890/2890 3068/3068/3068
f 2889/2889/2889 3068/3068/3068 3067/3067/3067
f 2890/2890/2890 2891/2891/2891 3069/3069/3069
f 2890/2890/2890 3069/3069/3069 3068/3068/3068
f 2891/2891/2891 2892/2892/2892 3070/3070/3070
f 2891/2891/2891 3070/3070/3070 3069/3069/3069
f 2892/2892/2892 2893/2893/2893 3071/3071/3071
f 2892/2892/2892 3071/3071/3071 3070/3070/3070
f 2893/2893/2893 2894/2894/2894 3072/3072/3072
f 2893/2893/2893 3072/3072/3072 3071/3071/3071
f 2894/2894/2894 2895/2895/2895 3073/3073/3073
f 2894/2894/2894 3073/3073/3073 3072/3072/3072
f 2895/2895/2895 2896/2896/2896 3074/3074/3074
f 2895/2895/2895 3074/3074/3074 3073/3073/3073
f 2896/2896/2896 2897/2897/2897 3075/3075/3075
f 2896/2896/2896 3075/3075/3075 3074/3074/3074
f 2897/2897/2897 2898/2898/2898 3076/3076/3076
f 2897/2897/2897 3076/3076/3076 3075/3075/3075
f 2898/2898/2898 2899/2899/2899 3077/3077/3077
f 2898/2898/2898 3077/3077/3077 3076/3076/3076
f 2899/2899/2899 2900/2900/2900 3078/3078/3078
f 2899/2899/2899 3078/3078/3078 3077/3077/3077
f 2900/2900/2900 2901/2901/2901 3079/3079/3079
f 2900/2900/2900 3079/3079/3079 3078/3078/3078
f 2901/2901/2901 2902/2902/2902 3080/3080/3080
f 2901/2901/2901 3080/3080/3080 3079/3079/3079
f 2902/2902/2902 2903/2903/2903 3081/3081/3081
f 2902/2902/2902 3081/3081/3081 3080/3080/3080
f 2903/2903/2903 2904/2904/2904 3082/3082/3082
f 2903/2903/2903 3082/3082/3082 3081/3081/3081
f 2904/2904/2904 2905/2905/2905 3083/3083/3083
f 2904/2904/2904 3083/3083/3083 3082/3082/3082
f 2905/2905/2905 2906/2906/2906 3084/3084/3084
f 2905/2905/2905 3084/3084/3084 3083/3083/3083
f 2906/2906/2906 2907/2907/2907 3085/3085/3085
f 2906/2906/2906 3085/3085/3085 3084/3084/3084
f 2907/2907/2907 2908/2908/2908 3086/3086/3086
f 2907/2907/2907 3086/3086/3086 3085/3085/3085
f 2908/2908/2908 2909/2909/2909 3087/3087/3087
f 2908/2908/2908 3087/3087/3087 3086/3086/3086
f 2909/2909/2909 2910/2910/2910 3088/3088/3088
f 2909/2909/2909 3088/3088/3088 3087/3087/3087
f 2910/2910/2910 2911/2911/2911 3089/3089/3089
f 2910/2910/2910 3089/3089/3089 3088/3088/3088
f 2911/2911/2911 2912/2912/2912 3090/3090/3090
f 2911/2911/2911 3090/3090/3090 3089/3089/3089
f 2912/2912/2912 2913/2913/2913 3091/3091/3091
f 2912/2912/2912 3091/3091/3091 3090/3090/3090
f 2913/2913/2913 2914/2914/2914 3092/3092/3092
f 2913/2913/2913 3092/3092/3092 3091/3091/3091
f 2914/2914/2914 2915/2915/2915 3093/3093/3093
f 2914/2914/2914 3093/3093/3093 3092/3092/3092
f 2915/2915/2915 2916/2916/2916 3094/3094/3094
f 2915/2915/2915 3094/3094/3094 3093/3093/3093
f 2916/2916/2916 2917/2917/2917 3095/3095/3095
f 2916/2916/2916 3095/3095/3095 3094/3094/3094
f 2917/2917/2917 2918/2918/2918 3096/3096/3096
f 2917/2917/2917 3096/3096/3096 3095/3095/3095
f 2918/2918/2918 2919/2919/2919 3097/3097/3097
f 2918/2918/2918 3097/3097/3097 3096/3096/3096
f 2919/2919/2919 2920/2920/2920 3098/3098/3098
f 2919/2919/2919 3098/3098/3098 3097/3097/3097
f 2920/2920/2920 2921/2921/2921 3099/3099/3099
f 2920/2920/2920 3099/3099/3099 3098/3098/3098
f 2921/2921/2921 2922/2922/2922 3100/3100/3100
f 2921/2921/2921 3100/3100/3100 3099/3099/3099
f 2922/2922/2922 2923/2923/2923 3101/3101/3101
f 2922/2922/2922 3101/3101/3101 3100/3100/3100
f 2923/2923/2923 2924/2924/2924 3102/3102/3102
f 2923/2923/2923 3102/3102/3102 3101/3101/3101
f 2924/2924/2924 2925/2925/2925 3103/3103/3103
f 2924/2924/2924 3103/3103/3103 3102/3102/3102
f 2925/2925/2925 2926/2926/2926 3104/3104/3104
f 2925/2925/2925 3104/3104/3104 3103/3103/3103
f 2926/2926/2926 2927/2927/2927 3105/3105/3105
f 2926/2926/2926 3105/3105/3105 3104/3104/3104
f 2927/2927/2927 2928/2928/2928 3106/3106/3106
f 2927/2927/2927 3106/3106/3106 3105/3105/3105
f 2928/2928/2928 2929/2929/2929 3107/3107/3107
f 2928/2928/2928 3107/3107/3107 3106/3106/3106
f 2929/2929/2929 2930/2930/2930 3108/3108/3108
f 2929/2929/2929 3108/3108/3108 3107/3107/3107
f 2930/2930/2930 2931/2931/2931 3109/3109/3109
f 2930/2930/2930 3109/3109/3109 3108/3108/3108
f 2931/2931/2931 2932/2932/2932 3110/3110/3110
f 2931/2931/2931 3110/3110/3110 3109/3109/3109
f 2932/2932/2932 2933/2933/2933 3111/3111/3111
f 2932/2932/2932 3111/3111/3111 3110/3110/3110
f 2933/2933/2933 2934/2934/2934 3112/3112/3112
f 2933/2933/2933 3112/3112/3112 3111/3111/3111
f 2934/2934/2934 2935/2935/2935 3113/3113/3113
f 2934/2934/2934 3113/3113/3113 3112/3112/3112
f 2935/2935/2935 2936/2936/2936 3114/3114/3114
f 2935/2935/2935 3114/3114/3114 3113/3113/3113
f 2936/2936/2936 2937/2937/2937 3115/3115/3115
f 2936/2936/2936 3115/3115/3115 3114/3114/3114
f 2937/2937/2937 2938/2938/2938 3116/3116/3116
f 2937/2937/2937 3116/3116/3116 3115/3115/3115
f 2938/2938/2938 2939/2939/2939 3117/3117/3117
f 2938/2938/2938 3117/3117/3117 3116/3116/3116
f 2939/2939/2939 2940/2940/2940 3118/3118/3118
f 2939/2939/2939 3118/3118/3118 3117/3117/3117
f 2940/2940/2940 2941/2941/2941 3119/3119/3119
f 2940/2940/2940 3119/3119/3119 3118/3118/3118
f 2941/2941/2941 2942/2942/2942 3120/3120/3120
f 2941/2941/2941 3120/3120/3120 3119/3119/3119
f 2942/2942/2942 2943/2943/2943 3121/3121/3121
f 2942/2942/2942 3121/3121/3121 3120/3120/3120
f 2943/2943/2943 2944/2944/2944 3122/3122/3122
f 2943/2943/2943 3122/3122/3122 3121/3121/3121
f 2944/2944/2944 2945/2945/2945 3123/3123/3123
f 2944/2944/2944 3123/3123/3123 3122/3122/3122
f 2945/2945/2945 2946/2946/2946 3124/3124/3124
f 2945/2945/2945 3124/3124/3124 3123/3123/3123
f 2946/2946/2946 2947/2947/2947 3125/3125/3125
f 2946/2946/2946 3125/3125/3125 3124/3124/3124
f 2947/2947/2947 2948/2948/2948 3126/3126/3126
f 2947/2947/2947 3126/3126/3126 3125/3125/3125
f 2948/2948/2948 2949/2949/2949 3127/3127/3127
f 2948/2948/2948 3127/3127/3127 3126/3126/3126
f 2949/2949/2949 2950/2950/2950 3128/3128/3128
f 2949/2949/2949 3128/3128/3128 3127/3127/3127
f 2950/2950/2950 2951/2951/2951 3129/3129/3129
f 2950/2950/2950 3129/3129/3129 3128/3128/3128
f 2951/2951/2951 2952/2952/2952 3130/3130/3130
f 2951/2951/2951 3130/3130/3130 3129/3129/3129
f 2952/2952/2952 2953/2953/2953 3131/3131/3131
f 2952/2952/2952 3131/3131/3131 3130/3130/3130
f 2953/2953/2953 2954/2954/2954 3132/3132/3132
f 2953/2953/2953 3132/3132/3132 3131/3131/3131
f 2954/2954/2954 2955/2955/2955 3133/3133/3133
f 2954/2954/2954 3133/3133/3133 3132/3132/3132
f 2955/2955/2955 2956/2956/2956 3134/3134/3134
f 2955/2955/2955 3134/3134/3134 3133/3133/3133
f 2956/2956/2956 2957/2957/2957 3135/3135/3135
f 2956/2956/2956 3135/3135/3135 3134/3134/3134
f 2957/2957/2957 2958/2958/2958 3136/3136/3136
f 2957/2957/2957 3136/3136/3136 3135/3135/3135
f 2958/2958/2958 2959/2959/2959 3137/3137/3137
f 2958/2958/2958 3137/3137/3137 3136/3136/3136
f 2959/2959/2959 2960/2960/2960 3138/3138/3138
f 2959/2959/2959 3138/3138/3138 3137/3137/3137
f 2960/2960/2960 2961/2961/2961 3139/3139/3139
f 2960/2960/2960 3139/3139/3139 3138/3138/3138
f 2961/2961/2961 2962/2962/2962 3140/3140/3140
f 2961/2961/2961 3140/3140/3140 3139/3139/3139
f 2962/2962/2962 2963/2963/2963 3141/3141/3141
f 2962/2962/2962 3141/3141/3141 3140/3140/3140
f 2963/2963/2963 2964/2964/2964 3142/3142/3142
f 2963/2963/2963 3142/3142/3142 3141/3141/3141
f 2964/2964/2964 2965/2965/2965 3143/3143/3143
f 2964/2964/2964 3143/3143/3143 3142/3142/3142
f 2965/2965/2965 2966/2966/2966 3144/3144/3144
f 2965/2965/2965 3144/3144/3144 3143/3143/3143
f 2966/2966/2966 2967/2967/2967 3145/3145/3145
f 2966/2966/2966 3145/3145/3145 3144/3144/3144
f 2967/2967/2967 2968/2968/2968 3146/3146/3146
f 2967/2967/2967 3146/3146/3146 3145/3145/3145
f 2968/2968/2968 2969/2969/2969 3147/3147/3147
f 2968/2968/2968 3147/3147/3147 3146/3146/3146
f 2969/2969/2969 2970/2970/2970 3148/3148/3148
f 2969/2969/2969 3148/3148/3148 3147/3147/3147
f 2970/2970/2970 2971/2971/2971 3149/3149/3149
f 2970/2970/2970 3149/3149/3149 3148/3148/3148
f 2971/2971/2971 2972/2972/2972 3150/3150/3150
f 2971/2971/2971 3150/3150/3150 3149/3149/3149
f 2972/2972/2972 2973/2973/2973 3151/3151/3151
f 2972/2972/2972 3151/3151/3151 3150/3150/3150
f 2973/2973/2973 2974/2974/2974 3152/3152/3152
f 2973/2973/2973 3152/3152/3152 3151/3151/3151
f 2974/2974/2974 2975/2975/2975 3153/3153/3153
f 2974/2974/2974 3153/3153/3153 3152/3152/3152
f 2975/2975/2975 2976/2976/2976 3154/3154/3154
f 2975/2975/2975 3154/3154/3154 3153/3153/3153
f 2976/2976/2976 2977/2977/2977 3155/3155/3155
f 2976/2976/2976 3155/3155/3155 3154/3154/3154
f 2977/2977/2977 2978/2978/2978 3156/3156/3156
f 2977/2977/2977 3156/3156/3156 3155/3155/3155
f 2978/2978/2978 2979/2979/2979 3157/3157/3157
f 2978/2978/2978 3157/3157/3157 3156/3156/3156
f 2979/2979/2979 2980/2980/2980 3158/3158/3158
f 2979/2979/2979 3158/3158/3158 3157/3157/3157
f 2980/2980/2980 2981/2981/2981 3159/3159/3159
f 2980/2980/2980 3159/3159/3159 3158/3158/3158
f 2981/2981/2981 2982/2982/2982 3160/3160/3160
f 2981/2981/2981 3160/3160/3160 3159/3159/3159
f 2982/2982/2982 2983/2983/2983 3161/3161/3161
f 2982/2982/2982 3161/3161/3161 3160/3160/3160
f 2983/2983/2983 2984/2984/2984 3162/3162/3162
f 2983/2983/2983 3162/3162/3162 3161/3161/3161
f 2984/2984/2984 2985/2985/2985 3163/3163/3163
f 2984/2984/2984 3163/3163/3163 3162/3162/3162
f 2985/2985/2985 2986/2986/2986 3164/3164/3164
f 2985/2985/2985 3164/3164/3164 3163/3163/3163
f 2986/2986/2986 2987/2987/2987 3165/3165/3165
f 2986/2986/2986 3165/3165/3165 3164/3164/3164
f 2987/2987/2987 2988/2988/2988 3166/3166/3166
f 2987/2987/2987 3166/3166/3166 3165/3165/3165
f 2988/2988/2988 2989/2989/2989 3167/3167/3167
f 2988/2988/2988 3167/3167/3167 3166/3166/3166
f 2989/2989/2989 2990/2990/2990 3168/3168/3168
f 2989/2989/2989 3168/3168/3168 3167/3167/3167
f 2990/2990/2990 2991/2991/2991 3169/3169/3169
f 2990/2990/2990 3169/3169/3169 3168/3168/3168
f 2991/2991/2991 2992/2992/2992 3170/3170/3170
f 2991/2991/2991 3170/3170/3170 3169/3169/3169
f 2992/2992/2992 2993/2993/2993 3171/3171/3171
f 2992/2992/2992 3171/3171/3171 3170/3170/3170
f 2993/2993/2993 2994/2994/2994 3172/3172/3172
f 2993/2993/2993 3172/3172/3172 3171/3171/3171
f 2994/2994/2994 2995/2995/2995 3173/3173/3173
f 2994/2994/2994 3173/3173/3173 3172/3172/3172
f 2995/2995/2995 2996/2996/2996 3174/3174/3174
f 2995/2995/2995 3174/3174/3174 3173/3173/3173
f 2996/2996/2996 2997/2997/2997 3175/3175/3175
f 2996/2996/2996 3175/3175/3175 3174/3174/3174
f 2997/2997/2997 2998/2998/2998 3176/3176/3176
f 2997/2997/2997 3176/3176/3176 3175/3175/3175
f 2998/2998/2998 2999/2999/2999 3177/3177/3177
f 2998/2998/2998 3177/3177/3177 3176/3176/3176
f 2999/2999/2999 3000/3000/3000 3178/3178/3178
f 2999/2999/2999 3178/3178/3178 3177/3177/3177
f 3000/3000/3000 3001/3001/3001 3179/3179/3179
f 3000/3000/3000 3179/3179/3179 3178/3178/3178
f 3001/3001/3001 3002/3002/3002 3180/3180/3180
f 3001/3001/3001 3180/3180/3180 3179/3179/3179
f 3002/3002/3002 3003/3003/3003 3181/3181/3181
f 3002/3002/3002 3181/3181/3181 3180/3180/3180
f 3003/3003/3003 3004/3004/3004 3182/3182/3182
f 3003/3003/3003 3182/3182/3182 3181/3181/3181
f 3004/3004/3004 3005/3005/3005 3183/3183/3183
f 3004/3004/3004 3183/3183/3183 3182/3182/3182
f 3005/3005/3005 3006/3006/3006 3184/3184/3184
f 3005/3005/3005 3184/3184/3184 3183/3183/3183
f 3006/3006/3006 3007/3007/3007 3185/3185/3185
f 3006/3006/3006 3185/3185/3185 3184/3184/3184
f 3007/3007/3007 3008/3008/3008 3186/3186/3186
f 3007/3007/3007 3186/3186/3186 3185/3185/3185
f 3008/3008/3008 3009/3009/3009 3187/3187/3187
f 3008/3008/3008 3187/3187/3187 3186/3186/3186
f 3009/3009/3009 3010/3010/3010 3188/3188/3188
f 3009/3009/3009 3188/3188/3188 3187/3187/3187
f 3010/3010/3010 3011/3011/3011 3189/3189/3189
f 3010/3010/3010 3189/3189/3189 3188/3188/3188
f 3011/3011/3011 3012/3012/3012 3190/3190/3190
f 3011/3011/3011 3190/3190/3190 3189/3189/3189
f 3012/3012/3012 3013/3013/3013 3191/3191/3191
f 3012/3012/3012 3191/3191/3191 3190/3190/3190
f 3013/3013/3013 3014/3014/3014 3192/3192/3192
f 3013/3013/3013 3192/3192/3192 3191/3191/3191
f 3014/3014/3014 3015/3015/3015 3193/3193/3193
f 3014/3014/3014 3193/3193/3193 3192/3192/3192
f 3015/3015/3015 3016/3016/3016 3194/3194/3194
f 3015/3015/3015 3194/3194/3194 3193/3193/3193
f 3016/3016/3016 3017/3017/3017 3195/3195/3195
f 3016/3016/3016 3195/3195/3195 3194/3194/3194
f 3017/3017/3017 3018/3018/3018 3196/3196/3196
f 3017/3017/3017 3196/3196/3196 3195/3195/3195
f 3018/3018/3018 3019/3019/3019 3197/3197/3197
f 3018/3018/3018 3197/3197/3197 3196/3196/3196
f 3019/3019/3019 3020/3020/3020 3198/3198/3198
f 3019/3019/3019 3198/3198/3198 3197/3197/3197
f 3020/3020/3020 3021/3021/3021 3199/3199/3199
f 3020/3020/3020 3199/3199/3199 3198/3198/3198
f 3021/3021/3021 3022/3022/3022 3200/3200/3200
f 3021/3021/3021 3200/3200/3200 3199/3199/3199
f 3022/3022/3022 3023/3023/3023 3201/3201/3201
f 3022/3022/3022 3201/3201/3201 3200/3200/3200
f 3023/3023/3023 3024/3024/3024 3202/3202/3202
f 3023/3023/3023 3202/3202/3202 3201/3201/3201
f 3024/3024/3024 3025/3025/3025 3203/3203/3203
f 3024/3024/3024 3203/3203/3203 3202/3202/3202
f 3025/3025/3025 3026/3026/3026 3204/3204/3204
f 3025/3025/3025 3204/3204/3204 3203/3203/3203
f 3026/3026/3026 2849/2849/2849 3027/3027/3027
f 3026/3026/3026 3027/3027/3027 3204/3204/3204
f 3027/3027/3027 3028/3028/3028 3206/3206/3206
f 3027/3027/3027 3206/3206/3206 3205/3205/3205
f 3028/3028/3028 3029/3029/3029 3207/3207/3207
f 3028/3028/3028 3207/3207/3207 3206/3206/3206
f 3029/3029/3029 3030/3030/3030 3208/3208/3208
f 3029/3029/3029 3208/3208/3208 3207/3207/3207
f 3030/3030/3030 3031/3031/3031 3209/3209/3209
f 3030/3030/3030 3209/3209/3209 3208/3208/3208
f 3031/3031/3031 3032/3032/3032 3210/3210/3210
f 3031/3031/3031 3210/3210/3210 3209/3209/3209
f 3032/3032/3032 3033/3033/3033 3211/3211/3211
f 3032/3032/3032 3211/3211/3211 3210/3210/3210
f 3033/3033/3033 3034/3034/3034 3212/3212/3212
f 3033/3033/3033 3212/3212/3212 3211/3211/3211
f 3034/3034/3034 3035/3035/3035 3213/3213/3213
f 3034/3034/3034 3213/3213/3213 3212/3212/3212
f 3035/3035/3035 3036/3036/3036 3214/3214/3214
f 3035/3035/3035 3214/3214/3214 3213/3213/3213
f 3036/3036/3036 3037/3037/3037 3215/3215/3215
f 3036/3036/3036 3215/3215/3215 3214/3214/3214
f 3037/3037/3037 3038/3038/3038 3216/3216/3216
f 3037/3037/3037 3216/3216/3216 3215/3215/3215
f 3038/3038/3038 3039/3039/3039 3217/3217/3217
f 3038/3038/3038 3217/3217/3217 3216/3216/3216
f 3039/3039/3039 3040/3040/3040 3218/3218/3218
f 3039/3039/3039 3218/3218/3218 3217/3217/3217
f 3040/3040/3040 3041/3041/3041 3219/3219/3219
f 3040/3040/3040 3219/3219/3219 3218/3218/3218
f 3041/3041/3041 3042/3042/3042 3220/3220/3220
f 3041/3041/3041 3220/3220/3220 3219/3219/3219
f 3042/3042/3042 3043/3043/3043 3221/3221/3221
f 3042/3042/3042 3221/3221/3221 3220/3220/3220
f 3043/3043/3043 3044/3044/3044 3222/3222/3222
f 3043/3043/3043 3222/3222/3222 3221/3221/3221
f 3044/3044/3044 3045/3045/3045 3223/3223/3223
f 3044/3044/3044 3223/3223/3223 3222/3222/3222
f 3045/3045/3045 3046/3046/3046 3224/3224/3224
f 3045/3045/3045 3224/3224/3224 3223/3223/3223
f 3046/3046/3046 3047/3047/3047 3225/3225/3225
f 3046/3046/3046 3225/3225/3225 3224/3224/3224
f 3047/3047/3047 3048/3048/3048 3226/3226/3226
f 3047/3047/3047 3226/3226/3226 3225/3225/3225
f 3048/3048/3048 3049/3049/3049 3227/3227/3227
f 3048/3048/3048 3227/3227/3227 3226/3226/3226
f 3049/3049/3049 3050/3050/3050 3228/3228/3228
f 3049/3049/3049 3228/3228/3228 3227/3227/3227
f 3050/3050/3050 3051/3051/3051 3229/3229/3229
f 3050/3050/3050 3229/3229/3229 3228/3228/3228
f 3051/3051/3051 3052/3052/3052 3230/3230/3230
f 3051/3051/3051 3230/3230/3230 3229/3229/3229
f 3052/3052/3052 3053/3053/3053 3231/3231/3231
f 3052/3052/3052 3231/3231/3231 3230/3230/3230
f 3053/3053/3053 3054/3054/3054 3232/3232/3232
f 3053/3053/3053 3232/3232/3232 3231/3231/3231
f 3054/3054/3054 3055/3055/3055 3233/3233/3233
f 3054/3054/3054 3233/3233/3233 3232/3232/3232
f 3055/3055/3055 3056/3056/3056 3234/3234/3234
f 3055/3055/3055 3234/3234/3234 3233/3233/3233
f 3056/3056/3056 3057/3057/3057 3235/3235/3235
f 3056/3056/3056 3235/3235/3235 3234/3234/3234
f 3057/3057/3057 3058/3058/3058 3236/3236/3236
f 3057/3057/3057 3236/3236/3236 3235/3235/3235
f 3058/3058/3058 3059/3059/3059 3237/3237/3237
f 3058/3058/3058 3237/3237/3237 3236/3236/3236
f 3059/3059/3059 3060/3060/3060 3238/3238/3238
f 3059/3059/3059 3238/3238/3238 3237/3237/3237
f 3060/3060/3060 3061/3061/3061 3239/3239/3239
f 3060/3060/3060 3239/3239/3239 3238/3238/3238
f 3061/3061/3061 3062/3062/3062 3240/3240/3240
f 3061/3061/3061 3240/3240/3240 3239/3239/3239
f 3062/3062/3062 3063/3063/3063 3241/3241/3241
f 3062/3062/3062 3241/3241/3241 3240/3240/3240
f 3063/3063/3063 3064/3064/3064 3242/3242/3242
f 3063/3063/3063 3242/3242/3242 3241/3241/3241
f 3064/3064/3064 3065/3065/3065 3243/3243/3243
f 3064/3064/3064 3243/3243/3243 3242/3242/3242
f 3065/3065/3065 3066/3066/3066 3244/3244/3244
f 3065/3065/3065 3244/3244/3244 3243/3243/3243
f 3066/3066/3066 3067/3067/3067 3245/3245/3245
f 3066/3066/3066 3245/3245/3245 3244/3244/3244
f 3067/3067/3067 3068/3068/3068 3246/3246/3246
f 3067/3067/3067 3246/3246/3246 3245/3245/3245
f 3068/3068/3068 3069/3069/3069 3247/3247/3247
f 3068/3068/3068 3247/3247/3247 3246/3246/3246
f 3069/3069/3069 3070/3070/3070 3248/3248/3248
f 3069/3069/3069 3248/3248/3248 3247/3247/3247
f 3070/3070/3070 3071/3071/3071 3249/3249/3249
f 3070/3070/3070 3249/3249/3249 3248/3248/3248
f 3071/3071/3071 3072/3072/3072 3250/3250/3250
f 3071/3071/3071 3250/3250/3250 3249/3249/3249
f 3072/3072/3072 3073/3073/3073 3251/3251/3251
f 3072/3072/3072 3251/3251/3251 3250/3250/3250
f 3073/3073/3073 3074/3074/3074 3252/3252/3252
f 3073/3073/3073 3252/3252/3252 3251/3251/3251
f 3074/3074/3074 3075/3075/3075 3253/3253/3253
f 3074/3074/3074 3253/3253/3253 3252/3252/3252
f 3075/3075/3075 3076/3076/3076 3254/3254/3254
f 3075/3075/3075 3254/3254/3254 3253/3253/3253
f 3076/3076/3076 3077/3077/3077 3255/3255/3255
f 3076/3076/3076 3255/3255/3255 3254/3254/3254
f 3077/3077/3077 3078/3078/3078 3256/3256/3256
f 3077/3077/3077 3256/3256/3256 3255/3255/3255
f 3078/3078/3078 3079/3079/3079 3257/3257/3257
f 3078/3078/3078 3257/3257/3257 3256/3256/3256
f 3079/3079/3079 3080/3080/3080 3258/3258/3258
f 3079/3079/3079 3258/3258/3258 3257/3257/3257
f 3080/3080/3080 3081/3081/3081 3259/3259/3259
f 3080/3080/3080 3259/3259/3259 3258/3258/3258
f 3081/3081/3081 3082/3082/3082 3260/3260/3260
f 3081/3081/3081 3260/3260/3260 3259/3259/3259
f 3082/3082/3082 3083/3083/3083 3261/3261/3261
f 3082/3082/3082 3261/3261/3261 3260/3260/3260
f 3083/3083/3083 3084/3084/3084 3262/3262/3262
f 3083/3083/3083 3262/3262/3262 3261/3261/3261
f 3084/3084/3084 3085/3085/3085 3263/3263/3263
f 3084/3084/3084 3263/3263/3263 3262/3262/3262
f 3085/3085/3085 3086/3086/3086 3264/3264/3264
f 3085/3085/3085 3264/3264/3264 3263/3263/3263
f 3086/3086/3086 3087/3087/3087 3265/3265/3265
f 3086/3086/3086 3265/3265/3265 3264/3264/3264
f 3087/3087/3087 3088/3088/3088 3266/3266/3266
f 3087/3087/3087 3266/3266/3266 3265/3265/3265
f 3088/3088/3088 3089/3089/3089 3267/3267/3267
f 3088/3088/3088 3267/3267/3267 3266/3266/3266
f 3089/3089/3089 3090/3090/3090 3268/3268/3268
f 3089/3089/3089 3268/3268/3268 3267/3267/3267
f 3090/3090/3090 3091/3091/3091 3269/3269/3269
f 3090/3090/3090 3269/3269/3269 3268/3268/3268
f 3091/3091/3091 3092/3092/3092 3270/3270/3270
f 3091/3091/3091 3270/3270/3270 3269/3269/3269
f 3092/3092/3092 3093/3093/3093 3271/3271/3271
f 3092/3092/3092 3271/3271/3271 3270/3270/3270
f 3093/3093/3093 3094/3094/3094 3272/3272/3272
f 3093/3093/3093 3272/3272/3272 3271/3271/3271
f 3094/3094/3094 3095/3095/3095 3273/3273/3273
f 3094/3094/3094 3273/3273/3273 3272/3272/3272
f 3095/3095/3095 3096/3096/3096 3274/3274/3274
f 3095/3095/3095 3274/3274/3274 3273/3273/3273
f 3096/3096/3096 3097/3097/3097 3275/3275/3275
f 3096/3096/3096 3275/3275/3275 3274/3274/3274
f 3097/3097/3097 3098/3098/3098 3276/3276/3276
f 3097/3097/3097 3276/3276/3276 3275/3275/3275
f 3098/3098/3098 3099/3099/3099 3277/3277/3277
f 3098/3098/3098 3277/3277/3277 3276/3276/3276
f 3099/3099/3099 3100/3100/3100 3278/3278/3278
f 3099/3099/3099 3278/3278/3278 3277/3277/3277
f 3100/3100/3100 3101/3101/3101 3279/3279/3279
f 3100/3100/3100 3279/3279/3279 3278/3278/3278
f 3101/3101/3101 3102/3102/3102 3280/3280/3280
f 3101/3101/3101 3280/3280/3280 3279/3279/3279
f 3102/3102/3102 3103/3103/3103 3281/3281/3281
f 3102/3102/3102 3281/3281/3281 3280/3280/3280
f 3103/3103/3103 3104/3104/3104 3282/3282/3282
f 3103/3103/3103 3282/3282/3282 3281/3281/3281
f 3104/3104/3104 3105/3105/3105 3283/3283/3283
f 3104/3104/3104 3283/3283/3283 3282/3282/3282
f 3105/3105/3105 3106/3106/3106 3284/3284/3284
f 3105/3105/3105 3284/3284/3284 3283/3283/3283
f 3106/3106/3106 3107/3107/3107 3285/3285/3285
f 3106/3106/3106 3285/3285/3285 3284/3284/3284
f 3107/3107/3107 3108/3108/3108 3286/3286/3286
f 3107/3107/3107 3286/3286/3286 3285/3285/3285
f 3108/3108/3108 3109/3109/3109 3287/3287/3287
f 3108/3108/3108 3287/3287/3287 3286/3286/3286
f 3109/3109/3109 3110/3110/3110 3288/3288/3288
f 3109/3109/3109 3288/3288/3288 3287/3287/3287
f 3110/3110/3110 3111/3111/3111 3289/3289/3289
f 3110/3110/3110 3289/3289/3289 3288/3288/3288
f 3111/3111/3111 3112/3112/3112 3290/3290/3290
f 3111/3111/3111 3290/3290/3290 3289/3289/3289
f 3112/3112/3112 3113/3113/3113 3291/3291/3291
f 3112/3112/3112 3291/3291/3291 3290/3290/3290
f 3113/3113/3113 3114/3114/3114 3292/3292/3292
f 3113/3113/3113 3292/3292/3292 3291/3291/3291
f 3114/3114/3114 3115/3115/3115 3293/3293/3293
f 3114/3114/3114 3293/3293/3293 3292/3292/3292
f 3115/3115/3115 3116/3116/3116 3294/3294/3294
f 3115/3115/3115 3294/3294/3294 3293/3293/3293
f 3116/3116/3116 3117/3117/3117 3295/3295/3295
f 3116/3116/3116 3295/3295/3295 3294/3294/3294
f 3117/3117/3117 3118/3118/3118 3296/3296/3296
f 3117/3117/3117 3296/3296/3296 3295/3295/3295
f 3118/3118/3118 3119/3119/3119 3297/3297/3297
f 3118/3118/3118 3297/3297/3297 3296/3296/3296
f 3119/3119/3119 3120/3120/3120 3298/3298/3298
f 3119/3119/3119 3298/3298/3298 3297/3297/3297
f 3120/3120/3120 3121/3121/3121 3299/3299/3299
f 3120/3120/3120 3299/3299/3299 3298/3298/3298
f 3121/3121/3121 3122/3122/3122 3300/3300/3300
f 3121/3121/3121 3300/3300/3300 3299/3299/3299
f 3122/3122/3122 3123/3123/3123 3301/3301/3301
f 3122/3122/3122 3301/3301/3301 3300/3300/3300
f 3123/3123/3123 3124/3124/3124 3302/3302/3302
f 3123/3123/3123 3302/3302/3302 3301/3301/3301
f 3124/3124/3124 3125/3125/3125 3303/3303/3303
f 3124/3124/3124 3303/3303/3303 3302/3302/3302
f 3125/3125/3125 3126/3126/3126 3304/3304/3304
f 3125/3125/3125 3304/3304/3304 3303/3303/3303
f 3126/3126/3126 3127/3127/3127 3305/3305/3305
f 3126/3126/3126 3305/3305/3305 3304/3304/3304
f 3127/3127/3127 3128/3128/3128 3306/3306/3306
f 3127/3127/3127 3306/3306/3306 3305/3305/3305
f 3128/3128/3128 3129/3129/3129 3307/3307/3307
f 3128/3128/3128 3307/3307/3307 3306/3306/3306
f 3129/3129/3129 3130/3130/3130 3308/3308/3308
f 3129/3129/3129 3308/3308/3308 3307/3307/3307
f 3130/3130/3130 3131/3131/3131 3309/3309/3309
f 3130/3130/3130 3309/3309/3309 3308/3308/3308
f 3131/3131/3131 3132/3132/3132 3310/3310/3310
f 3131/3131/3131 3310/3310/3310 3309/3309/3309
f 3132/3132/3132 3133/3133/3133 3311/3311/3311
f 3132/3132/3132 3311/3311/3311 3310/3310/3310
f 3133/3133/3133 3134/3134/3134 3312/3312/3312
f 3133/3133/3133 3312/3312/3312 3311/3311/3311
f 3134/3134/3134 3135/3135/3135 3313/3313/3313
f 3134/3134/3134 3313/3313/3313 3312/3312/3312
f 3135/3135/3135 3136/3136/3136 3314/3314/3314
f 3135/3135/3135 3314/3314/3314 3313/3313/3313
f 3136/3136/3136 3137/3137/3137 3315/3315/3315
f 3136/3136/3136 3315/3315/3315 3314/3314/3314
f 3137/3137/3137 3138/3138/3138 3316/3316/3316
f 3137/3137/3137 3316/3316/3316 3315/3315/3315
f 3138/3138/3138 3139/3139/3139 3317/3317/3317
f 3138/3138/3138 3317/3317/3317 3316/3316/3316
f 3139/3139/3139 3140/3140/3140 3318/3318/3318
f 3139/3139/3139 3318/3318/3318 3317/3317/3317
f 3140/3140/3140 3141/3141/3141 3319/3319/3319
f 3140/3140/3140 3319/3319/3319 3318/3318/3318
f 3141/3141/3141 3142/3142/3142 3320/3320/3320
f 3141/3141/3141 3320/3320/3320 3319/3319/3319
f 3142/3142/3142 3143/3143/3143 3321/3321/3321
f 3142/3142/3142 3321/3321/3321 3320/3320/3320
f 3143/3143/3143 3144/3144/3144 3322/3322/3322
f 3143/3143/3143 3322/3322/3322 3321/3321/3321
f 3144/3144/3144 3145/3145/3145 3323/3323/3323
f 3144/3144/3144 3323/3323/3323 3322/3322/3322
f 3145/3145/3145 3146/3146/3146 3324/3324/3324
f 3145/3145/3145 3324/3324/3324 3323/3323/3323
f 3146/3146/3146 3147/3147/3147 3325/3325/3325
f 3146/3146/3146 3325/3325/3325 3324/3324/3324
f 3147/3147/3147 3148/3148/3148 3326/3326/3326
f 3147/3147/3147 3326/3326/3326 3325/3325/3325
f 3148/3148/3148 3149/3149/3149 3327/3327/3327
f 3148/3148/3148 3327/3327/3327 3326/3326/3326
f 3149/3149/3149 3150/3150/3150 3328/3328/3328
f 3149/3149/3149 3328/3328/3328 3327/3327/3327
f 3150/3150/3150 3151/3151/3151 3329/3329/3329
f 3150/3150/3150 3329/3329/3329 3328/3328/3328
f 3151/3151/3151 3152/3152/3152 3330/3330/3330
f 3151/3151/3151 3330/3330/3330 3329/3329/3329
f 3152/3152/3152 3153/3153/3153 3331/3331/3331
f 3152/3152/3152 3331/3331/3331 3330/3330/3330
f 3153/3153/3153 3154/3154/3154 3332/3332/3332
f 3153/3153/3153 3332/3332/3332 3331/3331/3331
f 3154/3154/3154 3155/3155/3155 3333/3333/3333
f 3154/3154/3154 3333/3333/3333 3332/3332/3332
f 3155/3155/3155 3156/3156/3156 3334/3334/3334
f 3155/3155/3155 3334/3334/3334 3333/3333/3333
f 3156/3156/3156 3157/3157/3157 3335/3335/3335
f 3156/3156/3156 3335/3335/3335 3334/3334/3334
f 3157/3157/3157 3158/3158/3158 3336/3336/3336
f 3157/3157/3157 3336/3336/3336 3335/3335/3335
f 3158/3158/3158 3159/3159/3159 3337/3337/3337
f 3158/3158/3158 3337/3337/3337 3336/3336/3336
f 3159/3159/3159 3160/3160/3160 3338/3338/3338
f 3159/3159/3159 3338/3338/3338 3337/3337/3337
f 3160/3160/3160 3161/3161/3161 3339/3339/3339
f 3160/3160/3160 3339/3339/3339 3338/3338/3338
f 3161/3161/3161 3162/3162/3162 3340/3340/3340
f 3161/3161/3161 3340/3340/3340 3339/3339/3339
f 3162/3162/3162 3163/3163/3163 3341/3341/3341
f 3162/3162/3162 3341/3341/3341 3340/3340/3340
f 3163/3163/3163 3164/3164/3164 3342/3342/3342
f 3163/3163/3163 3342/3342/3342 3341/3341/3341
f 3164/3164/3164 3165/3165/3165 3343/3343/3343
f 3164/3164/3164 3343/3343/3343 3342/3342/3342
f 3165/3165/3165 3166/3166/3166 3344/3344/3344
f 3165/3165/3165 3344/3344/3344 3343/3343/3343
f 3166/3166/3166 3167/3167/3167 3345/3345/3345
f 3166/3166/3166 3345/3345/3345 3344/3344/3344
f 3167/3167/3167 3168/3168/3168 3346/3346/3346
f 3167/3167/3167 3346/3346/3346 3345/3345/3345
f 3168/3168/3168 3169/3169/3169 3347/3347/3347
f 3168/3168/3168 3347/3347/3347 3346/3346/3346
f 3169/3169/3169 3170/3170/3170 3348/3348/3348
f 3169/3169/3169 3348/3348/3348 3347/3347/3347
f 3170/3170/3170 3171/3171/3171 3349/3349/3349
f 3170/3170/3170 3349/3349/3349 3348/3348/3348
f 3171/3171/3171 3172/3172/3172 3350/3350/3350
f 3171/3171/3171 3350/3350/3350 3349/3349/3349
f 3172/3172/3172 3173/3173/3173 3351/3351/3351
f 3172/3172/3172 3351/3351/3351 3350/3350/3350
f 3173/3173/3173 3174/3174/3174 3352/3352/3352
f 3173/3173/3173 3352/3352/3352 3351/3351/3351
f 3174/3174/3174 3175/3175/3175 3353/3353/3353
f 3174/3174/3174 3353/3353/3353 3352/3352/3352
f 3175/3175/3175 3176/3176/3176 3354/3354/3354
f 3175/3175/3175 3354/3354/3354 3353/3353/3353
f 3176/3176/3176 3177/3177/3177 3355/3355/3355
f 3176/3176/3176 3355/3355/3355 3354/3354/3354
f 3177/3177/3177 3178/3178/3178 3356/3356/3356
f 3177/3177/3177 3356/3356/3356 3355/3355/3355
f 3178/3178/3178 3179/3179/3179 3357/3357/3357
f 3178/3178/3178 3357/3357/3357 3356/3356/3356
f 3179/3179/3179 3180/3180/3180 3358/3358/3358
f 3179/3179/3179 3358/3358/3358 3357/3357/3357
f 3180/3180/3180 3181/3181/3181 3359/3359/3359
f 3180/3180/3180 3359/3359/3359 3358/3358/3358
f 3181/3181/3181 3182/3182/3182 3360/3360/3360
f 3181/3181/3181 3360/3360/3360 3359/3359/3359
f 3182/3182/3182 3183/3183/3183 3361/3361/3361
f 3182/3182/3182 3361/3361/3361 3360/3360/3360
f 3183/3183/3183 3184/3184/3184 3362/3362/3362
f 3183/3183/3183 3362/3362/3362 3361/3361/3361
f 3184/3184/3184 3185/3185/3185 3363/3363/3363
f 3184/3184/3184 3363/3363/3363 3362/3362/3362
f 3185/3185/3185 3186/3186/3186 3364/3364/3364
f 3185/3185/3185 3364/3364/3364 3363/3363/3363
f 3186/3186/3186 3187/3187/3187 3365/3365/3365
f 3186/3186/3186 3365/3365/3365 3364/3364/3364
f 3187/3187/3187 3188/3188/3188 3366/3366/3366
f 3187/3187/3187 3366/3366/3366 3365/3365/3365
f 3188/3188/3188 3189/3189/3189 3367/3367/3367
f 3188/3188/3188 3367/3367/3367 3366/3366/3366
f 3189/3189/3189 3190/3190/3190 3368/3368/3368
f 3189/3189/3189 3368/3368/3368 3367/3367/3367
f 3190/3190/3190 3191/3191/3191 3369/3369/3369
f 3190/3190/3190 3369/3369/3369 3368/3368/3368
f 3191/3191/3191 3192/3192/3192 3370/3370/3370
f 3191/3191/3191 3370/3370/3370 3369/3369/3369
f 3192/3192/3192 3193/3193/3193 3371/3371/3371
f 3192/3192/3192 3371/3371/3371 3370/3370/3370
f 3193/3193/3193 3194/3194/3194 3372/3372/3372
f 3193/3193/3193 3372/3372/3372 3371/3371/3371
f 3194/3194/3194 3195/3195/3195 3373/3373/3373
f 3194/3194/3194 3373/3373/3373 3372/3372/3372
f 3195/3195/3195 3196/3196/3196 3374/3374/3374
f 3195/3195/3195 3374/3374/3374 3373/3373/3373
f 3196/3196/3196 3197/3197/3197 3375/3375/3375
f 3196/3196/3196 3375/3375/3375 3374/3374/3374
f 3197/3197/3197 3198/3198/3198 3376/3376/3376
f 3197/3197/3197 3376/3376/3376 3375/3375/3375
f 3198/3198/3198 3199/3199/3199 3377/3377/3377
f 3198/3198/3198 3377/3377/3377 3376/3376/3376
f 3199/3199/3199 3200/3200/3200 3378/3378/3378
f 3199/3199/3199 3378/3378/3378 3377/3377/3377
f 3200/3200/3200 3201/3201/3201 3379/3379/3379
f 3200/3200/3200 3379/3379/3379 3378/3378/3378
f 3201/3201/3201 3202/3202/3202 3380/3380/3380
f 3201/3201/3201 3380/3380/3380 3379/3379/3379
f 3202/3202/3202 3203/3203/3203 3381/3381/3381
f 3202/3202/3202 3381/3381/3381 3380/3380/3380
f 3203/3203/3203 3204/3204/3204 3382/3382/3382
f 3203/3203/3203 3382/3382/3382 3381/3381/3381
f 3204/3204/3204 3027/3027/3027 3205/3205/3205
f 3204/3204/3204 3205/3205/3205 3382/3382/3382
f 3205/3205/3205 3206/3206/3206 3384/3384/3384
f 3205/3205/3205 3384/3384/3384 3383/3383/3383
f 3206/3206/3206 3207/3207/3207 3385/3385/3385
f 3206/3206/3206 3385/3385/3385 3384/3384/3384
f 3207/3207/3207 3208/3208/3208 3386/3386/3386
f 3207/3207/3207 3386/3386/3386 3385/3385/3385
f 3208/3208/3208 3209/3209/3209 3387/3387/3387
f 3208/3208/3208 3387/3387/3387 3386/3386/3386
f 3209/3209/3209 3210/3210/3210 3388/3388/3388
f 3209/3209/3209 3388/3388/3388 3387/3387/3387
f 3210/3210/3210 3211/3211/3211 3389/3389/3389
f 3210/3210/3210 3389/3389/3389 3388/3388/3388
f 3211/3211/3211 3212/3212/3212 3390/3390/3390
f 3211/3211/3211 3390/3390/3390 3389/3389/3389
f 3212/3212/3212 3213/3213/3213 3391/3391/3391
f 3212/3212/3212 3391/3391/3391 3390/3390/3390
f 3213/3213/3213 3214/3214/3214 3392/3392/3392
f 3213/3213/3213 3392/3392/3392 3391/3391/3391
f 3214/3214/3214 3215/3215/3215 3393/3393/3393
f 3214/3214/3214 3393/3393/3393 3392/3392/3392
f 3215/3215/3215 3216/3216/3216 3394/3394/3394
f 3215/3215/3215 3394/3394/3394 3393/3393/3393
f 3216/3216/3216 3217/3217/3217 3395/3395/3395
f 3216/3216/3216 3395/3395/3395 3394/3394/3394
f 3217/3217/3217 3218/3218/3218 3396/3396/3396
f 3217/3217/3217 3396/3396/3396 3395/3395/3395
f 3218/3218/3218 3219/3219/3219 3397/3397/3397
f 3218/3218/3218 3397/3397/3397 3396/3396/3396
f 3219/3219/3219 3220/3220/3220 3398/3398/3398
f 3219/3219/3219 3398/3398/3398 3397/3397/3397
f 3220/3220/3220 3221/3221/3221 3399/3399/3399
f 3220/3220/3220 3399/3399/3399 3398/3398/3398
f 3221/3221/3221 3222/3222/3222 3400/3400/3400
f 3221/3221/3221 3400/3400/3400 3399/3399/3399
f 3222/3222/3222 3223/3223/3223 3401/3401/3401
f 3222/3222/3222 3401/3401/3401 3400/3400/3400
f 3223/3223/3223 3224/3224/3224 3402/3402/3402
f 3223/3223/3223 3402/3402/3402 3401/3401/3401
f 3224/3224/3224 3225/3225/3225 3403/3403/3403
f 3224/3224/3224 3403/3403/3403 3402/3402/3402
f 3225/3225/3225 3226/3226/3226 3404/3404/3404
f 3225/3225/3225 3404/3404/3404 3403/3403/3403
f 3226/3226/3226 3227/3227/3227 3405/3405/3405
f 3226/3226/3226 3405/3405/3405 3404/3404/3404
f 3227/3227/3227 3228/3228/3228 3406/3406/3406
f 3227/3227/3227 3406/3406/3406 3405/3405/3405
f 3228/3228/3228 3229/3229/3229 3407/3407/3407
f 3228/3228/3228 3407/3407/3407 3406/3406/3406
f 3229/3229/3229 3230/3230/3230 3408/3408/3408
f 3229/3229/3229 3408/3408/3408 3407/3407/3407
f 3230/3230/3230 3231/3231/3231 3409/3409/3409
f 3230/3230/3230 3409/3409/3409 3408/3408/3408
f 3231/3231/3231 3232/3232/3232 3410/3410/3410
f 3231/3231/3231 3410/3410/3410 3409/3409/3409
f 3232/3232/3232 3233/3233/3233 3411/3411/3411
f 3232/3232/3232 3411/3411/3411 3410/3410/3410
f 3233/3233/3233 3234/3234/3234 3412/3412/3412
f 3233/3233/3233 3412/3412/3412 3411/3411/3411
f 3234/3234/3234 3235/3235/3235 3413/3413/3413
f 3234/3234/3234 3413/3413/3413 3412/3412/3412
f 3235/3235/3235 3236/3236/3236 3414/3414/3414
f 3235/3235/3235 3414/3414/3414 3413/3413/3413
f 3236/3236/3236 3237/3237/3237 3415/3415/3415
f 3236/3236/3236 3415/3415/3415 3414/3414/3414
f 3237/3237/3237 3238/3238/3238 3416/3416/3416
f 3237/3237/3237 3416/3416/3416 3415/3415/3415
f 3238/3238/3238 3239/3239/3239 3417/3417/3417
f 3238/3238/3238 3417/3417/3417 3416/3416/3416
f 3239/3239/3239 3240/3240/3240 3418/3418/3418
f 3239/3239/3239 3418/3418/3418 3417/3417/3417
f 3240/3240/3240 3241/3241/3241 3419/3419/3419
f 3240/3240/3240 3419/3419/3419 3418/3418/3418
f 3241/3241/3241 3242/3242/3242 3420/3420/3420
f 3241/3241/3241 3420/3420/3420 3419/3419/3419
f 3242/3242/3242 3243/3243/3243 3421/3421/3421
f 3242/3242/3242 3421/3421/3421 3420/3420/3420
f 3243/3243/3243 3244/3244/3244 3422/3422/3422
f 3243/3243/3243 3422/3422/3422 3421/3421/3421
f 3244/3244/3244 3245/3245/3245 3423/3423/3423
f 3244/3244/3244 3423/3423/3423 3422/3422/3422
f 3245/3245/3245 3246/3246/3246 3424/3424/3424
f 3245/3245/3245 3424/3424/3424 3423/3423/3423
f 3246/3246/3246 3247/3247/3247 3425/3425/3425
f 3246/3246/3246 3425/3425/3425 3424/3424/3424
f 3247/3247/3247 3248/3248/3248 3426/3426/3426
f 3247/3247/3247 3426/3426/3426 3425/3425/3425
f 3248/3248/3248 3249/3249/3249 3427/3427/3427
f 3248/3248/3248 3427/3427/3427 3426/3426/3426
f 3249/3249/3249 3250/3250/3250 3428/3428/3428
f 3249/3249/3249 3428/3428/3428 3427/3427/3427
f 3250/3250/3250 3251/3251/3251 3429/3429/3429
f 3250/3250/3250 3429/3429/3429 3428/3428/3428
f 3251/3251/3251 3252/3252/3252 3430/3430/3430
f 3251/3251/3251 3430/3430/3430 3429/3429/3429
f 3252/3252/3252 3253/3253/3253 3431/3431/3431
f 3252/3252/3252 3431/3431/3431 3430/3430/3430
f 3253/3253/3253 3254/3254/3254 3432/3432/3432
f 3253/3253/3253 3432/3432/3432 3431/3431/3431
f 3254/3254/3254 3255/3255/3255 3433/3433/3433
f 3254/3254/3254 3433/3433/3433 3432/3432/3432
f 3255/3255/3255 3256/3256/3256 3434/3434/3434
f 3255/3255/3255 3434/3434/3434 3433/3433/3433
f 3256/3256/3256 3257/3257/3257 3435/3435/3435
f 3256/3256/3256 3435/3435/3435 3434/3434/3434
f 3257/3257/3257 3258/3258/3258 3436/3436/3436
f 3257/3257/3257 3436/3436/3436 3435/3435/3435
f 3258/3258/3258 3259/3259/3259 3437/3437/3437
f 3258/3258/3258 3437/3437/3437 3436/3436/3436
f 3259/3259/3259 3260/3260/3260 3438/3438/3438
f 3259/3259/3259 3438/3438/3438 3437/3437/3437
f 3260/3260/3260 3261/3261/3261 3439/3439/3439
f 3260/3260/3260 3439/3439/3439 3438/3438/3438
f 3261/3261/3261 3262/3262/3262 3440/3440/3440
f 3261/3261/3261 3440/3440/3440 3439/3439/3439
f 3262/3262/3262 3263/3263/3263 3441/3441/3441
f 3262/3262/3262 3441/3441/3441 3440/3440/3440
f 3263/3263/3263 3264/3264/3264 3442/3442/3442
f 3263/3263/3263 3442/3442/3442 3441/3441/3441
f 3264/3264/3264 3265/3265/3265 3443/3443/3443
f 3264/3264/3264 3443/3443/3443 3442/3442/3442
f 3265/3265/3265 3266/3266/3266 3444/3444/3444
f 3265/3265/3265 3444/3444/3444 3443/3443/3443
f 3266/3266/3266 3267/3267/3267 3445/3445/3445
f 3266/3266/3266 3445/3445/3445 3444/3444/3444
f 3267/3267/3267 3268/3268/3268 3446/3446/3446
f 3267/3267/3267 3446/3446/3446 3445/3445/3445
f 3268/3268/3268 3269/3269/3269 3447/3447/3447
f 3268/3268/3268 3447/3447/3447 3446/3446/3446
f 3269/3269/3269 3270/3270/3270 3448/3448/3448
f 3269/3269/3269 3448/3448/3448 3447/3447/3447
f 3270/3270/3270 3271/3271/3271 3449/3449/3449
f 3270/3270/3270 3449/3449/3449 3448/3448/3448
f 3271/3271/3271 3272/3272/3272 3450/3450/3450
f 3271/3271/3271 3450/3450/3450 3449/3449/3449
f 3272/3272/3272 3273/3273/3273 3451/3451/3451
f 3272/3272/3272 3451/3451/3451 3450/3450/3450
f 3273/3273/3273 3274/3274/3274 3452/3452/3452
f 3273/3273/3273 3452/3452/3452 3451/3451/3451
f 3274/3274/3274 3275/3275/3275 3453/3453/3453
f 3274/3274/3274 3453/3453/3453 3452/3452/3452
f 3275/3275/3275 3276/3276/3276 3454/3454/3454
f 3275/3275/3275 3454/3454/3454 3453/3453/3453
f 3276/3276/3276 3277/3277/3277 3455/3455/3455
f 3276/3276/3276 3455/3455/3455 3454/3454/3454
f 3277/3277/3277 3278/3278/3278 3456/3456/3456
f 3277/3277/3277 3456/3456/3456 3455/3455/3455
f 3278/3278/3278 3279/3279/3279 3457/3457/3457
f 3278/3278/3278 3457/3457/3457 3456/3456/3456
f 3279/3279/3279 3280/3280/3280 3458/3458/3458
f 3279/3279/3279 3458/3458/3458 3457/3457/3457
f 3280/3280/3280 3281/3281/3281 3459/3459/3459
f 3280/3280/3280 3459/3459/3459 3458/3458/3458
f 3281/3281/3281 3282/3282/3282 3460/3460/3460
f 3281/3281/3281 3460/3460/3460 3459/3459/3459
f 3282/3282/3282 3283/3283/3283 3461/3461/3461
f 3282/3282/3282 3461/3461/3461 3460/3460/3460
f 3283/3283/3283 3284/3284/3284 3462/3462/3462
f 3283/3283/3283 3462/3462/3462 3461/3461/3461
f 3284/3284/3284 3285/3285/3285 3463/3463/3463
f 3284/3284/3284 3463/3463/3463 3462/3462/3462
f 3285/3285/3285 3286/3286/3286 3464/3464/3464
f 3285/3285/3285 3464/3464/3464 3463/3463/3463
f 3286/3286/3286 3287/3287/3287 3465/3465/3465
f 3286/3286/3286 3465/3465/3465 3464/3464/3464
f 3287/3287/3287 3288/3288/3288 3466/3466/3466
f 3287/3287/3287 3466/3466/3466 3465/3465/3465
f 3288/3288/3288 3289/3289/3289 3467/3467/3467
f 3288/3288/3288 3467/3467/3467 3466/3466/3466
f 3289/3289/3289 3290/3290/3290 3468/3468/3468
f 3289/3289/3289 3468/3468/3468 3467/3467/3467
f 3290/3290/3290 3291/3291/3291 3469/3469/3469
f 3290/3290/3290 3469/3469/3469 3468/3468/3468
f 3291/3291/3291 3292/3292/3292 3470/3470/3470
f 3291/3291/3291 3470/3470/3470 3469/3469/3469
f 3292/3292/3292 3293/3293/3293 3471/3471/3471
f 3292/3292/3292 3471/3471/3471 3470/3470/3470
f 3293/3293/3293 3294/3294/3294 3472/3472/3472
f 3293/3293/3293 3472/3472/3472 3471/3471/3471
f 3294/3294/3294 3295/3295/3295 3473/3473/3473
f 3294/3294/3294 3473/3473/3473 3472/3472/3472
f 3295/3295/3295 3296/3296/3296 3474/3474/3474
f 3295/3295/3295 3474/3474/3474 3473/3473/3473
f 3296/3296/3296 3297/3297/3297 3475/3475/3475
f 3296/3296/3296 3475/3475/3475 3474/3474/3474
f 3297/3297/3297 3298/3298/3298 3476/3476/3476
f 3297/3297/3297 3476/3476/3476 3475/3475/3475
f 3298/3298/3298 3299/3299/3299 3477/3477/3477
f 3298/3298/3298 3477/3477/3477 3476/3476/3476
f 3299/3299/3299 3300/3300/3300 3478/3478/3478
f 3299/3299/3299 3478/3478/3478 3477/3477/3477
f 3300/3300/3300 3301/3301/3301 3479/3479/3479
f 3300/3300/3300 3479/3479/3479 3478/3478/3478
f 3301/3301/3301 3302/3302/3302 3480/3480/3480
f 3301/3301/3301 3480/3480/3480 3479/3479/3479
f 3302/3302/3302 3303/3303/3303 3481/3481/3481
f 3302/3302/3302 3481/3481/3481 3480/3480/3480
f 3303/3303/3303 3304/3304/3304 3482/3482/3482
f 3303/3303/3303 3482/3482/3482 3481/3481/3481
f 3304/3304/3304 3305/3305/3305 3483/3483/3483
f 3304/3304/3304 3483/3483/3483 3482/3482/3482
f 3305/3305/3305 3306/3306/3306 3484/3484/3484
f 3305/3305/3305 3484/3484/3484 3483/3483/3483
f 3306/3306/3306 3307/3307/3307 3485/3485/3485
f 3306/3306/3306 3485/3485/3485 3484/3484/3484
f 3307/3307/3307 3308/3308/3308 3486/3486/3486
f 3307/3307/3307 3486/3486/3486 3485/3485/3485
f 3308/3308/3308 3309/3309/3309 3487/3487/3487
f 3308/3308/3308 3487/3487/3487 3486/3486/3486
f 3309/3309/3309 3310/3310/3310 3488/3488/3488
f 3309/3309/3309 3488/3488/3488 3487/3487/3487
f 3310/3310/3310 3311/3311/3311 3489/3489/3489
f 3310/3310/3310 3489/3489/3489 3488/3488/3488
f 3311/3311/3311 3312/3312/3312 3490/3490/3490
f 3311/3311/3311 3490/3490/3490 3489/3489/3489
f 3312/3312/3312 3313/3313/3313 3491/3491/3491
f 3312/3312/3312 3491/3491/3491 3490/3490/3490
f 3313/3313/3313 3314/3314/3314 3492/3492/3492
f 3313/3313/3313 3492/3492/3492 3491/3491/3491
f 3314/3314/3314 3315/3315/3315 3493/3493/3493
f 3314/3314/3314 3493/3493/3493 3492/3492/3492
f 3315/3315/3315 3316/3316/3316 3494/3494/3494
f 3315/3315/3315 3494/3494/3494 3493/3493/3493
f 3316/3316/3316 3317/3317/3317 3495/3495/3495
f 3316/3316/3316 3495/3495/3495 3494/3494/3494
f 3317/3317/3317 3318/3318/3318 3496/3496/3496
f 3317/3317/3317 3496/3496/3496 3495/3495/3495
f 3318/3318/3318 3319/3319/3319 3497/3497/3497
f 3318/3318/3318 3497/3497/3497 3496/3496/3496
f 3319/3319/3319 3320/3320/3320 3498/3498/3498
f 3319/3319/3319 3498/3498/3498 3497/3497/3497
f 3320/3320/3320 3321/3321/3321 3499/3499/3499
f 3320/3320/3320 3499/3499/3499 3498/3498/3498
f 3321/3321/3321 3322/3322/3322 3500/3500/3500
f 3321/3321/3321 3500/3500/3500 3499/3499/3499
f 3322/3322/3322 3323/3323/3323 3501/3501/3501
f 3322/3322/3322 3501/3501/3501 3500/3500/3500
f 3323/3323/3323 3324/3324/3324 3502/3502/3502
f 3323/3323/3323 3502/3502/3502 3501/3501/3501
f 3324/3324/3324 3325/3325/3325 3503/3503/3503
f 3324/3324/3324 3503/3503/3503 3502/3502/3502
f 3325/3325/3325 3326/3326/3326 3504/3504/3504
f 3325/3325/3325 3504/3504/3504 3503/3503/3503
f 3326/3326/3326 3327/3327/3327 3505/3505/3505
f 3326/3326/3326 3505/3505/3505 3504/3504/3504
f 3327/3327/3327 3328/3328/3328 3506/3506/3506
f 3327/3327/3327 3506/3506/3506 3505/3505/3505
f 3328/3328/3328 3329/3329/3329 3507/3507/3507
f 3328/3328/3328 3507/3507/3507 3506/3506/3506
f 3329/3329/3329 3330/3330/3330 3508/3508/3508
f 3329/3329/3329 3508/3508/3508 3507/3507/3507
f 3330/3330/3330 3331/3331/3331 3509/3509/3509
f 3330/3330/3330 3509/3509/3509 3508/3508/3508
f 3331/3331/3331 3332/3332/3332 3510/3510/3510
f 3331/3331/3331 3510/3510/3510 3509/3509/3509
f 3332/3332/3332 3333/3333/3333 3511/3511/3511
f 3332/3332/3332 3511/3511/3511 3510/3510/3510
f 3333/3333/3333 3334/3334/3334 3512/3512/3512
f 3333/3333/3333 3512/3512/3512 3511/3511/3511
f 3334/3334/3334 3335/3335/3335 3513/3513/3513
f 3334/3334/3334 3513/3513/3513 3512/3512/3512
f 3335/3335/3335 3336/3336/3336 3514/3514/3514
f 3335/3335/3335 3514/3514/3514 3513/3513/3513
f 3336/3336/3336 3337/3337/3337 3515/3515/3515
f 3336/3336/3336 3515/3515/3515 3514/3514/3514
f 3337/3337/3337 3338/3338/3338 3516/3516/3516
f 3337/3337/3337 3516/3516/3516 3515/3515/3515
f 3338/3338/3338 3339/3339/3339 3517/3517/3517
f 3338/3338/3338 3517/3517/3517 3516/3516/3516
f 3339/3339/3339 3340/3340/3340 3518/3518/3518
f 3339/3339/3339 3518/3518/3518 3517/3517/3517
f 3340/3340/3340 3341/3341/3341 3519/3519/3519
f 3340/3340/3340 3519/3519/3519 3518/3518/3518
f 3341/3341/3341 3342/3342/3342 3520/3520/3520
f 3341/3341/3341 3520/3520/3520 3519/3519/3519
f 3342/3342/3342 3343/3343/3343 3521/3521/3521
f 3342/3342/3342 3521/3521/3521 3520/3520/3520
f 3343/3343/3343 3344/3344/3344 3522/3522/3522
f 3343/3343/3343 3522/3522/3522 3521/3521/3521
f 3344/3344/3344 3345/3345/3345 3523/3523/3523
f 3344/3344/3344 3523/3523/3523 3522/3522/3522
f 3345/3345/3345 3346/3346/3346 3524/3524/3524
f 3345/3345/3345 3524/3524/3524 3523/3523/3523
f 3346/3346/3346 3347/3347/3347 3525/3525/3525
f 3346/3346/3346 3525/3525/3525 3524/3524/3524
f 3347/3347/3347 3348/3348/3348 3526/3526/3526
f 3347/3347/3347 3526/3526/3526 3525/3525/3525
f 3348/3348/3348 3349/3349/3349 3527/3527/3527
f 3348/3348/3348 3527/3527/3527 3526/3526/3526
f 3349/3349/3349 3350/3350/3350 3528/3528/3528
f 3349/3349/3349 3528/3528/3528 3527/3527/3527
f 3350/3350/3350 3351/3351/3351 3529/3529/3529
f 3350/3350/3350 3529/3529/3529 3528/3528/3528
f 3351/3351/3351 3352/3352/3352 3530/3530/3530
f 3351/3351/3351 3530/3530/3530 3529/3529/3529
f 3352/3352/3352 3353/3353/3353 3531/3531/3531
f 3352/3352/3352 3531/3531/3531 3530/3530/3530
f 3353/3353/3353 3354/3354/3354 3532/3532/3532
f 3353/3353/3353 3532/3532/3532 3531/3531/3531
f 3354/3354/3354 3355/3355/3355 3533/3533/3533
f 3354/3354/3354 3533/3533/3533 3532/3532/3532
f 3355/3355/3355 3356/3356/3356 3534/3534/3534
f 3355/3355/3355 3534/3534/3534 3533/3533/3533
f 3356/3356/3356 3357/3357/3357 3535/3535/3535
f 3356/3356/3356 3535/3535/3535 3534/3534/3534
f 3357/3357/3357 3358/3358/3358 3536/3536/3536
f 3357/3357/3357 3536/3536/3536 3535/3535/3535
f 3358/3358/3358 3359/3359/3359 3537/3537/3537
f 3358/3358/3358 3537/3537/3537 3536/3536/3536
f 3359/3359/3359 3360/3360/3360 3538/3538/3538
f 3359/3359/3359 3538/3538/3538 3537/3537/3537
f 3360/3360/3360 3361/3361/3361 3539/3539/3539
f 3360/3360/3360 3539/3539/3539 3538/3538/3538
f 3361/3361/3361 3362/3362/3362 3540/3540/3540
f 3361/3361/3361 3540/3540/3540 3539/3539/3539
f 3362/3362/3362 3363/3363/3363 3541/3541/3541
f 3362/3362/3362 3541/3541/3541 3540/3540/3540
f 3363/3363/3363 3364/3364/3364 3542/3542/3542
f 3363/3363/3363 3542/3542/3542 3541/3541/3541
f 3364/3364/3364 3365/3365/3365 3543/3543/3543
f 3364/3364/3364 3543/3543/3543 3542/3542/3542
f 3365/3365/3365 3366/3366/3366 3544/3544/3544
f 3365/3365/3365 3544/3544/3544 3543/3543/3543
f 3366/3366/3366 3367/3367/3367 3545/3545/3545
f 3366/3366/3366 3545/3545/3545 3544/3544/3544
f 3367/3367/3367 3368/3368/3368 3546/3546/3546
f 3367/3367/3367 3546/3546/3546 3545/3545/3545
f 3368/3368/3368 3369/3369/3369 3547/3547/3547
f 3368/3368/3368 3547/3547/3547 3546/3546/3546
f 3369/3369/3369 3370/3370/3370 3548/3548/3548
f 3369/3369/3369 3548/3548/3548 3547/3547/3547
f 3370/3370/3370 3371/3371/3371 3549/3549/3549
f 3370/3370/3370 3549/3549/3549 3548/3548/3548
f 3371/3371/3371 3372/3372/3372 3550/3550/3550
f 3371/3371/3371 3550/3550/3550 3549/3549/3549
f 3372/3372/3372 3373/3373/3373 3551/3551/3551
f 3372/3372/3372 3551/3551/3551 3550/3550/3550
f 3373/3373/3373 3374/3374/3374 3552/3552/3552
f 3373/3373/3373 3552/3552/3552 3551/3551/3551
f 3374/3374/3374 3375/3375/3375 3553/3553/3553
f 3374/3374/3374 3553/3553/3553 3552/3552/3552
f 3375/3375/3375 3376/3376/3376 3554/3554/3554
f 3375/3375/3375 3554/3554/3554 3553/3553/3553
f 3376/3376/3376 3377/3377/3377 3555/3555/3555
f 3376/3376/3376 3555/3555/3555 3554/3554/3554
f 3377/3377/3377 3378/3378/3378 3556/3556/3556
f 3377/3377/3377 3556/3556/3556 3555/3555/3555
f 3378/3378/3378 3379/3379/3379 3557/3557/3557
f 3378/3378/3378 3557/3557/3557 3556/3556/3556
f 3379/3379/3379 3380/3380/3380 3558/3558/3558
f 3379/3379/3379 3558/3558/3558 3557/3557/3557
f 3380/3380/3380 3381/3381/3381 3559/3559/3559
f 3380/3380/3380 3559/3559/3559 3558/3558/3558
f 3381/3381/3381 3382/3382/3382 3560/3560/3560
f 3381/3381/3381 3560/3560/3560 3559/3559/3559
f 3382/3382/3382 3205/3205/3205 3383/3383/3383
f 3382/3382/3382 3383/3383/3383 3560/3560/3560
f 3383/3383/3383 3384/3384/3384 3562/3562/3562
f 3383/3383/3383 3562/3562/3562 3561/3561/3561
f 3384/3384/3384 3385/3385/3385 3563/3563/3563
f 3384/3384/3384 3563/3563/3563 3562/3562/3562
f 3385/3385/3385 3386/3386/3386 3564/3564/3564
f 3385/3385/3385 3564/3564/3564 3563/3563/3563
f 3386/3386/3386 3387/3387/3387 3565/3565/3565
f 3386/3386/3386 3565/3565/3565 3564/3564/3564
f 3387/3387/3387 3388/3388/3388 3566/3566/3566
f 3387/3387/3387 3566/3566/3566 3565/3565/3565
f 3388/3388/3388 3389/3389/3389 3567/3567/3567
f 3388/3388/3388 3567/3567/3567 3566/3566/3566
f 3389/3389/3389 3390/3390/3390 3568/3568/3568
f 3389/3389/3389 3568/3568/3568 3567/3567/3567
f 3390/3390/3390 3391/3391/3391 3569/3569/3569
f 3390/3390/3390 3569/3569/3569 3568/3568/3568
f 3391/3391/3391 3392/3392/3392 3570/3570/3570
f 3391/3391/3391 3570/3570/3570 3569/3569/3569
f 3392/3392/3392 3393/3393/3393 3571/3571/3571
f 3392/3392/3392 3571/3571/3571 3570/3570/3570
f 3393/3393/3393 3394/3394/3394 3572/3572/3572
f 3393/3393/3393 3572/3572/3572 3571/3571/3571
f 3394/3394/3394 3395/3395/3395 3573/3573/3573
f 3394/3394/3394 3573/3573/3573 3572/3572/3572
f 3395/3395/3395 3396/3396/3396 3574/3574/3574
f 3395/3395/3395 3574/3574/3574 3573/3573/3573
f 3396/3396/3396 3397/3397/3397 3575/3575/3575
f 3396/3396/3396 3575/3575/3575 3574/3574/3574
f 3397/3397/3397 3398/3398/3398 3576/3576/3576
f 3397/3397/3397 3576/3576/3576 3575/3575/3575
f 3398/3398/3398 3399/3399/3399 3577/3577/3577
f 3398/3398/3398 3577/3577/3577 3576/3576/3576
f 3399/3399/3399 3400/3400/3400 3578/3578/3578
f 3399/3399/3399 3578/3578/3578 3577/3577/3577
f 3400/3400/3400 3401/3401/3401 3579/3579/3579
f 3400/3400/3400 3579/3579/3579 3578/3578/3578
f 3401/3401/3401 3402/3402/3402 3580/3580/3580
f 3401/3401/3401 3580/3580/3580 3579/3579/3579
f 3402/3402/3402 3403/3403/3403 3581/3581/3581
f 3402/3402/3402 3581/3581/3581 3580/3580/3580
f 3403/3403/3403 3404/3404/3404 3582/3582/3582
f 3403/3403/3403 3582/3582/3582 3581/3581/3581
f 3404/3404/3404 3405/3405/3405 3583/3583/3583
f 3404/3404/3404 3583/3583/3583 3582/3582/3582
f 3405/3405/3405 3406/3406/3406 3584/3584/3584
f 3405/3405/3405 3584/3584/3584 3583/3583/3583
f 3406/3406/3406 3407/3407/3407 3585/3585/3585
f 3406/3406/3406 3585/3585/3585 3584/3584/3584
f 3407/3407/3407 3408/3408/3408 3586/3586/3586
f 3407/3407/3407 3586/3586/3586 3585/3585/3585
f 3408/3408/3408 3409/3409/3409 3587/3587/3587
f 3408/3408/3408 3587/3587/3587 3586/3586/3586
f 3409/3409/3409 3410/3410/3410 3588/3588/3588
f 3409/3409/3409 3588/3588/3588 3587/3587/3587
f 3410/3410/3410 3411/3411/3411 3589/3589/3589
f 3410/3410/3410 3589/3589/3589 3588/3588/3588
f 3411/3411/3411 3412/3412/3412 3590/3590/3590
f 3411/3411/3411 3590/3590/3590 3589/3589/3589
f 3412/3412/3412 3413/3413/3413 3591/3591/3591
f 3412/3412/3412 3591/3591/3591 3590/3590/3590
f 3413/3413/3413 3414/3414/3414 3592/3592/3592
f 3413/3413/3413 3592/3592/3592 3591/3591/3591
f 3414/3414/3414 3415/3415/3415 3593/3593/3593
f 3414/3414/3414 3593/3593/3593 3592/3592/3592
f 3415/3415/3415 3416/3416/3416 3594/3594/3594
f 3415/3415/3415 3594/3594/3594 3593/3593/3593
f 3416/3416/3416 3417/3417/3417 3595/3595/3595
f 3416/3416/3416 3595/3595/3595 3594/3594/3594
f 3417/3417/3417 3418/3418/3418 3596/3596/3596
f 3417/3417/3417 3596/3596/3596 3595/3595/3595
f 3418/3418/3418 3419/3419/3419 3597/3597/3597
f 3418/3418/3418 3597/3597/3597 3596/3596/3596
f 3419/3419/3419 3420/3420/3420 3598/3598/3598
f 3419/3419/3419 3598/3598/3598 3597/3597/3597
f 3420/3420/3420 3421/3421/3421 3599/3599/3599
f 3420/3420/3420 3599/3599/3599 3598/3598/3598
f 3421/3421/3421 3422/3422/3422 3600/3600/3600
f 3421/3421/3421 3600/3600/3600 3599/3599/3599
f 3422/3422/3422 3423/3423/3423 3601/3601/3601
f 3422/3422/3422 3601/3601/3601 3600/3600/3600
f 3423/3423/3423 3424/3424/3424 3602/3602/3602
f 3423/3423/3423 3602/3602/3602 3601/3601/3601
f 3424/3424/3424 3425/3425/3425 3603/3603/3603
f 3424/3424/3424 3603/3603/3603 3602/3602/3602
f 3425/3425/3425 3426/3426/3426 3604/3604/3604
f 3425/3425/3425 3604/3604/3604 3603/3603/3603
f 3426/3426/3426 3427/3427/3427 3605/3605/3605
f 3426/3426/3426 3605/3605/3605 3604/3604/3604
f 3427/3427/3427 3428/3428/3428 3606/3606/3606
f 3427/3427/3427 3606/3606/3606 3605/3605/3605
f 3428/3428/3428 3429/3429/3429 3607/3607/3607
f 3428/3428/3428 3607/3607/3607 3606/3606/3606
f 3429/3429/3429 3430/3430/3430 3608/3608/3608
f 3429/3429/3429 3608/3608/3608 3607/3607/3607
f 3430/3430/3430 3431/3431/3431 3609/3609/3609
f 3430/3430/3430 3609/3609/3609 3608/3608/3608
f 3431/3431/3431 3432/3432/3432 3610/3610/3610
f 3431/3431/3431 3610/3610/3610 3609/3609/3609
f 3432/3432/3432 3433/3433/3433 3611/3611/3611
f 3432/3432/3432 3611/3611/3611 3610/3610/3610
f 3433/3433/3433 3434/3434/3434 3612/3612/3612
f 3433/3433/3433 3612/3612/3612 3611/3611/3611
f 3434/3434/3434 3435/3435/3435 3613/3613/3613
f 3434/3434/3434 3613/3613/3613 3612/3612/3612
f 3435/3435/3435 3436/3436/3436 3614/3614/3614
f 3435/3435/3435 3614/3614/3614 3613/3613/3613
f 3436/3436/3436 3437/3437/3437 3615/3615/3615
f 3436/3436/3436 3615/3615/3615 3614/3614/3614
f 3437/3437/3437 3438/3438/3438 3616/3616/3616
f 3437/3437/3437 3616/3616/3616 3615/3615/3615
f 3438/3438/3438 3439/3439/3439 3617/3617/3617
f 3438/3438/3438 3617/3617/3617 3616/3616/3616
f 3439/3439/3439 3440/3440/3440 3618/3618/3618
f 3439/3439/3439 3618/3618/3618 3617/3617/3617
f 3440/3440/3440 3441/3441/3441 3619/3619/3619
f 3440/3440/3440 3619/3619/3619 3618/3618/3618
f 3441/3441/3441 3442/3442/3442 3620/3620/3620
f 3441/3441/3441 3620/3620/3620 3619/3619/3619
f 3442/3442/3442 3443/3443/3443 3621/3621/3621
f 3442/3442/3442 3621/3621/3621 3620/3620/3620
f 3443/3443/3443 3444/3444/3444 3622/3622/3622
f 3443/3443/3443 3622/3622/3622 3621/3621/3621
f 3444/3444/3444 3445/3445/3445 3623/3623/3623
f 3444/3444/3444 3623/3623/3623 3622/3622/3622
f 3445/3445/3445 3446/3446/3446 3624/3624/3624
f 3445/3445/3445 3624/3624/3624 3623/3623/3623
f 3446/3446/3446 3447/3447/3447 3625/3625/3625
f 3446/3446/3446 3625/3625/3625 3624/3624/3624
f 3447/3447/3447 3448/3448/3448 3626/3626/3626
f 3447/3447/3447 3626/3626/3626 3625/3625/3625
f 3448/3448/3448 3449/3449/3449 3627/3627/3627
f 3448/3448/3448 3627/3627/3627 3626/3626/3626
f 3449/3449/3449 3450/3450/3450 3628/3628/3628
f 3449/3449/3449 3628/3628/3628 3627/3627/3627
f 3450/3450/3450 3451/3451/3451 3629/3629/3629
f 3450/3450/3450 3629/3629/3629 3628/3628/3628
f 3451/3451/3451 3452/3452/3452 3630/3630/3630
f 3451/3451/3451 3630/3630/3630 3629/3629/3629
f 3452/3452/3452 3453/3453/3453 3631/3631/3631
f 3452/3452/3452 3631/3631/3631 3630/3630/3630
f 3453/3453/3453 3454/3454/3454 3632/3632/3632
f 3453/3453/3453 3632/3632/3632 3631/3631/3631
f 3454/3454/3454 3455/3455/3455 3633/3633/3633
f 3454/3454/3454 3633/3633/3633 3632/3632/3632
f 3455/3455/3455 3456/3456/3456 3634/3634/3634
f 3455/3455/3455 3634/3634/3634 3633/3633/3633
f 3456/3456/3456 3457/3457/3457 3635/3635/3635
f 3456/3456/3456 3635/3635/3635 3634/3634/3634
f 3457/3457/3457 3458/3458/3458 3636/3636/3636
f 3457/3457/3457 3636/3636/3636 3635/3635/3635
f 3458/3458/3458 3459/3459/3459 3637/3637/3637
f 3458/3458/3458 3637/3637/3637 3636/3636/3636
f 3459/3459/3459 3460/3460/3460 3638/3638/3638
f 3459/3459/3459 3638/3638/3638 3637/3637/3637
f 3460/3460/3460 3461/3461/3461 3639/3639/3639
f 3460/3460/3460 3639/3639/3639 3638/3638/3638
f 3461/3461/3461 3462/3462/3462 3640/3640/3640
f 3461/3461/3461 3640/3640/3640 3639/3639/3639
f 3462/3462/3462 3463/3463/3463 3641/3641/3641
f 3462/3462/3462 3641/3641/3641 3640/3640/3640
f 3463/3463/3463 3464/3464/3464 3642/3642/3642
f 3463/3463/3463 3642/3642/3642 3641/3641/3641
f 3464/3464/3464 3465/3465/3465 3643/3643/3643
f 3464/3464/3464 3643/3643/3643 3642/3642/3642
f 3465/3465/3465 3466/3466/3466 3644/3644/3644
f 3465/3465/3465 3644/3644/3644 3643/3643/3643
f 3466/3466/3466 3467/3467/3467 3645/3645/3645
f 3466/3466/3466 3645/3645/3645 3644/3644/3644
f 3467/3467/3467 3468/3468/3468 3646/3646/3646
f 3467/3467/3467 3646/3646/3646 3645/3645/3645
f 3468/3468/3468 3469/3469/3469 3647/3647/3647
f 3468/3468/3468 3647/3647/3647 3646/3646/3646
f 3469/3469/3469 3470/3470/3470 3648/3648/3648
f 3469/3469/3469 3648/3648/3648 3647/3647/3647
f 3470/3470/3470 3471/3471/3471 3649/3649/3649
f 3470/3470/3470 3649/3649/3649 3648/3648/3648
f 3471/3471/3471 3472/3472/3472 3650/3650/3650
f 3471/3471/3471 3650/3650/3650 3649/3649/3649
f 3472/3472/3472 3473/3473/3473 3651/3651/3651
f 3472/3472/3472 3651/3651/3651 3650/3650/3650
f 3473/3473/3473 3474/3474/3474 3652/3652/3652
f 3473/3473/3473 3652/3652/3652 3651/3651/3651
f 3474/3474/3474 3475/3475/3475 3653/3653/3653
f 3474/3474/3474 3653/3653/3653 3652/3652/3652
f 3475/3475/3475 3476/3476/3476 3654/3654/3654
f 3475/3475/3475 3654/3654/3654 3653/3653/3653
f 3476/3476/3476 3477/3477/3477 3655/3655/3655
f 3476/3476/3476 3655/3655/3655 3654/3654/3654
f 3477/3477/3477 3478/3478/3478 3656/3656/3656
f 3477/3477/3477 3656/3656/3656 3655/3655/3655
f 3478/3478/3478 3479/3479/3479 3657/3657/3657
f 3478/3478/3478 3657/3657/3657 3656/3656/3656
f 3479/3479/3479 3480/3480/3480 3658/3658/3658
f 3479/3479/3479 3658/3658/3658 3657/3657/3657
f 3480/3480/3480 3481/3481/3481 3659/3659/3659
f 3480/3480/3480 3659/3659/3659 3658/3658/3658
f 3481/3481/3481 3482/3482/3482 3660/3660/3660
f 3481/3481/3481 3660/3660/3660 3659/3659/3659
f 3482/3482/3482 3483/3483/3483 3661/3661/3661
f 3482/3482/3482 3661/3661/3661 3660/3660/3660
f 3483/3483/3483 3484/3484/3484 3662/3662/3662
f 3483/3483/3483 3662/3662/3662 3661/3661/3661
f 3484/3484/3484 3485/3485/3485 3663/3663/3663
f 3484/3484/3484 3663/3663/3663 3662/3662/3662
f 3485/3485/3485 3486/3486/3486 3664/3664/3664
f 3485/3485/3485 3664/3664/3664 3663/3663/3663
f 3486/3486/3486 3487/3487/3487 3665/3665/3665
f 3486/3486/3486 3665/3665/3665 3664/3664/3664
f 3487/3487/3487 3488/3488/3488 3666/3666/3666
f 3487/3487/3487 3666/3666/3666 3665/3665/3665
f 3488/3488/3488 3489/3489/3489 3667/3667/3667
f 3488/3488/3488 3667/3667/3667 3666/3666/3666
f 3489/3489/3489 3490/3490/3490 3668/3668/3668
f 3489/3489/3489 3668/3668/3668 3667/3667/3667
f 3490/3490/3490 3491/3491/3491 3669/3669/3669
f 3490/3490/3490 3669/3669/3669 3668/3668/3668
f 3491/3491/3491 3492/3492/3492 3670/3670/3670
f 3491/3491/3491 3670/3670/3670 3669/3669/3669
f 3492/3492/3492 3493/3493/3493 3671/3671/3671
f 3492/3492/3492 3671/3671/3671 3670/3670/3670
f 3493/3493/3493 3494/3494/3494 3672/3672/3672
f 3493/3493/3493 3672/3672/3672 3671/3671/3671
f 3494/3494/3494 3495/3495/3495 3673/3673/3673
f 3494/3494/3494 3673/3673/3673 3672/3672/3672
f 3495/3495/3495 3496/3496/3496 3674/3674/3674
f 3495/3495/3495 3674/3674/3674 3673/3673/3673
f 3496/3496/3496 3497/3497/3497 3675/3675/3675
f 3496/3496/3496 3675/3675/3675 3674/3674/3674
f 3497/3497/3497 3498/3498/3498 3676/3676/3676
f 3497/3497/3497 3676/3676/3676 3675/3675/3675
f 3498/3498/3498 3499/3499/3499 3677/3677/3677
f 3498/3498/3498 3677/3677/3677 3676/3676/3676
f 3499/3499/3499 3500/3500/3500 3678/3678/3678
f 3499/3499/3499 3678/3678/3678 3677/3677/3677
f 3500/3500/3500 3501/3501/3501 3679/3679/3679
f 3500/3500/3500 3679/3679/3679 3678/3678/3678
f 3501/3501/3501 3502/3502/3502 3680/3680/3680
f 3501/3501/3501 3680/3680/3680 3679/3679/3679
f 3502/3502/3502 3503/3503/3503 3681/3681/3681
f 3502/3502/3502 3681/3681/3681 3680/3680/3680
f 3503/3503/3503 3504/3504/3504 3682/3682/3682
f 3503/3503/3503 3682/3682/3682 3681/3681/3681
f 3504/3504/3504 3505/3505/3505 3683/3683/3683
f 3504/3504/3504 3683/3683/3683 3682/3682/3682
f 3505/3505/3505 3506/3506/3506 3684/3684/3684
f 3505/3505/3505 3684/3684/3684 3683/3683/3683
f 3506/3506/3506 3507/3507/3507 3685/3685/3685
f 3506/3506/3506 3685/3685/3685 3684/3684/3684
f 3507/3507/3507 3508/3508/3508 3686/3686/3686
f 3507/3507/3507 3686/3686/3686 3685/3685/3685
f 3508/3508/3508 3509/3509/3509 3687/3687/3687
f 3508/3508/3508 3687/3687/3687 3686/3686/3686
f 3509/3509/3509 3510/3510/3510 3688/3688/3688
f 3509/3509/3509 3688/3688/3688 3687/3687/3687
f 3510/3510/3510 3511/3511/3511 3689/3689/3689
f 3510/3510/3510 3689/3689/3689 3688/3688/3688
f 3511/3511/3511 3512/3512/3512 3690/3690/3690
f 3511/3511/3511 3690/3690/3690 3689/3689/3689
f 3512/3512/3512 3513/3513/3513 3691/3691/3691
f 3512/3512/3512 3691/3691/3691 3690/3690/3690
f 3513/3513/3513 3514/3514/3514 3692/3692/3692
f 3513/3513/3513 3692/3692/3692 3691/3691/3691
f 3514/3514/3514 3515/3515/3515 3693/3693/3693
f 3514/3514/3514 3693/3693/3693 3692/3692/3692
f 3515/3515/3515 3516/3516/3516 3694/3694/3694
f 3515/3515/3515 3694/3694/3694 3693/3693/3693
f 3516/3516/3516 3517/3517/3517 3695/3695/3695
f 3516/3516/3516 3695/3695/3695 3694/3694/3694
f 3517/3517/3517 3518/3518/3518 3696/3696/3696
f 3517/3517/3517 3696/3696/3696 3695/3695/3695
f 3518/3518/3518 3519/3519/3519 3697/3697/3697
f 3518/3518/3518 3697/3697/3697 3696/3696/3696
f 3519/3519/3519 3520/3520/3520 3698/3698/3698
f 3519/3519/3519 3698/3698/3698 3697/3697/3697
f 3520/3520/3520 3521/3521/3521 3699/3699/3699
f 3520/3520/3520 3699/3699/3699 3698/3698/3698
f 3521/3521/3521 3522/3522/3522 3700/3700/3700
f 3521/3521/3521 3700/3700/3700 3699/3699/3699
f 3522/3522/3522 3523/3523/3523 3701/3701/3701
f 3522/3522/3522 3701/3701/3701 3700/3700/3700
f 3523/3523/3523 3524/3524/3524 3702/3702/3702
f 3523/3523/3523 3702/3702/3702 3701/3701/3701
f 3524/3524/3524 3525/3525/3525 3703/3703/3703
f 3524/3524/3524 3703/3703/3703 3702/3702/3702
f 3525/3525/3525 3526/3526/3526 3704/3704/3704
f 3525/3525/3525 3704/3704/3704 3703/3703/3703
f 3526/3526/3526 3527/3527/3527 3705/3705/3705
f 3526/3526/3526 3705/3705/3705 3704/3704/3704
f 3527/3527/3527 3528/3528/3528 3706/3706/3706
f 3527/3527/3527 3706/3706/3706 3705/3705/3705
f 3528/3528/3528 3529/3529/3529 3707/3707/3707
f 3528/3528/3528 3707/3707/3707 3706/3706/3706
f 3529/3529/3529 3530/3530/3530 3708/3708/3708
f 3529/3529/3529 3708/3708/3708 3707/3707/3707
f 3530/3530/3530 3531/3531/3531 3709/3709/3709
f 3530/3530/3530 3709/3709/3709 3708/3708/3708
f 3531/3531/3531 3532/3532/3532 3710/3710/3710
f 3531/3531/3531 3710/3710/3710 3709/3709/3709
f 3532/3532/3532 3533/3533/3533 3711/3711/3711
f 3532/3532/3532 3711/3711/3711 3710/3710/3710
f 3533/3533/3533 3534/3534/3534 3712/3712/3712
f 3533/3533/3533 3712/3712/3712 3711/3711/3711
f 3534/3534/3534 3535/3535/3535 3713/3713/3713
f 3534/3534/3534 3713/3713/3713 3712/3712/3712
f 3535/3535/3535 3536/3536/3536 3714/3714/3714
f 3535/3535/3535 3714/3714/3714 3713/3713/3713
f 3536/3536/3536 3537/3537/3537 3715/3715/3715
f 3536/3536/3536 3715/3715/3715 3714/3714/3714
f 3537/3537/3537 3538/3538/3538 3716/3716/3716
f 3537/3537/3537 3716/3716/3716 3715/3715/3715
f 3538/3538/3538 3539/3539/3539 3717/3717/3717
f 3538/3538/3538 3717/3717/3717 3716/3716/3716
f 3539/3539/3539 3540/3540/3540 3718/3718/3718
f 3539/3539/3539 3718/3718/3718 3717/3717/3717
f 3540/3540/3540 3541/3541/3541 3719/3719/3719
f 3540/3540/3540 3719/3719/3719 3718/3718/3718
f 3541/3541/3541 3542/3542/3542 3720/3720/3720
f 3541/3541/3541 3720/3720/3720 3719/3719/3719
f 3542/3542/3542 3543/3543/3543 3721/3721/3721
f 3542/3542/3542 3721/3721/3721 3720/3720/3720
f 3543/3543/3543 3544/3544/3544 3722/3722/3722
f 3543/3543/3543 3722/3722/3722 3721/3721/3721
f 3544/3544/3544 3545/3545/3545 3723/3723/3723
f 3544/3544/3544 3723/3723/3723 3722/3722/3722
f 3545/3545/3545 3546/3546/3546 3724/3724/3724
f 3545/3545/3545 3724/3724/3724 3723/3723/3723
f 3546/3546/3546 3547/3547/3547 3725/3725/3725
f 3546/3546/3546 3725/3725/3725 3724/3724/3724
f 3547/3547/3547 3548/3548/3548 3726/3726/3726
f 3547/3547/3547 3726/3726/3726 3725/3725/3725
f 3548/3548/3548 3549/3549/3549 3727/3727/3727
f 3548/3548/3548 3727/3727/3727 3726/3726/3726
f 3549/3549/3549 3550/3550/3550 3728/3728/3728
f 3549/3549/3549 3728/3728/3728 3727/3727/3727
f 3550/3550/3550 3551/3551/3551 3729/3729/3729
f 3550/3550/3550 3729/3729/3729 3728/3728/3728
f 3551/3551/3551 3552/3552/3552 3730/3730/3730
f 3551/3551/3551 3730/3730/3730 3729/3729/3729
f 3552/3552/3552 3553/3553/3553 3731/3731/3731
f 3552/3552/3552 3731/3731/3731 3730/3730/3730
f 3553/3553/3553 3554/3554/3554 3732/3732/3732
f 3553/3553/3553 3732/3732/3732 3731/3731/3731
f 3554/3554/3554 3555/3555/3555 3733/3733/3733
f 3554/3554/3554 3733/3733/3733 3732/3732/3732
f 3555/3555/3555 3556/3556/3556 3734/3734/3734
f 3555/3555/3555 3734/3734/3734 3733/3733/3733
f 3556/3556/3556 3557/3557/3557 3735/3735/3735
f 3556/3556/3556 3735/3735/3735 3734/3734/3734
f 3557/3557/3557 3558/3558/3558 3736/3736/3736
f 3557/3557/3557 3736/3736/3736 3735/3735/3735
f 3558/3558/3558 3559/3559/3559 3737/3737/3737
f 3558/3558/3558 3737/3737/3737 3736/3736/3736
f 3559/3559/3559 3560/3560/3560 3738/3738/3738
f 3559/3559/3559 3738/3738/3738 3737/3737/3737
f 3560/3560/3560 3383/3383/3383 3561/3561/3561
f 3560/3560/3560 3561/3561/3561 3738/3738/3738
f 3561/3561/3561 3562/3562/3562 3740/3740/3740
f 3561/3561/3561 3740/3740/3740 3739/3739/3739
f 3562/3562/3562 3563/3563/3563 3741/3741/3741
f 3562/3562/3562 3741/3741/3741 3740/3740/3740
f 3563/3563/3563 3564/3564/3564 3742/3742/3742
f 3563/3563/3563 3742/3742/3742 3741/3741/3741
f 3564/3564/3564 3565/3565/3565 3743/3743/3743
f 3564/3564/3564 3743/3743/3743 3742/3742/3742
f 3565/3565/3565 3566/3566/3566 3744/3744/3744
f 3565/3565/3565 3744/3744/3744 3743/3743/3743
f 3566/3566/3566 3567/3567/3567 3745/3745/3745
f 3566/3566/3566 3745/3745/3745 3744/3744/3744
f 3567/3567/3567 3568/3568/3568 3746/3746/3746
f 3567/3567/3567 3746/3746/3746 3745/3745/3745
f 3568/3568/3568 3569/3569/3569 3747/3747/3747
f 3568/3568/3568 3747/3747/3747 3746/3746/3746
f 3569/3569/3569 3570/3570/3570 3748/3748/3748
f 3569/3569/3569 3748/3748/3748 3747/3747/3747
f 3570/3570/3570 3571/3571/3571 3749/3749/3749
f 3570/3570/3570 3749/3749/3749 3748/3748/3748
f 3571/3571/3571 3572/3572/3572 3750/3750/3750
f 3571/3571/3571 3750/3750/3750 3749/3749/3749
f 3572/3572/3572 3573/3573/3573 3751/3751/3751
f 3572/3572/3572 3751/3751/3751 3750/3750/3750
f 3573/3573/3573 3574/3574/3574 3752/3752/3752
f 3573/3573/3573 3752/3752/3752 3751/3751/3751
f 3574/3574/3574 3575/3575/3575 3753/3753/3753
f 3574/3574/3574 3753/3753/3753 3752/3752/3752
f 3575/3575/3575 3576/3576/3576 3754/3754/3754
f 3575/3575/3575 3754/3754/3754 3753/3753/3753
f 3576/3576/3576 3577/3577/3577 3755/3755/3755
f 3576/3576/3576 3755/3755/3755 3754/3754/3754
f 3577/3577/3577 3578/3578/3578 3756/3756/3756
f 3577/3577/3577 3756/3756/3756 3755/3755/3755
f 3578/3578/3578 3579/3579/3579 3757/3757/3757
f 3578/3578/3578 3757/3757/3757 3756/3756/3756
f 3579/3579/3579 3580/3580/3580 3758/3758/3758
f 3579/3579/3579 3758/3758/3758 3757/3757/3757
f 3580/3580/3580 3581/3581/3581 3759/3759/3759
f 3580/3580/3580 3759/3759/3759 3758/3758/3758
f 3581/3581/3581 3582/3582/3582 3760/3760/3760
f 3581/3581/3581 3760/3760/3760 3759/3759/3759
f 3582/3582/3582 3583/3583/3583 3761/3761/3761
f 3582/3582/3582 3761/3761/3761 3760/3760/3760
f 3583/3583/3583 3584/3584/3584 3762/3762/3762
f 3583/3583/3583 3762/3762/3762 3761/3761/3761
f 3584/3584/3584 3585/3585/3585 3763/3763/3763
f 3584/3584/3584 3763/3763/3763 3762/3762/3762
f 3585/3585/3585 3586/3586/3586 3764/3764/3764
f 3585/3585/3585 3764/3764/3764 3763/3763/3763
f 3586/3586/3586 3587/3587/3587 3765/3765/3765
f 3586/3586/3586 3765/3765/3765 3764/3764/3764
f 3587/3587/3587 3588/3588/3588 3766/3766/3766
f 3587/3587/3587 3766/3766/3766 3765/3765/3765
f 3588/3588/3588 3589/3589/3589 3767/3767/3767
f 3588/3588/3588 3767/3767/3767 3766/3766/3766
f 3589/3589/3589 3590/3590/3590 3768/3768/3768
f 3589/3589/3589 3768/3768/3768 3767/3767/3767
f 3590/3590/3590 3591/3591/3591 3769/3769/3769
f 3590/3590/3590 3769/3769/3769 3768/3768/3768
f 3591/3591/3591 3592/3592/3592 3770/3770/3770
f 3591/3591/3591 3770/3770/3770 3769/3769/3769
f 3592/3592/3592 3593/3593/3593 3771/3771/3771
f 3592/3592/3592 3771/3771/3771 3770/3770/3770
f 3593/3593/3593 3594/3594/3594 3772/3772/3772
f 3593/3593/3593 3772/3772/3772 3771/3771/3771
f 3594/3594/3594 3595/3595/3595 3773/3773/3773
f 3594/3594/3594 3773/3773/3773 3772/3772/3772
f 3595/3595/3595 3596/3596/3596 3774/3774/3774
f 3595/3595/3595 3774/3774/3774 3773/3773/3773
f 3596/3596/3596 3597/3597/3597 3775/3775/3775
f 3596/3596/3596 3775/3775/3775 3774/3774/3774
f 3597/3597/3597 3598/3598/3598 3776/3776/3776
f 3597/3597/3597 3776/3776/3776 3775/3775/3775
f 3598/3598/3598 3599/3599/3599 3777/3777/3777
f 3598/3598/3598 3777/3777/3777 3776/3776/3776
f 3599/3599/3599 3600/3600/3600 3778/3778/3778
f 3599/3599/3599 3778/3778/3778 3777/3777/3777
f 3600/3600/3600 3601/3601/3601 3779/3779/3779
f 3600/3600/3600 3779/3779/3779 3778/3778/3778
f 3601/3601/3601 3602/3602/3602 3780/3780/3780
f 3601/3601/3601 3780/3780/3780 3779/3779/3779
f 3602/3602/3602 3603/3603/3603 3781/3781/3781
f 3602/3602/3602 3781/3781/3781 3780/3780/3780
f 3603/3603/3603 3604/3604/3604 3782/3782/3782
f 3603/3603/3603 3782/3782/3782 3781/3781/3781
f 3604/3604/3604 3605/3605/3605 3783/3783/3783
f 3604/3604/3604 3783/3783/3783 3782/3782/3782
f 3605/3605/3605 3606/3606/3606 3784/3784/3784
f 3605/3605/3605 3784/3784/3784 3783/3783/3783
f 3606/3606/3606 3607/3607/3607 3785/3785/3785
f 3606/3606/3606 3785/3785/3785 3784/3784/3784
f 3607/3607/3607 3608/3608/3608 3786/3786/3786
f 3607/3607/3607 3786/3786/3786 3785/3785/3785
f 3608/3608/3608 3609/3609/3609 3787/3787/3787
f 3608/3608/3608 3787/3787/3787 3786/3786/3786
f 3609/3609/3609 3610/3610/3610 3788/3788/3788
f 3609/3609/3609 3788/3788/3788 3787/3787/3787
f 3610/3610/3610 3611/3611/3611 3789/3789/3789
f 3610/3610/3610 3789/3789/3789 3788/3788/3788
f 3611/3611/3611 3612/3612/3612 3790/3790/3790
f 3611/3611/3611 3790/3790/3790 3789/3789/3789
f 3612/3612/3612 3613/3613/3613 3791/3791/3791
f 3612/3612/3612 3791/3791/3791 3790/3790/3790
f 3613/3613/3613 3614/3614/3614 3792/3792/3792
f 3613/3613/3613 3792/3792/3792 3791/3791/3791
f 3614/3614/3614 3615/3615/3615 3793/3793/3793
f 3614/3614/3614 3793/3793/3793 3792/3792/3792
f 3615/3615/3615 3616/3616/3616 3794/3794/3794
f 3615/3615/3615 3794/3794/3794 3793/3793/3793
f 3616/3616/3616 3617/3617/3617 3795/3795/3795
f 3616/3616/3616 3795/3795/3795 3794/3794/3794
f 3617/3617/3617 3618/3618/3618 3796/3796/3796
f 3617/3617/3617 3796/3796/3796 3795/3795/3795
f 3618/3618/3618 3619/3619/3619 3797/3797/3797
f 3618/3618/3618 3797/3797/3797 3796/3796/3796
f 3619/3619/3619 3620/3620/3620 3798/3798/3798
f 3619/3619/3619 3798/3798/3798 3797/3797/3797
f 3620/3620/3620 3621/3621/3621 3799/3799/3799
f 3620/3620/3620 3799/3799/3799 3798/3798/3798
f 3621/3621/3621 3622/3622/3622 3800/3800/3800
f 3621/3621/3621 3800/3800/3800 3799/3799/3799
f 3622/3622/3622 3623/3623/3623 3801/3801/3801
f 3622/3622/3622 3801/3801/3801 3800/3800/3800
f 3623/3623/3623 3624/3624/3624 3802/3802/3802
f 3623/3623/3623 3802/3802/3802 3801/3801/3801
f 3624/3624/3624 3625/3625/3625 3803/3803/3803
f 3624/3624/3624 3803/3803/3803 3802/3802/3802
f 3625/3625/3625 3626/3626/3626 3804/3804/3804
f 3625/3625/3625 3804/3804/3804 3803/3803/3803
f 3626/3626/3626 3627/3627/3627 3805/3805/3805
f 3626/3626/3626 3805/3805/3805 3804/3804/3804
f 3627/3627/3627 3628/3628/3628 3806/3806/3806
f 3627/3627/3627 3806/3806/3806 3805/3805/3805
f 3628/3628/3628 3629/3629/3629 3807/3807/3807
f 3628/3628/3628 3807/3807/3807 3806/3806/3806
f 3629/3629/3629 3630/3630/3630 3808/3808/3808
f 3629/3629/3629 3808/3808/3808 3807/3807/3807
f 3630/3630/3630 3631/3631/3631 3809/3809/3809
f 3630/3630/3630 3809/3809/3809 3808/3808/3808
f 3631/3631/3631 3632/3632/3632 3810/3810/3810
f 3631/3631/3631 3810/3810/3810 3809/3809/3809
f 3632/3632/3632 3633/3633/3633 3811/3811/3811
f 3632/3632/3632 3811/3811/3811 3810/3810/3810
f 3633/3633/3633 3634/3634/3634 3812/3812/3812
f 3633/3633/3633 3812/3812/3812 3811/3811/3811
f 3634/3634/3634 3635/3635/3635 3813/3813/3813
f 3634/3634/3634 3813/3813/3813 3812/3812/3812
f 3635/3635/3635 3636/3636/3636 3814/3814/3814
f 3635/3635/3635 3814/3814/3814 3813/3813/3813
f 3636/3636/3636 3637/3637/3637 3815/3815/3815
f 3636/3636/3636 3815/3815/3815 3814/3814/3814
f 3637/3637/3637 3638/3638/3638 3816/3816/3816
f 3637/3637/3637 3816/3816/3816 3815/3815/3815
f 3638/3638/3638 3639/3639/3639 3817/3817/3817
f 3638/3638/3638 3817/3817/3817 3816/3816/3816
f 3639/3639/3639 3640/3640/3640 3818/3818/3818
f 3639/3639/3639 3818/3818/3818 3817/3817/3817
f 3640/3640/3640 3641/3641/3641 3819/3819/3819
f 3640/3640/3640 3819/3819/3819 3818/3818/3818
f 3641/3641/3641 3642/3642/3642 3820/3820/3820
f 3641/3641/3641 3820/3820/3820 3819/3819/3819
f 3642/3642/3642 3643/3643/3643 3821/3821/3821
f 3642/3642/3642 3821/3821/3821 3820/3820/3820
f 3643/3643/3643 3644/3644/3644 3822/3822/3822
f 3643/3643/3643 3822/3822/3822 3821/3821/3821
f 3644/3644/3644 3645/3645/3645 3823/3823/3823
f 3644/3644/3644 3823/3823/3823 3822/3822/3822
f 3645/3645/3645 3646/3646/3646 3824/3824/3824
f 3645/3645/3645 3824/3824/3824 3823/3823/3823
f 3646/3646/3646 3647/3647/3647 3825/3825/3825
f 3646/3646/3646 3825/3825/3825 3824/3824/3824
f 3647/3647/3647 3648/3648/3648 3826/3826/3826
f 3647/3647/3647 3826/3826/3826 3825/3825/3825
f 3648/3648/3648 3649/3649/3649 3827/3827/3827
f 3648/3648/3648 3827/3827/3827 3826/3826/3826
f 3649/3649/3649 3650/3650/3650 3828/3828/3828
f 3649/3649/3649 3828/3828/3828 3827/3827/3827
f 3650/3650/3650 3651/3651/3651 3829/3829/3829
f 3650/3650/3650 3829/3829/3829 3828/3828/3828
f 3651/3651/3651 3652/3652/3652 3830/3830/3830
f 3651/3651/3651 3830/3830/3830 3829/3829/3829
f 3652/3652/3652 3653/3653/3653 3831/3831/3831
f 3652/3652/3652 3831/3831/3831 3830/3830/3830
f 3653/3653/3653 3654/3654/3654 3832/3832/3832
f 3653/3653/3653 3832/3832/3832 3831/3831/3831
f 3654/3654/3654 3655/3655/3655 3833/3833/3833
f 3654/3654/3654 3833/3833/3833 3832/3832/3832
f 3655/3655/3655 3656/3656/3656 3834/3834/3834
f 3655/3655/3655 3834/3834/3834 3833/3833/3833
f 3656/3656/3656 3657/3657/3657 3835/3835/3835
f 3656/3656/3656 3835/3835/3835 3834/3834/3834
f 3657/3657/3657 3658/3658/3658 3836/3836/3836
f 3657/3657/3657 3836/3836/3836 3835/3835/3835
f 3658/3658/3658 3659/3659/3659 3837/3837/3837
f 3658/3658/3658 3837/3837/3837 3836/3836/3836
f 3659/3659/3659 3660/3660/3660 3838/3838/3838
f 3659/3659/3659 3838/3838/3838 3837/3837/3837
f 3660/3660/3660 3661/3661/3661 3839/3839/3839
f 3660/3660/3660 3839/3839/3839 3838/3838/3838
f 3661/3661/3661 3662/3662/3662 3840/3840/3840
f 3661/3661/3661 3840/3840/3840 3839/3839/3839
f 3662/3662/3662 3663/3663/3663 3841/3841/3841
f 3662/3662/3662 3841/3841/3841 3840/3840/3840
f 3663/3663/3663 3664/3664/3664 3842/3842/3842
f 3663/3663/3663 3842/3842/3842 3841/3841/3841
f 3664/3664/3664 3665/3665/3665 3843/3843/3843
f 3664/3664/3664 3843/3843/3843 3842/3842/3842
f 3665/3665/3665 3666/3666/3666 3844/3844/3844
f 3665/3665/3665 3844/3844/3844 3843/3843/3843
f 3666/3666/3666 3667/3667/3667 3845/3845/3845
f 3666/3666/3666 3845/3845/3845 3844/3844/3844
f 3667/3667/3667 3668/3668/3668 3846/3846/3846
f 3667/3667/3667 3846/3846/3846 3845/3845/3845
f 3668/3668/3668 3669/3669/3669 3847/3847/3847
f 3668/3668/3668 3847/3847/3847 3846/3846/3846
f 3669/3669/3669 3670/3670/3670 3848/3848/3848
f 3669/3669/3669 3848/3848/3848 3847/3847/3847
f 3670/3670/3670 3671/3671/3671 3849/3849/3849
f 3670/3670/3670 3849/3849/3849 3848/3848/3848
f 3671/3671/3671 3672/3672/3672 3850/3850/3850
f 3671/3671/3671 3850/3850/3850 3849/3849/3849
f 3672/3672/3672 3673/3673/3673 3851/3851/3851
f 3672/3672/3672 3851/3851/3851 3850/3850/3850
f 3673/3673/3673 3674/3674/3674 3852/3852/3852
f 3673/3673/3673 3852/3852/3852 3851/3851/3851
f 3674/3674/3674 3675/3675/3675 3853/3853/3853
f 3674/3674/3674 3853/3853/3853 3852/3852/3852
f 3675/3675/3675 3676/3676/3676 3854/3854/3854
f 3675/3675/3675 3854/3854/3854 3853/3853/3853
f 3676/3676/3676 3677/3677/3677 3855/3855/3855
f 3676/3676/3676 3855/3855/3855 3854/3854/3854
f 3677/3677/3677 3678/3678/3678 3856/3856/3856
f 3677/3677/3677 3856/3856/3856 3855/3855/3855
f 3678/3678/3678 3679/3679/3679 3857/3857/3857
f 3678/3678/3678 3857/3857/3857 3856/3856/3856
f 3679/3679/3679 3680/3680/3680 3858/3858/3858
f 3679/3679/3679 3858/3858/3858 3857/3857/3857
f 3680/3680/3680 3681/3681/3681 3859/3859/3859
f 3680/3680/3680 3859/3859/3859 3858/3858/3858
f 3681/3681/3681 3682/3682/3682 3860/3860/3860
f 3681/3681/3681 3860/3860/3860 3859/3859/3859
f 3682/3682/3682 3683/3683/3683 3861/3861/3861
f 3682/3682/3682 3861/3861/3861 3860/3860/3860
f 3683/3683/3683 3684/3684/3684 3862/3862/3862
f 3683/3683/3683 3862/3862/3862 3861/3861/3861
f 3684/3684/3684 3685/3685/3685 3863/3863/3863
f 3684/3684/3684 3863/3863/3863 3862/3862/3862
f 3685/3685/3685 3686/3686/3686 3864/3864/3864
f 3685/3685/3685 3864/3864/3864 3863/3863/3863
f 3686/3686/3686 3687/3687/3687 3865/3865/3865
f 3686/3686/3686 3865/3865/3865 3864/3864/3864
f 3687/3687/3687 3688/3688/3688 3866/3866/3866
f 3687/3687/3687 3866/3866/3866 3865/3865/3865
f 3688/3688/3688 3689/3689/3689 3867/3867/3867
f 3688/3688/3688 3867/3867/3867 3866/3866/3866
f 3689/3689/3689 3690/3690/3690 3868/3868/3868
f 3689/3689/3689 3868/3868/3868 3867/3867/3867
f 3690/3690/3690 3691/3691/3691 3869/3869/3869
f 3690/3690/3690 3869/3869/3869 3868/3868/3868
f 3691/3691/3691 3692/3692/3692 3870/3870/3870
f 3691/3691/3691 3870/3870/3870 3869/3869/3869
f 3692/3692/3692 3693/3693/3693 3871/3871/3871
f 3692/3692/3692 3871/3871/3871 3870/3870/3870
f 3693/3693/3693 3694/3694/3694 3872/3872/3872
f 3693/3693/3693 3872/3872/3872 3871/3871/3871
f 3694/3694/3694 3695/3695/3695 3873/3873/3873
f 3694/3694/3694 3873/3873/3873 3872/3872/3872
f 3695/3695/3695 3696/3696/3696 3874/3874/3874
f 3695/3695/3695 3874/3874/3874 3873/3873/3873
f 3696/3696/3696 3697/3697/3697 3875/3875/3875
f 3696/3696/3696 3875/3875/3875 3874/3874/3874
f 3697/3697/3697 3698/3698/3698 3876/3876/3876
f 3697/3697/3697 3876/3876/3876 3875/3875/3875
f 3698/3698/3698 3699/3699/3699 3877/3877/3877
f 3698/3698/3698 3877/3877/3877 3876/3876/3876
f 3699/3699/3699 3700/3700/3700 3878/3878/3878
f 3699/3699/3699 3878/3878/3878 3877/3877/3877
f 3700/3700/3700 3701/3701/3701 3879/3879/3879
f 3700/3700/3700 3879/3879/3879 3878/3878/3878
f 3701/3701/3701 3702/3702/3702 3880/3880/3880
f 3701/3701/3701 3880/3880/3880 3879/3879/3879
f 3702/3702/3702 3703/3703/3703 3881/3881/3881
f 3702/3702/3702 3881/3881/3881 3880/3880/3880
f 3703/3703/3703 3704/3704/3704 3882/3882/3882
f 3703/3703/3703 3882/3882/3882 3881/3881/3881
f 3704/3704/3704 3705/3705/3705 3883/3883/3883
f 3704/3704/3704 3883/3883/3883 3882/3882/3882
f 3705/3705/3705 3706/3706/3706 3884/3884/3884
f 3705/3705/3705 3884/3884/3884 3883/3883/3883
f 3706/3706/3706 3707/3707/3707 3885/3885/3885
f 3706/3706/3706 3885/3885/3885 3884/3884/3884
f 3707/3707/3707 3708/3708/3708 3886/3886/3886
f 3707/3707/3707 3886/3886/3886 3885/3885/3885
f 3708/3708/3708 3709/3709/3709 3887/3887/3887
f 3708/3708/3708 3887/3887/3887 3886/3886/3886
f 3709/3709/3709 3710/3710/3710 3888/3888/3888
f 3709/3709/3709 3888/3888/3888 3887/3887/3887
f 3710/3710/3710 3711/3711/3711 3889/3889/3889
f 3710/3710/3710 3889/3889/3889 3888/3888/3888
f 3711/3711/3711 3712/3712/3712 3890/3890/3890
f 3711/3711/3711 3890/3890/3890 3889/3889/3889
f 3712/3712/3712 3713/3713/3713 3891/3891/3891
f 3712/3712/3712 3891/3891/3891 3890/3890/3890
f 3713/3713/3713 3714/3714/3714 3892/3892/3892
f 3713/3713/3713 3892/3892/3892 3891/3891/3891
f 3714/3714/3714 3715/3715/3715 3893/3893/3893
f 3714/3714/3714 3893/3893/3893 3892/3892/3892
f 3715/3715/3715 3716/3716/3716 3894/3894/3894
f 3715/3715/3715 3894/3894/3894 3893/3893/3893
f 3716/3716/3716 3717/3717/3717 3895/3895/3895
f 3716/3716/3716 3895/3895/3895 3894/3894/3894
f 3717/3717/3717 3718/3718/3718 3896/3896/3896
f 3717/3717/3717 3896/3896/3896 3895/3895/3895
f 3718/3718/3718 3719/3719/3719 3897/3897/3897
f 3718/3718/3718 3897/3897/3897 3896/3896/3896
f 3719/3719/3719 3720/3720/3720 3898/3898/3898
f 3719/3719/3719 3898/3898/3898 3897/3897/3897
f 3720/3720/3720 3721/3721/3721 3899/3899/3899
f 3720/3720/3720 3899/3899/3899 3898/3898/3898
f 3721/3721/3721 3722/3722/3722 3900/3900/3900
f 3721/3721/3721 3900/3900/3900 3899/3899/3899
f 3722/3722/3722 3723/3723/3723 3901/3901/3901
f 3722/3722/3722 3901/3901/3901 3900/3900/3900
f 3723/3723/3723 3724/3724/3724 3902/3902/3902
f 3723/3723/3723 3902/3902/3902 3901/3901/3901
f 3724/3724/3724 3725/3725/3725 3903/3903/3903
f 3724/3724/3724 3903/3903/3903 3902/3902/3902
f 3725/3725/3725 3726/3726/3726 3904/3904/3904
f 3725/3725/3725 3904/3904/3904 3903/3903/3903
f 3726/3726/3726 3727/3727/3727 3905/3905/3905
f 3726/3726/3726 3905/3905/3905 3904/3904/3904
f 3727/3727/3727 3728/3728/3728 3906/3906/3906
f 3727/3727/3727 3906/3906/3906 3905/3905/3905
f 3728/3728/3728 3729/3729/3729 3907/3907/3907
f 3728/3728/3728 3907/3907/3907 3906/3906/3906
f 3729/3729/3729 3730/3730/3730 3908/3908/3908
f 3729/3729/3729 3908/3908/3908 3907/3907/3907
f 3730/3730/3730 3731/3731/3731 3909/3909/3909
f 3730/3730/3730 3909/3909/3909 3908/3908/3908
f 3731/3731/3731 3732/3732/3732 3910/3910/3910
f 3731/3731/3731 3910/3910/3910 3909/3909/3909
f 3732/3732/3732 3733/3733/3733 3911/3911/3911
f 3732/3732/3732 3911/3911/3911 3910/3910/3910
f 3733/3733/3733 3734/3734/3734 3912/3912/3912
f 3733/3733/3733 3912/3912/3912 3911/3911/3911
f 3734/3734/3734 3735/3735/3735 3913/3913/3913
f 3734/3734/3734 3913/3913/3913 3912/3912/3912
f 3735/3735/3735 3736/3736/3736 3914/3914/3914
f 3735/3735/3735 3914/3914/3914 3913/3913/3913
f 3736/3736/3736 3737/3737/3737 3915/3915/3915
f 3736/3736/3736 3915/3915/3915 3914/3914/3914
f 3737/3737/3737 3738/3738/3738 3916/3916/3916
f 3737/3737/3737 3916/3916/3916 3915/3915/3915
f 3738/3738/3738 3561/3561/3561 3739/3739/3739
f 3738/3738/3738 3739/3739/3739 3916/3916/3916
f 3739/3739/3739 3740/3740/3740 3918/3918/3918
f 3739/3739/3739 3918/3918/3918 3917/3917/3917
f 3740/3740/3740 3741/3741/3741 3919/3919/3919
f 3740/3740/3740 3919/3919/3919 3918/3918/3918
f 3741/3741/3741 3742/3742/3742 3920/3920/3920
f 3741/3741/3741 3920/3920/3920 3919/3919/3919
f 3742/3742/3742 3743/3743/3743 3921/3921/3921
f 3742/3742/3742 3921/3921/3921 3920/3920/3920
f 3743/3743/3743 3744/3744/3744 3922/3922/3922
f 3743/3743/3743 3922/3922/3922 3921/3921/3921
f 3744/3744/3744 3745/3745/3745 3923/3923/3923
f 3744/3744/3744 3923/3923/3923 3922/3922/3922
f 3745/3745/3745 3746/3746/3746 3924/3924/3924
f 3745/3745/3745 3924/3924/3924 3923/3923/3923
f 3746/3746/3746 3747/3747/3747 3925/3925/3925
f 3746/3746/3746 3925/3925/3925 3924/3924/3924
f 3747/3747/3747 3748/3748/3748 3926/3926/3926
f 3747/3747/3747 3926/3926/3926 3925/3925/3925
f 3748/3748/3748 3749/3749/3749 3927/3927/3927
f 3748/3748/3748 3927/3927/3927 3926/3926/3926
f 3749/3749/3749 3750/3750/3750 3928/3928/3928
f 3749/3749/3749 3928/3928/3928 3927/3927/3927
f 3750/3750/3750 3751/3751/3751 3929/3929/3929
f 3750/3750/3750 3929/3929/3929 3928/3928/3928
f 3751/3751/3751 3752/3752/3752 3930/3930/3930
f 3751/3751/3751 3930/3930/3930 3929/3929/3929
f 3752/3752/3752 3753/3753/3753 3931/3931/3931
f 3752/3752/3752 3931/3931/3931 3930/3930/3930
f 3753/3753/3753 3754/3754/3754 3932/3932/3932
f 3753/3753/3753 3932/3932/3932 3931/3931/3931
f 3754/3754/3754 3755/3755/3755 3933/3933/3933
f 3754/3754/3754 3933/3933/3933 3932/3932/3932
f 3755/3755/3755 3756/3756/3756 3934/3934/3934
f 3755/3755/3755 3934/3934/3934 3933/3933/3933
f 3756/3756/3756 3757/3757/3757 3935/3935/3935
f 3756/3756/3756 3935/3935/3935 3934/3934/3934
f 3757/3757/3757 3758/3758/3758 3936/3936/3936
f 3757/3757/3757 3936/3936/3936 3935/3935/3935
f 3758/3758/3758 3759/3759/3759 3937/3937/3937
f 3758/3758/3758 3937/3937/3937 3936/3936/3936
f 3759/3759/3759 3760/3760/3760 3938/3938/3938
f 3759/3759/3759 3938/3938/3938 3937/3937/3937
f 3760/3760/3760 3761/3761/3761 3939/3939/3939
f 3760/3760/3760 3939/3939/3939 3938/3938/3938
f 3761/3761/3761 3762/3762/3762 3940/3940/3940
f 3761/3761/3761 3940/3940/3940 3939/3939/3939
f 3762/3762/3762 3763/3763/3763 3941/3941/3941
f 3762/3762/3762 3941/3941/3941 3940/3940/3940
f 3763/3763/3763 3764/3764/3764 3942/3942/3942
f 3763/3763/3763 3942/3942/3942 3941/3941/3941
f 3764/3764/3764 3765/3765/3765 3943/3943/3943
f 3764/3764/3764 3943/3943/3943 3942/3942/3942
f 3765/3765/3765 3766/3766/3766 3944/3944/3944
f 3765/3765/3765 3944/3944/3944 3943/3943/3943
f 3766/3766/3766 3767/3767/3767 3945/3945/3945
f 3766/3766/3766 3945/3945/3945 3944/3944/3944
f 3767/3767/3767 3768/3768/3768 3946/3946/3946
f 3767/3767/3767 3946/3946/3946 3945/3945/3945
f 3768/3768/3768 3769/3769/3769 3947/3947/3947
f 3768/3768/3768 3947/3947/3947 3946/3946/3946
f 3769/3769/3769 3770/3770/3770 3948/3948/3948
f 3769/3769/3769 3948/3948/3948 3947/3947/3947
f 3770/3770/3770 3771/3771/3771 3949/3949/3949
f 3770/3770/3770 3949/3949/3949 3948/3948/3948
f 3771/3771/3771 3772/3772/3772 3950/3950/3950
f 3771/3771/3771 3950/3950/3950 3949/3949/3949
f 3772/3772/3772 3773/3773/3773 3951/3951/3951
f 3772/3772/3772 3951/3951/3951 3950/3950/3950
f 3773/3773/3773 3774/3774/3774 3952/3952/3952
f 3773/3773/3773 3952/3952/3952 3951/3951/3951
f 3774/3774/3774 3775/3775/3775 3953/3953/3953
f 3774/3774/3774 3953/3953/3953 3952/3952/3952
f 3775/3775/3775 3776/3776/3776 3954/3954/3954
f 3775/3775/3775 3954/3954/3954 3953/3953/3953
f 3776/3776/3776 3777/3777/3777 3955/3955/3955
f 3776/3776/3776 3955/3955/3955 3954/3954/3954
f 3777/3777/3777 3778/3778/3778 3956/3956/3956
f 3777/3777/3777 3956/3956/3956 3955/3955/3955
f 3778/3778/3778 3779/3779/3779 3957/3957/3957
f 3778/3778/3778 3957/3957/3957 3956/3956/3956
f 3779/3779/3779 3780/3780/3780 3958/3958/3958
f 3779/3779/3779 3958/3958/3958 3957/3957/3957
f 3780/3780/3780 3781/3781/3781 3959/3959/3959
f 3780/3780/3780 3959/3959/3959 3958/3958/3958
f 3781/3781/3781 3782/3782/3782 3960/3960/3960
f 3781/3781/3781 3960/3960/3960 3959/3959/3959
f 3782/3782/3782 3783/3783/3783 3961/3961/3961
f 3782/3782/3782 3961/3961/3961 3960/3960/3960
f 3783/3783/3783 3784/3784/3784 3962/3962/3962
f 3783/3783/3783 3962/3962/3962 3961/3961/3961
f 3784/3784/3784 3785/3785/3785 3963/3963/3963
f 3784/3784/3784 3963/3963/3963 3962/3962/3962
f 3785/3785/3785 3786/3786/3786 3964/3964/3964
f 3785/3785/3785 3964/3964/3964 3963/3963/3963
f 3786/3786/3786 3787/3787/3787 3965/3965/3965
f 3786/3786/3786 3965/3965/3965 3964/3964/3964
f 3787/3787/3787 3788/3788/3788 3966/3966/3966
f 3787/3787/3787 3966/3966/3966 3965/3965/3965
f 3788/3788/3788 3789/3789/3789 3967/3967/3967
f 3788/3788/3788 3967/3967/3967 3966/3966/3966
f 3789/3789/3789 3790/3790/3790 3968/3968/3968
f 3789/3789/3789 3968/3968/3968 3967/3967/3967
f 3790/3790/3790 3791/3791/3791 3969/3969/3969
f 3790/3790/3790 3969/3969/3969 3968/3968/3968
f 3791/3791/3791 3792/3792/3792 3970/3970/3970
f 3791/3791/3791 3970/3970/3970 3969/3969/3969
f 3792/3792/3792 3793/3793/3793 3971/3971/3971
f 3792/3792/3792 3971/3971/3971 3970/3970/3970
f 3793/3793/3793 3794/3794/3794 3972/3972/3972
f 3793/3793/3793 3972/3972/3972 3971/3971/3971
f 3794/3794/3794 3795/3795/3795 3973/3973/3973
f 3794/3794/3794 3973/3973/3973 3972/3972/3972
f 3795/3795/3795 3796/3796/3796 3974/3974/3974
f 3795/3795/3795 3974/3974/3974 3973/3973/3973
f 3796/3796/3796 3797/3797/3797 3975/3975/3975
f 3796/3796/3796 3975/3975/3975 3974/3974/3974
f 3797/3797/3797 3798/3798/3798 3976/3976/3976
f 3797/3797/3797 3976/3976/3976 3975/3975/3975
f 3798/3798/3798 3799/3799/3799 3977/3977/3977
f 3798/3798/3798 3977/3977/3977 3976/3976/3976
f 3799/3799/3799 3800/3800/3800 3978/3978/3978
f 3799/3799/3799 3978/3978/3978 3977/3977/3977
f 3800/3800/3800 3801/3801/3801 3979/3979/3979
f 3800/3800/3800 3979/3979/3979 3978/3978/3978
f 3801/3801/3801 3802/3802/3802 3980/3980/3980
f 3801/3801/3801 3980/3980/3980 3979/3979/3979
f 3802/3802/3802 3803/3803/3803 3981/3981/3981
f 3802/3802/3802 3981/3981/3981 3980/3980/3980
f 3803/3803/3803 3804/3804/3804 3982/3982/3982
f 3803/3803/3803 3982/3982/3982 3981/3981/3981
f 3804/3804/3804 3805/3805/3805 3983/3983/3983
f 3804/3804/3804 3983/3983/3983 3982/3982/3982
f 3805/3805/3805 3806/3806/3806 3984/3984/3984
f 3805/3805/3805 3984/3984/3984 3983/3983/3983
f 3806/3806/3806 3807/3807/3807 3985/3985/3985
f 3806/3806/3806 3985/3985/3985 3984/3984/3984
f 3807/3807/3807 3808/3808/3808 3986/3986/3986
f 3807/3807/3807 3986/3986/3986 3985/3985/3985
f 3808/3808/3808 3809/3809/3809 3987/3987/3987
f 3808/3808/3808 3987/3987/3987 3986/3986/3986
f 3809/3809/3809 3810/3810/3810 3988/3988/3988
f 3809/3809/3809 3988/3988/3988 3987/3987/3987
f 3810/3810/3810 3811/3811/3811 3989/3989/3989
f 3810/3810/3810 3989/3989/3989 3988/3988/3988
f 3811/3811/3811 3812/3812/3812 3990/3990/3990
f 3811/3811/3811 3990/3990/3990 3989/3989/3989
f 3812/3812/3812 3813/3813/3813 3991/3991/3991
f 3812/3812/3812 3991/3991/3991 3990/3990/3990
f 3813/3813/3813 3814/3814/3814 3992/3992/3992
f 3813/3813/3813 3992/3992/3992 3991/3991/3991
f 3814/3814/3814 3815/3815/3815 3993/3993/3993
f 3814/3814/3814 3993/3993/3993 3992/3992/3992
f 3815/3815/3815 3816/3816/3816 3994/3994/3994
f 3815/3815/3815 3994/3994/3994 3993/3993/3993
f 3816/3816/3816 3817/3817/3817 3995/3995/3995
f 3816/3816/3816 3995/3995/3995 3994/3994/3994
f 3817/3817/3817 3818/3818/3818 3996/3996/3996
f 3817/3817/3817 3996/3996/3996 3995/3995/3995
f 3818/3818/3818 3819/3819/3819 3997/3997/3997
f 3818/3818/3818 3997/3997/3997 3996/3996/3996
f 3819/3819/3819 3820/3820/3820 3998/3998/3998
f 3819/3819/3819 3998/3998/3998 3997/3997/3997
f 3820/3820/3820 3821/3821/3821 3999/3999/3999
f 3820/3820/3820 3999/3999/3999 3998/3998/3998
f 3821/3821/3821 3822/3822/3822 4000/4000/4000
f 3821/3821/3821 4000/4000/4000 3999/3999/3999
f 3822/3822/3822 3823/3823/3823 4001/4001/4001
f 3822/3822/3822 4001/4001/4001 4000/4000/4000
f 3823/3823/3823 3824/3824/3824 4002/4002/4002
f 3823/3823/3823 4002/4002/4002 4001/4001/4001
f 3824/3824/3824 3825/3825/3825 4003/4003/4003
f 3824/3824/3824 4003/4003/4003 4002/4002/4002
f 3825/3825/3825 3826/3826/3826 4004/4004/4004
f 3825/3825/3825 4004/4004/4004 4003/4003/4003
f 3826/3826/3826 3827/3827/3827 4005/4005/4005
f 3826/3826/3826 4005/4005/4005 4004/4004/4004
f 3827/3827/3827 3828/3828/3828 4006/4006/4006
f 3827/3827/3827 4006/4006/4006 4005/4005/4005
f 3828/3828/3828 3829/3829/3829 4007/4007/4007
f 3828/3828/3828 4007/4007/4007 4006/4006/4006
f 3829/3829/3829 3830/3830/3830 4008/4008/4008
f 3829/3829/3829 4008/4008/4008 4007/4007/4007
f 3830/3830/3830 3831/3831/3831 4009/4009/4009
f 3830/3830/3830 4009/4009/4009 4008/4008/4008
f 3831/3831/3831 3832/3832/3832 4010/4010/4010
f 3831/3831/3831 4010/4010/4010 4009/4009/4009
f 3832/3832/3832 3833/3833/3833 4011/4011/4011
f 3832/3832/3832 4011/4011/4011 4010/4010/4010
f 3833/3833/3833 3834/3834/3834 4012/4012/4012
f 3833/3833/3833 4012/4012/4012 4011/4011/4011
f 3834/3834/3834 3835/3835/3835 4013/4013/4013
f 3834/3834/3834 4013/4013/4013 4012/4012/4012
f 3835/3835/3835 3836/3836/3836 4014/4014/4014
f 3835/3835/3835 4014/4014/4014 4013/4013/4013
f 3836/3836/3836 3837/3837/3837 4015/4015/4015
f 3836/3836/3836 4015/4015/4015 4014/4014/4014
f 3837/3837/3837 3838/3838/3838 4016/4016/4016
f 3837/3837/3837 4016/4016/4016 4015/4015/4015
f 3838/3838/3838 3839/3839/3839 4017/4017/4017
f 3838/3838/3838 4017/4017/4017 4016/4016/4016
f 3839/3839/3839 3840/3840/3840 4018/4018/4018
f 3839/3839/3839 4018/4018/4018 4017/4017/4017
f 3840/3840/3840 3841/3841/3841 4019/4019/4019
f 3840/3840/3840 4019/4019/4019 4018/4018/4018
f 3841/3841/3841 3842/3842/3842 4020/4020/4020
f 3841/3841/3841 4020/4020/4020 4019/4019/4019
f 3842/3842/3842 3843/3843/3843 4021/4021/4021
f 3842/3842/3842 4021/4021/4021 4020/4020/4020
f 3843/3843/3843 3844/3844/3844 4022/4022/4022
f 3843/3843/3843 4022/4022/4022 4021/4021/4021
f 3844/3844/3844 3845/3845/3845 4023/4023/4023
f 3844/3844/3844 4023/4023/4023 4022/4022/4022
f 3845/3845/3845 3846/3846/3846 4024/4024/4024
f 3845/3845/3845 4024/4024/4024 4023/4023/4023
f 3846/3846/3846 3847/3847/3847 4025/4025/4025
f 3846/3846/3846 4025/4025/4025 4024/4024/4024
f 3847/3847/3847 3848/3848/3848 4026/4026/4026
f 3847/3847/3847 4026/4026/4026 4025/4025/4025
f 3848/3848/3848 3849/3849/3849 4027/4027/4027
f 3848/3848/3848 4027/4027/4027 4026/4026/4026
f 3849/3849/3849 3850/3850/3850 4028/4028/4028
f 3849/3849/3849 4028/4028/4028 4027/4027/4027
f 3850/3850/3850 3851/3851/3851 4029/4029/4029
f 3850/3850/3850 4029/4029/4029 4028/4028/4028
f 3851/3851/3851 3852/3852/3852 4030/4030/4030
f 3851/3851/3851 4030/4030/4030 4029/4029/4029
f 3852/3852/3852 3853/3853/3853 4031/4031/4031
f 3852/3852/3852 4031/4031/4031 4030/4030/4030
f 3853/3853/3853 3854/3854/3854 4032/4032/4032
f 3853/3853/3853 4032/4032/4032 4031/4031/4031
f 3854/3854/3854 3855/3855/3855 4033/4033/4033
f 3854/3854/3854 4033/4033/4033 4032/4032/4032
f 3855/3855/3855 3856/3856/3856 4034/4034/4034
f 3855/3855/3855 4034/4034/4034 4033/4033/4033
f 3856/3856/3856 3857/3857/3857 4035/4035/4035
f 3856/3856/3856 4035/4035/4035 4034/4034/4034
f 3857/3857/3857 3858/3858/3858 4036/4036/4036
f 3857/3857/3857 4036/4036/4036 4035/4035/4035
f 3858/3858/3858 3859/3859/3859 4037/4037/4037
f 3858/3858/3858 4037/4037/4037 4036/4036/4036
f 3859/3859/3859 3860/3860/3860 4038/4038/4038
f 3859/3859/3859 4038/4038/4038 4037/4037/4037
f 3860/3860/3860 3861/3861/3861 4039/4039/4039
f 3860/3860/3860 4039/4039/4039 4038/4038/4038
f 3861/3861/3861 3862/3862/3862 4040/4040/4040
f 3861/3861/3861 4040/4040/4040 4039/4039/4039
f 3862/3862/3862 3863/3863/3863 4041/4041/4041
f 3862/3862/3862 4041/4041/4041 4040/4040/4040
f 3863/3863/3863 3864/3864/3864 4042/4042/4042
f 3863/3863/3863 4042/4042/4042 4041/4041/4041
f 3864/3864/3864 3865/3865/3865 4043/4043/4043
f 3864/3864/3864 4043/4043/4043 4042/4042/4042
f 3865/3865/3865 3866/3866/3866 4044/4044/4044
f 3865/3865/3865 4044/4044/4044 4043/4043/4043
f 3866/3866/3866 3867/3867/3867 4045/4045/4045
f 3866/3866/3866 4045/4045/4045 4044/4044/4044
f 3867/3867/3867 3868/3868/3868 4046/4046/4046
f 3867/3867/3867 4046/4046/4046 4045/4045/4045
f 3868/3868/3868 3869/3869/3869 4047/4047/4047
f 3868/3868/3868 4047/4047/4047 4046/4046/4046
f 3869/3869/3869 3870/3870/3870 4048/4048/4048
f 3869/3869/3869 4048/4048/4048 4047/4047/4047
f 3870/3870/3870 3871/3871/3871 4049/4049/4049
f 3870/3870/3870 4049/4049/4049 4048/4048/4048
f 3871/3871/3871 3872/3872/3872 4050/4050/4050
f 3871/3871/3871 4050/4050/4050 4049/4049/4049
f 3872/3872/3872 3873/3873/3873 4051/4051/4051
f 3872/3872/3872 4051/4051/4051 4050/4050/4050
f 3873/3873/3873 3874/3874/3874 4052/4052/4052
f 3873/3873/3873 4052/4052/4052 4051/4051/4051
f 3874/3874/3874 3875/3875/3875 4053/4053/4053
f 3874/3874/3874 4053/4053/4053 4052/4052/4052
f 3875/3875/3875 3876/3876/3876 4054/4054/4054
f 3875/3875/3875 4054/4054/4054 4053/4053/4053
f 3876/3876/3876 3877/3877/3877 4055/4055/4055
f 3876/3876/3876 4055/4055/4055 4054/4054/4054
f 3877/3877/3877 3878/3878/3878 4056/4056/4056
f 3877/3877/3877 4056/4056/4056 4055/4055/4055
f 3878/3878/3878 3879/3879/3879 4057/4057/4057
f 3878/3878/3878 4057/4057/4057 4056/4056/4056
f 3879/3879/3879 3880/3880/3880 4058/4058/4058
f 3879/3879/3879 4058/4058/4058 4057/4057/4057
f 3880/3880/3880 3881/3881/3881 4059/4059/4059
f 3880/3880/3880 4059/4059/4059 4058/4058/4058
f 3881/3881/3881 3882/3882/3882 4060/4060/4060
f 3881/3881/3881 4060/4060/4060 4059/4059/4059
f 3882/3882/3882 3883/3883/3883 4061/4061/4061
f 3882/3882/3882 4061/4061/4061 4060/4060/4060
f 3883/3883/3883 3884/3884/3884 4062/4062/4062
f 3883/3883/3883 4062/4062/4062 4061/4061/4061
f 3884/3884/3884 3885/3885/3885 4063/4063/4063
f 3884/3884/3884 4063/4063/4063 4062/4062/4062
f 3885/3885/3885 3886/3886/3886 4064/4064/4064
f 3885/3885/3885 4064/4064/4064 4063/4063/4063
f 3886/3886/3886 3887/3887/3887 4065/4065/4065
f 3886/3886/3886 4065/4065/4065 4064/4064/4064
f 3887/3887/3887 3888/3888/3888 4066/4066/4066
f 3887/3887/3887 4066/4066/4066 4065/4065/4065
f 3888/3888/3888 3889/3889/3889 4067/4067/4067
f 3888/3888/3888 4067/4067/4067 4066/4066/4066
f 3889/3889/3889 3890/3890/3890 4068/4068/4068
f 3889/3889/3889 4068/4068/4068 4067/4067/4067
f 3890/3890/3890 3891/3891/3891 4069/4069/4069
f 3890/3890/3890 4069/4069/4069 4068/4068/4068
f 3891/3891/3891 3892/3892/3892 4070/4070/4070
f 3891/3891/3891 4070/4070/4070 4069/4069/4069
f 3892/3892/3892 3893/3893/3893 4071/4071/4071
f 3892/3892/3892 4071/4071/4071 4070/4070/4070
f 3893/3893/3893 3894/3894/3894 4072/4072/4072
f 3893/3893/3893 4072/4072/4072 4071/4071/4071
f 3894/3894/3894 3895/3895/3895 4073/4073/4073
f 3894/3894/3894 4073/4073/4073 4072/4072/4072
f 3895/3895/3895 3896/3896/3896 4074/4074/4074
f 3895/3895/3895 4074/4074/4074 4073/4073/4073
f 3896/3896/3896 3897/3897/3897 4075/4075/4075
f 3896/3896/3896 4075/4075/4075 4074/4074/4074
f 3897/3897/3897 3898/3898/3898 4076/4076/4076
f 3897/3897/3897 4076/4076/4076 4075/4075/4075
f 3898/3898/3898 3899/3899/3899 4077/4077/4077
f 3898/3898/3898 4077/4077/4077 4076/4076/4076
f 3899/3899/3899 3900/3900/3900 4078/4078/4078
f 3899/3899/3899 4078/4078/4078 4077/4077/4077
f 3900/3900/3900 3901/3901/3901 4079/4079/4079
f 3900/3900/3900 4079/4079/4079 4078/4078/4078
f 3901/3901/3901 3902/3902/3902 4080/4080/4080
f 3901/3901/3901 4080/4080/4080 4079/4079/4079
f 3902/3902/3902 3903/3903/3903 4081/4081/4081
f 3902/3902/3902 4081/4081/4081 4080/4080/4080
f 3903/3903/3903 3904/3904/3904 4082/4082/4082
f 3903/3903/3903 4082/4082/4082 4081/4081/4081
f 3904/3904/3904 3905/3905/3905 4083/4083/4083
f 3904/3904/3904 4083/4083/4083 4082/4082/4082
f 3905/3905/3905 3906/3906/3906 4084/4084/4084
f 3905/3905/3905 4084/4084/4084 4083/4083/4083
f 3906/3906/3906 3907/3907/3907 4085/4085/4085
f 3906/3906/3906 4085/4085/4085 4084/4084/4084
f 3907/3907/3907 3908/3908/3908 4086/4086/4086
f 3907/3907/3907 4086/4086/4086 4085/4085/4085
f 3908/3908/3908 3909/3909/3909 4087/4087/4087
f 3908/3908/3908 4087/4087/4087 4086/4086/4086
f 3909/3909/3909 3910/3910/3910 4088/4088/4088
f 3909/3909/3909 4088/4088/4088 4087/4087/4087
f 3910/3910/3910 3911/3911/3911 4089/4089/4089
f 3910/3910/3910 4089/4089/4089 4088/4088/4088
f 3911/3911/3911 3912/3912/3912 4090/4090/4090
f 3911/3911/3911 4090/4090/4090 4089/4089/4089
f 3912/3912/3912 3913/3913/3913 4091/4091/4091
f 3912/3912/3912 4091/4091/4091 4090/4090/4090
f 3913/3913/3913 3914/3914/3914 4092/4092/4092
f 3913/3913/3913 4092/4092/4092 4091/4091/4091
f 3914/3914/3914 3915/3915/3915 4093/4093/4093
f 3914/3914/3914 4093/4093/4093 4092/4092/4092
f 3915/3915/3915 3916/3916/3916 4094/4094/4094
f 3915/3915/3915 4094/4094/4094 4093/4093/4093
f 3916/3916/3916 3739/3739/3739 3917/3917/3917
f 3916/3916/3916 3917/3917/3917 4094/4094/4094
f 3917/3917/3917 3918/3918/3918 4096/4096/4096
f 3917/3917/3917 4096/4096/4096 4095/4095/4095
f 3918/3918/3918 3919/3919/3919 4097/4097/4097
f 3918/3918/3918 4097/4097/4097 4096/4096/4096
f 3919/3919/3919 3920/3920/3920 4098/4098/4098
f 3919/3919/3919 4098/4098/4098 4097/4097/4097
f 3920/3920/3920 3921/3921/3921 4099/4099/4099
f 3920/3920/3920 4099/4099/4099 4098/4098/4098
f 3921/3921/3921 3922/3922/3922 4100/4100/4100
f 3921/3921/3921 4100/4100/4100 4099/4099/4099
f 3922/3922/3922 3923/3923/3923 4101/4101/4101
f 3922/3922/3922 4101/4101/4101 4100/4100/4100
f 3923/3923/3923 3924/3924/3924 4102/4102/4102
f 3923/3923/3923 4102/4102/4102 4101/4101/4101
f 3924/3924/3924 3925/3925/3925 4103/4103/4103
f 3924/3924/3924 4103/4103/4103 4102/4102/4102
f 3925/3925/3925 3926/3926/3926 4104/4104/4104
f 3925/3925/3925 4104/4104/4104 4103/4103/4103
f 3926/3926/3926 3927/3927/3927 4105/4105/4105
f 3926/3926/3926 4105/4105/4105 4104/4104/4104
f 3927/3927/3927 3928/3928/3928 4106/4106/4106
f 3927/3927/3927 4106/4106/4106 4105/4105/4105
f 3928/3928/3928 3929/3929/3929 4107/4107/4107
f 3928/3928/3928 4107/4107/4107 4106/4106/4106
f 3929/3929/3929 3930/3930/3930 4108/4108/4108
f 3929/3929/3929 4108/4108/4108 4107/4107/4107
f 3930/3930/3930 3931/3931/3931 4109/4109/4109
f 3930/3930/3930 4109/4109/4109 4108/4108/4108
f 3931/3931/3931 3932/3932/3932 4110/4110/4110
f 3931/3931/3931 4110/4110/4110 4109/4109/4109
f 3932/3932/3932 3933/3933/3933 4111/4111/4111
f 3932/3932/3932 4111/4111/4111 4110/4110/4110
f 3933/3933/3933 3934/3934/3934 4112/4112/4112
f 3933/3933/3933 4112/4112/4112 4111/4111/4111
f 3934/3934/3934 3935/3935/3935 4113/4113/4113
f 3934/3934/3934 4113/4113/4113 4112/4112/4112
f 3935/3935/3935 3936/3936/3936 4114/4114/4114
f 3935/3935/3935 4114/4114/4114 4113/4113/4113
f 3936/3936/3936 3937/3937/3937 4115/4115/4115
f 3936/3936/3936 4115/4115/4115 4114/4114/4114
f 3937/3937/3937 3938/3938/3938 4116/4116/4116
f 3937/3937/3937 4116/4116/4116 4115/4115/4115
f 3938/3938/3938 3939/3939/3939 4117/4117/4117
f 3938/3938/3938 4117/4117/4117 4116/4116/4116
f 3939/3939/3939 3940/3940/3940 4118/4118/4118
f 3939/3939/3939 4118/4118/4118 4117/4117/4117
f 3940/3940/3940 3941/3941/3941 4119/4119/4119
f 3940/3940/3940 4119/4119/4119 4118/4118/4118
f 3941/3941/3941 3942/3942/3942 4120/4120/4120
f 3941/3941/3941 4120/4120/4120 4119/4119/4119
f 3942/3942/3942 3943/3943/3943 4121/4121/4121
f 3942/3942/3942 4121/4121/4121 4120/4120/4120
f 3943/3943/3943 3944/3944/3944 4122/4122/4122
f 3943/3943/3943 4122/4122/4122 4121/4121/4121
f 3944/3944/3944 3945/3945/3945 4123/4123/4123
f 3944/3944/3944 4123/4123/4123 4122/4122/4122
f 3945/3945/3945 3946/3946/3946 4124/4124/4124
f 3945/3945/3945 4124/4124/4124 4123/4123/4123
f 3946/3946/3946 3947/3947/3947 4125/4125/4125
f 3946/3946/3946 4125/4125/4125 4124/4124/4124
f 3947/3947/3947 3948/3948/3948 4126/4126/4126
f 3947/3947/3947 4126/4126/4126 4125/4125/4125
f 3948/3948/3948 3949/3949/3949 4127/4127/4127
f 3948/3948/3948 4127/4127/4127 4126/4126/4126
f 3949/3949/3949 3950/3950/3950 4128/4128/4128
f 3949/3949/3949 4128/4128/4128 4127/4127/4127
f 3950/3950/3950 3951/3951/3951 4129/4129/4129
f 3950/3950/3950 4129/4129/4129 4128/4128/4128
f 3951/3951/3951 3952/3952/3952 4130/4130/4130
f 3951/3951/3951 4130/4130/4130 4129/4129/4129
f 3952/3952/3952 3953/3953/3953 4131/4131/4131
f 3952/3952/3952 4131/4131/4131 4130/4130/4130
f 3953/3953/3953 3954/3954/3954 4132/4132/4132
f 3953/3953/3953 4132/4132/4132 4131/4131/4131
f 3954/3954/3954 3955/3955/3955 4133/4133/4133
f 3954/3954/3954 4133/4133/4133 4132/4132/4132
f 3955/3955/3955 3956/3956/3956 4134/4134/4134
f 3955/3955/3955 4134/4134/4134 4133/4133/4133
f 3956/3956/3956 3957/3957/3957 4135/4135/4135
f 3956/3956/3956 4135/4135/4135 4134/4134/4134
f 3957/3957/3957 3958/3958/3958 4136/4136/4136
f 3957/3957/3957 4136/4136/4136 4135/4135/4135
f 3958/3958/3958 3959/3959/3959 4137/4137/4137
f 3958/3958/3958 4137/4137/4137 4136/4136/4136
f 3959/3959/3959 3960/3960/3960 4138/4138/4138
f 3959/3959/3959 4138/4138/4138 4137/4137/4137
f 3960/3960/3960 3961/3961/3961 4139/4139/4139
f 3960/3960/3960 4139/4139/4139 4138/4138/4138
f 3961/3961/3961 3962/3962/3962 4140/4140/4140
f 3961/3961/3961 4140/4140/4140 4139/4139/4139
f 3962/3962/3962 3963/3963/3963 4141/4141/4141
f 3962/3962/3962 4141/4141/4141 4140/4140/4140
f 3963/3963/3963 3964/3964/3964 4142/4142/4142
f 3963/3963/3963 4142/4142/4142 4141/4141/4141
f 3964/3964/3964 3965/3965/3965 4143/4143/4143
f 3964/3964/3964 4143/4143/4143 4142/4142/4142
f 3965/3965/3965 3966/3966/3966 4144/4144/4144
f 3965/3965/3965 4144/4144/4144 4143/4143/4143
f 3966/3966/3966 3967/3967/3967 4145/4145/4145
f 3966/3966/3966 4145/4145/4145 4144/4144/4144
f 3967/3967/3967 3968/3968/3968 4146/4146/4146
f 3967/3967/3967 4146/4146/4146 4145/4145/4145
f 3968/3968/3968 3969/3969/3969 4147/4147/4147
f 3968/3968/3968 4147/4147/4147 4146/4146/4146
f 3969/3969/3969 3970/3970/3970 4148/4148/4148
f 3969/3969/3969 4148/4148/4148 4147/4147/4147
f 3970/3970/3970 3971/3971/3971 4149/4149/4149
f 3970/3970/3970 4149/4149/4149 4148/4148/4148
f 3971/3971/3971 3972/3972/3972 4150/4150/4150
f 3971/3971/3971 4150/4150/4150 4149/4149/4149
f 3972/3972/3972 3973/3973/3973 4151/4151/4151
f 3972/3972/3972 4151/4151/4151 4150/4150/4150
f 3973/3973/3973 3974/3974/3974 4152/4152/4152
f 3973/3973/3973 4152/4152/4152 4151/4151/4151
f 3974/3974/3974 3975/3975/3975 4153/4153/4153
f 3974/3974/3974 4153/4153/4153 4152/4152/4152
f 3975/3975/3975 3976/3976/3976 4154/4154/4154
f 3975/3975/3975 4154/4154/4154 4153/4153/4153
f 3976/3976/3976 3977/3977/3977 4155/4155/4155
f 3976/3976/3976 4155/4155/4155 4154/4154/4154
f 3977/3977/3977 3978/3978/3978 4156/4156/4156
f 3977/3977/3977 4156/4156/4156 4155/4155/4155
f 3978/3978/3978 3979/3979/3979 4157/4157/4157
f 3978/3978/3978 4157/4157/4157 4156/4156/4156
f 3979/3979/3979 3980/3980/3980 4158/4158/4158
f 3979/3979/3979 4158/4158/4158 4157/4157/4157
f 3980/3980/3980 3981/3981/3981 4159/4159/4159
f 3980/3980/3980 4159/4159/4159 4158/4158/4158
f 3981/3981/3981 3982/3982/3982 4160/4160/4160
f 3981/3981/3981 4160/4160/4160 4159/4159/4159
f 3982/3982/3982 3983/3983/3983 4161/4161/4161
f 3982/3982/3982 4161/4161/4161 4160/4160/4160
f 3983/3983/3983 3984/3984/3984 4162/4162/4162
f 3983/3983/3983 4162/4162/4162 4161/4161/4161
f 3984/3984/3984 3985/3985/3985 4163/4163/4163
f 3984/3984/3984 4163/4163/4163 4162/4162/4162
f 3985/3985/3985 3986/3986/3986 4164/4164/4164
f 3985/3985/3985 4164/4164/4164 4163/4163/4163
f 3986/3986/3986 3987/3987/3987 4165/4165/4165
f 3986/3986/3986 4165/4165/4165 4164/4164/4164
f 3987/3987/3987 3988/3988/3988 4166/4166/4166
f 3987/3987/3987 4166/4166/4166 4165/4165/4165
f 3988/3988/3988 3989/3989/3989 4167/4167/4167
f 3988/3988/3988 4167/4167/4167 4166/4166/4166
f 3989/3989/3989 3990/3990/3990 4168/4168/4168
f 3989/3989/3989 4168/4168/4168 4167/4167/4167
f 3990/3990/3990 3991/3991/3991 4169/4169/4169
f 3990/3990/3990 4169/4169/4169 4168/4168/4168
f 3991/3991/3991 3992/3992/3992 4170/4170/4170
f 3991/3991/3991 4170/4170/4170 4169/4169/4169
f 3992/3992/3992 3993/3993/3993 4171/4171/4171
f 3992/3992/3992 4171/4171/4171 4170/4170/4170
f 3993/3993/3993 3994/3994/3994 4172/4172/4172
f 3993/3993/3993 4172/4172/4172 4171/4171/4171
f 3994/3994/3994 3995/3995/3995 4173/4173/4173
f 3994/3994/3994 4173/4173/4173 4172/4172/4172
f 3995/3995/3995 3996/3996/3996 4174/4174/4174
f 3995/3995/3995 4174/4174/4174 4173/4173/4173
f 3996/3996/3996 3997/3997/3997 4175/4175/4175
f 3996/3996/3996 4175/4175/4175 4174/4174/4174
f 3997/3997/3997 3998/3998/3998 4176/4176/4176
f 3997/3997/3997 4176/4176/4176 4175/4175/4175
f 3998/3998/3998 3999/3999/3999 4177/4177/4177
f 3998/3998/3998 4177/4177/4177 4176/4176/4176
f 3999/3999/3999 4000/4000/4000 4178/4178/4178
f 3999/3999/3999 4178/4178/4178 4177/4177/4177
f 4000/4000/4000 4001/4001/4001 4179/4179/4179
f 4000/4000/4000 4179/4179/4179 4178/4178/4178
f 4001/4001/4001 4002/4002/4002 4180/4180/4180
f 4001/4001/4001 4180/4180/4180 4179/4179/4179
f 4002/4002/4002 4003/4003/4003 4181/4181/4181
f 4002/4002/4002 4181/4181/4181 4180/4180/4180
f 4003/4003/4003 4004/4004/4004 4182/4182/4182
f 4003/4003/4003 4182/4182/4182 4181/4181/4181
f 4004/4004/4004 4005/4005/4005 4183/4183/4183
f 4004/4004/4004 4183/4183/4183 4182/4182/4182
f 4005/4005/4005 4006/4006/4006 4184/4184/4184
f 4005/4005/4005 4184/4184/4184 4183/4183/4183
f 4006/4006/4006 4007/4007/4007 4185/4185/4185
f 4006/4006/4006 4185/4185/4185 4184/4184/4184
f 4007/4007/4007 4008/4008/4008 4186/4186/4186
f 4007/4007/4007 4186/4186/4186 4185/4185/4185
f 4008/4008/4008 4009/4009/4009 4187/4187/4187
f 4008/4008/4008 4187/4187/4187 4186/4186/4186
f 4009/4009/4009 4010/4010/4010 4188/4188/4188
f 4009/4009/4009 4188/4188/4188 4187/4187/4187
f 4010/4010/4010 4011/4011/4011 4189/4189/4189
f 4010/4010/4010 4189/4189/4189 4188/4188/4188
f 4011/4011/4011 4012/4012/4012 4190/4190/4190
f 4011/4011/4011 4190/4190/4190 4189/4189/4189
f 4012/4012/4012 4013/4013/4013 4191/4191/4191
f 4012/4012/4012 4191/4191/4191 4190/4190/4190
f 4013/4013/4013 4014/4014/4014 4192/4192/4192
f 4013/4013/4013 4192/4192/4192 4191/4191/4191
f 4014/4014/4014 4015/4015/4015 4193/4193/4193
f 4014/4014/4014 4193/4193/4193 4192/4192/4192
f 4015/4015/4015 4016/4016/4016 4194/4194/4194
f 4015/4015/4015 4194/4194/4194 4193/4193/4193
f 4016/4016/4016 4017/4017/4017 4195/4195/4195
f 4016/4016/4016 4195/4195/4195 4194/4194/4194
f 4017/4017/4017 4018/4018/4018 4196/4196/4196
f 4017/4017/4017 4196/4196/4196 4195/4195/4195
f 4018/4018/4018 4019/4019/4019 4197/4197/4197
f 4018/4018/4018 4197/4197/4197 4196/4196/4196
f 4019/4019/4019 4020/4020/4020 4198/4198/4198
f 4019/4019/4019 4198/4198/4198 4197/4197/4197
f 4020/4020/4020 4021/4021/4021 4199/4199/4199
f 4020/4020/4020 4199/4199/4199 4198/4198/4198
f 4021/4021/4021 4022/4022/4022 4200/4200/4200
f 4021/4021/4021 4200/4200/4200 4199/4199/4199
f 4022/4022/4022 4023/4023/4023 4201/4201/4201
f 4022/4022/4022 4201/4201/4201 4200/4200/4200
f 4023/4023/4023 4024/4024/4024 4202/4202/4202
f 4023/4023/4023 4202/4202/4202 4201/4201/4201
f 4024/4024/4024 4025/4025/4025 4203/4203/4203
f 4024/4024/4024 4203/4203/4203 4202/4202/4202
f 4025/4025/4025 4026/4026/4026 4204/4204/4204
f 4025/4025/4025 4204/4204/4204 4203/4203/4203
f 4026/4026/4026 4027/4027/4027 4205/4205/4205
f 4026/4026/4026 4205/4205/4205 4204/4204/4204
f 4027/4027/4027 4028/4028/4028 4206/4206/4206
f 4027/4027/4027 4206/4206/4206 4205/4205/4205
f 4028/4028/4028 4029/4029/4029 4207/4207/4207
f 4028/4028/4028 4207/4207/4207 4206/4206/4206
f 4029/4029/4029 4030/4030/4030 4208/4208/4208
f 4029/4029/4029 4208/4208/4208 4207/4207/4207
f 4030/4030/4030 4031/4031/4031 4209/4209/4209
f 4030/4030/4030 4209/4209/4209 4208/4208/4208
f 4031/4031/4031 4032/4032/4032 4210/4210/4210
f 4031/4031/4031 4210/4210/4210 4209/4209/4209
f 4032/4032/4032 4033/4033/4033 4211/4211/4211
f 4032/4032/4032 4211/4211/4211 4210/4210/4210
f 4033/4033/4033 4034/4034/4034 4212/4212/4212
f 4033/4033/4033 4212/4212/4212 4211/4211/4211
f 4034/4034/4034 4035/4035/4035 4213/4213/4213
f 4034/4034/4034 4213/4213/4213 4212/4212/4212
f 4035/4035/4035 4036/4036/4036 4214/4214/4214
f 4035/4035/4035 4214/4214/4214 4213/4213/4213
f 4036/4036/4036 4037/4037/4037 4215/4215/4215
f 4036/4036/4036 4215/4215/4215 4214/4214/4214
f 4037/4037/4037 4038/4038/4038 4216/4216/4216
f 4037/4037/4037 4216/4216/4216 4215/4215/4215
f 4038/4038/4038 4039/4039/4039 4217/4217/4217
f 4038/4038/4038 4217/4217/4217 4216/4216/4216
f 4039/4039/4039 4040/4040/4040 4218/4218/4218
f 4039/4039/4039 4218/4218/4218 4217/4217/4217
f 4040/4040/4040 4041/4041/4041 4219/4219/4219
f 4040/4040/4040 4219/4219/4219 4218/4218/4218
f 4041/4041/4041 4042/4042/4042 4220/4220/4220
f 4041/4041/4041 4220/4220/4220 4219/4219/4219
f 4042/4042/4042 4043/4043/4043 4221/4221/4221
f 4042/4042/4042 4221/4221/4221 4220/4220/4220
f 4043/4043/4043 4044/4044/4044 4222/4222/4222
f 4043/4043/4043 4222/4222/4222 4221/4221/4221
f 4044/4044/4044 4045/4045/4045 4223/4223/4223
f 4044/4044/4044 4223/4223/4223 4222/4222/4222
f 4045/4045/4045 4046/4046/4046 4224/4224/4224
f 4045/4045/4045 4224/4224/4224 4223/4223/4223
f 4046/4046/4046 4047/4047/4047 4225/4225/4225
f 4046/4046/4046 4225/4225/4225 4224/4224/4224
f 4047/4047/4047 4048/4048/4048 4226/4226/4226
f 4047/4047/4047 4226/4226/4226 4225/4225/4225
f 4048/4048/4048 4049/4049/4049 4227/4227/4227
f 4048/4048/4048 4227/4227/4227 4226/4226/4226
f 4049/4049/4049 4050/4050/4050 4228/4228/4228
f 4049/4049/4049 4228/4228/4228 4227/4227/4227
f 4050/4050/4050 4051/4051/4051 4229/4229/4229
f 4050/4050/4050 4229/4229/4229 4228/4228/4228
f 4051/4051/4051 4052/4052/4052 4230/4230/4230
f 4051/4051/4051 4230/4230/4230 4229/4229/4229
f 4052/4052/4052 4053/4053/4053 4231/4231/4231
f 4052/4052/4052 4231/4231/4231 4230/4230/4230
f 4053/4053/4053 4054/4054/4054 4232/4232/4232
f 4053/4053/4053 4232/4232/4232 4231/4231/4231
f 4054/4054/4054 4055/4055/4055 4233/4233/4233
f 4054/4054/4054 4233/4233/4233 4232/4232/4232
f 4055/4055/4055 4056/4056/4056 4234/4234/4234
f 4055/4055/4055 4234/4234/4234 4233/4233/4233
f 4056/4056/4056 4057/4057/4057 4235/4235/4235
f 4056/4056/4056 4235/4235/4235 4234/4234/4234
f 4057/4057/4057 4058/4058/4058 4236/4236/4236
f 4057/4057/4057 4236/4236/4236 4235/4235/4235
f 4058/4058/4058 4059/4059/4059 4237/4237/4237
f 4058/4058/4058 4237/4237/4237 4236/4236/4236
f 4059/4059/4059 4060/4060/4060 4238/4238/4238
f 4059/4059/4059 4238/4238/4238 4237/4237/4237
f 4060/4060/4060 4061/4061/4061 4239/4239/4239
f 4060/4060/4060 4239/4239/4239 4238/4238/4238
f 4061/4061/4061 4062/4062/4062 4240/4240/4240
f 4061/4061/4061 4240/4240/4240 4239/4239/4239
f 4062/4062/4062 4063/4063/4063 4241/4241/4241
f 4062/4062/4062 4241/4241/4241 4240/4240/4240
f 4063/4063/4063 4064/4064/4064 4242/4242/4242
f 4063/4063/4063 4242/4242/4242 4241/4241/4241
f 4064/4064/4064 4065/4065/4065 4243/4243/4243
f 4064/4064/4064 4243/4243/4243 4242/4242/4242
f 4065/4065/4065 4066/4066/4066 4244/4244/4244
f 4065/4065/4065 4244/4244/4244 4243/4243/4243
f 4066/4066/4066 4067/4067/4067 4245/4245/4245
f 4066/4066/4066 4245/4245/4245 4244/4244/4244
f 4067/4067/4067 4068/4068/4068 4246/4246/4246
f 4067/4067/4067 4246/4246/4246 4245/4245/4245
f 4068/4068/4068 4069/4069/4069 4247/4247/4247
f 4068/4068/4068 4247/4247/4247 4246/4246/4246
f 4069/4069/4069 4070/4070/4070 4248/4248/4248
f 4069/4069/4069 4248/4248/4248 4247/4247/4247
f 4070/4070/4070 4071/4071/4071 4249/4249/4249
f 4070/4070/4070 4249/4249/4249 4248/4248/4248
f 4071/4071/4071 4072/4072/4072 4250/4250/4250
f 4071/4071/4071 4250/4250/4250 4249/4249/4249
f 4072/4072/4072 4073/4073/4073 4251/4251/4251
f 4072/4072/4072 4251/4251/4251 4250/4250/4250
f 4073/4073/4073 4074/4074/4074 4252/4252/4252
f 4073/4073/4073 4252/4252/4252 4251/4251/4251
f 4074/4074/4074 4075/4075/4075 4253/4253/4253
f 4074/4074/4074 4253/4253/4253 4252/4252/4252
f 4075/4075/4075 4076/4076/4076 4254/4254/4254
f 4075/4075/4075 4254/4254/4254 4253/4253/4253
f 4076/4076/4076 4077/4077/4077 4255/4255/4255
f 4076/4076/4076 4255/4255/4255 4254/4254/4254
f 4077/4077/4077 4078/4078/4078 4256/4256/4256
f 4077/4077/4077 4256/4256/4256 4255/4255/4255
f 4078/4078/4078 4079/4079/4079 4257/4257/4257
f 4078/4078/4078 4257/4257/4257 4256/4256/4256
f 4079/4079/4079 4080/4080/4080 4258/4258/4258
f 4079/4079/4079 4258/4258/4258 4257/4257/4257
f 4080/4080/4080 4081/4081/4081 4259/4259/4259
f 4080/4080/4080 4259/4259/4259 4258/4258/4258
f 4081/4081/4081 4082/4082/4082 4260/4260/4260
f 4081/4081/4081 4260/4260/4260 4259/4259/4259
f 4082/4082/4082 4083/4083/4083 4261/4261/4261
f 4082/4082/4082 4261/4261/4261 4260/4260/4260
f 4083/4083/4083 4084/4084/4084 4262/4262/4262
f 4083/4083/4083 4262/4262/4262 4261/4261/4261
f 4084/4084/4084 4085/4085/4085 4263/4263/4263
f 4084/4084/4084 4263/4263/4263 4262/4262/4262
f 4085/4085/4085 4086/4086/4086 4264/4264/4264
f 4085/4085/4085 4264/4264/4264 4263/4263/4263
f 4086/4086/4086 4087/4087/4087 4265/4265/4265
f 4086/4086/4086 4265/4265/4265 4264/4264/4264
f 4087/4087/4087 4088/4088/4088 4266/4266/4266
f 4087/4087/4087 4266/4266/4266 4265/4265/4265
f 4088/4088/4088 4089/4089/4089 4267/4267/4267
f 4088/4088/4088 4267/4267/4267 4266/4266/4266
f 4089/4089/4089 4090/4090/4090 4268/4268/4268
f 4089/4089/4089 4268/4268/4268 4267/4267/4267
f 4090/4090/4090 4091/4091/4091 4269/4269/4269
f 4090/4090/4090 4269/4269/4269 4268/4268/4268
f 4091/4091/4091 4092/4092/4092 4270/4270/4270
f 4091/4091/4091 4270/4270/4270 4269/4269/4269
f 4092/4092/4092 4093/4093/4093 4271/4271/4271
f 4092/4092/4092 4271/4271/4271 4270/4270/4270
f 4093/4093/4093 4094/4094/4094 4272/4272/4272
f 4093/4093/4093 4272/4272/4272 4271/4271/4271
f 4094/4094/4094 3917/3917/3917 4095/4095/4095
f 4094/4094/4094 4095/4095/4095 4272/4272/4272
f 4095/4095/4095 4096/4096/4096 4274/4274/4274
f 4095/4095/4095 4274/4274/4274 4273/4273/4273
f 4096/4096/4096 4097/4097/4097 4275/4275/4275
f 4096/4096/4096 4275/4275/4275 4274/4274/4274
f 4097/4097/4097 4098/4098/4098 4276/4276/4276
f 4097/4097/4097 4276/4276/4276 4275/4275/4275
f 4098/4098/4098 4099/4099/4099 4277/4277/4277
f 4098/4098/4098 4277/4277/4277 4276/4276/4276
f 4099/4099/4099 4100/4100/4100 4278/4278/4278
f 4099/4099/4099 4278/4278/4278 4277/4277/4277
f 4100/4100/4100 4101/4101/4101 4279/4279/4279
f 4100/4100/4100 4279/4279/4279 4278/4278/4278
f 4101/4101/4101 4102/4102/4102 4280/4280/4280
f 4101/4101/4101 4280/4280/4280 4279/4279/4279
f 4102/4102/4102 4103/4103/4103 4281/4281/4281
f 4102/4102/4102 4281/4281/4281 4280/4280/4280
f 4103/4103/4103 4104/4104/4104 4282/4282/4282
f 4103/4103/4103 4282/4282/4282 4281/4281/4281
f 4104/4104/4104 4105/4105/4105 4283/4283/4283
f 4104/4104/4104 4283/4283/4283 4282/4282/4282
f 4105/4105/4105 4106/4106/4106 4284/4284/4284
f 4105/4105/4105 4284/4284/4284 4283/4283/4283
f 4106/4106/4106 4107/4107/4107 4285/4285/4285
f 4106/4106/4106 4285/4285/4285 4284/4284/4284
f 4107/4107/4107 4108/4108/4108 4286/4286/4286
f 4107/4107/4107 4286/4286/4286 4285/4285/4285
f 4108/4108/4108 4109/4109/4109 4287/4287/4287
f 4108/4108/4108 4287/4287/4287 4286/4286/4286
f 4109/4109/4109 4110/4110/4110 4288/4288/4288
f 4109/4109/4109 4288/4288/4288 4287/4287/4287
f 4110/4110/4110 4111/4111/4111 4289/4289/4289
f 4110/4110/4110 4289/4289/4289 4288/4288/4288
f 4111/4111/4111 4112/4112/4112 4290/4290/4290
f 4111/4111/4111 4290/4290/4290 4289/4289/4289
f 4112/4112/4112 4113/4113/4113 4291/4291/4291
f 4112/4112/4112 4291/4291/4291 4290/4290/4290
f 4113/4113/4113 4114/4114/4114 4292/4292/4292
f 4113/4113/4113 4292/4292/4292 4291/4291/4291
f 4114/4114/4114 4115/4115/4115 4293/4293/4293
f 4114/4114/4114 4293/4293/4293 4292/4292/4292
f 4115/4115/4115 4116/4116/4116 4294/4294/4294
f 4115/4115/4115 4294/4294/4294 4293/4293/4293
f 4116/4116/4116 4117/4117/4117 4295/4295/4295
f 4116/4116/4116 4295/4295/4295 4294/4294/4294
f 4117/4117/4117 4118/4118/4118 4296/4296/4296
f 4117/4117/4117 4296/4296/4296 4295/4295/4295
f 4118/4118/4118 4119/4119/4119 4297/4297/4297
f 4118/4118/4118 4297/4297/4297 4296/4296/4296
f 4119/4119/4119 4120/4120/4120 4298/4298/4298
f 4119/4119/4119 4298/4298/4298 4297/4297/4297
f 4120/4120/4120 4121/4121/4121 4299/4299/4299
f 4120/4120/4120 4299/4299/4299 4298/4298/4298
f 4121/4121/4121 4122/4122/4122 4300/4300/4300
f 4121/4121/4121 4300/4300/4300 4299/4299/4299
f 4122/4122/4122 4123/4123/4123 4301/4301/4301
f 4122/4122/4122 4301/4301/4301 4300/4300/4300
f 4123/4123/4123 4124/4124/4124 4302/4302/4302
f 4123/4123/4123 4302/4302/4302 4301/4301/4301
f 4124/4124/4124 4125/4125/4125 4303/4303/4303
f 4124/4124/4124 4303/4303/4303 4302/4302/4302
f 4125/4125/4125 4126/4126/4126 4304/4304/4304
f 4125/4125/4125 4304/4304/4304 4303/4303/4303
f 4126/4126/4126 4127/4127/4127 4305/4305/4305
f 4126/4126/4126 4305/4305/4305 4304/4304/4304
f 4127/4127/4127 4128/4128/4128 4306/4306/4306
f 4127/4127/4127 4306/4306/4306 4305/4305/4305
f 4128/4128/4128 4129/4129/4129 4307/4307/4307
f 4128/4128/4128 4307/4307/4307 4306/4306/4306
f 4129/4129/4129 4130/4130/4130 4308/4308/4308
f 4129/4129/4129 4308/4308/4308 4307/4307/4307
f 4130/4130/4130 4131/4131/4131 4309/4309/4309
f 4130/4130/4130 4309/4309/4309 4308/4308/4308
f 4131/4131/4131 4132/4132/4132 4310/4310/4310
f 4131/4131/4131 4310/4310/4310 4309/4309/4309
f 4132/4132/4132 4133/4133/4133 4311/4311/4311
f 4132/4132/4132 4311/4311/4311 4310/4310/4310
f 4133/4133/4133 4134/4134/4134 4312/4312/4312
f 4133/4133/4133 4312/4312/4312 4311/4311/4311
f 4134/4134/4134 4135/4135/4135 4313/4313/4313
f 4134/4134/4134 4313/4313/4313 4312/4312/4312
f 4135/4135/4135 4136/4136/4136 4314/4314/4314
f 4135/4135/4135 4314/4314/4314 4313/4313/4313
f 4136/4136/4136 4137/4137/4137 4315/4315/4315
f 4136/4136/4136 4315/4315/4315 4314/4314/4314
f 4137/4137/4137 4138/4138/4138 4316/4316/4316
f 4137/4137/4137 4316/4316/4316 4315/4315/4315
f 4138/4138/4138 4139/4139/4139 4317/4317/4317
f 4138/4138/4138 4317/4317/4317 4316/4316/4316
f 4139/4139/4139 4140/4140/4140 4318/4318/4318
f 4139/4139/4139 4318/4318/4318 4317/4317/4317
f 4140/4140/4140 4141/4141/4141 4319/4319/4319
f 4140/4140/4140 4319/4319/4319 4318/4318/4318
f 4141/4141/4141 4142/4142/4142 4320/4320/4320
f 4141/4141/4141 4320/4320/4320 4319/4319/4319
f 4142/4142/4142 4143/4143/4143 4321/4321/4321
f 4142/4142/4142 4321/4321/4321 4320/4320/4320
f 4143/4143/4143 4144/4144/4144 4322/4322/4322
f 4143/4143/4143 4322/4322/4322 4321/4321/4321
f 4144/4144/4144 4145/4145/4145 4323/4323/4323
f 4144/4144/4144 4323/4323/4323 4322/4322/4322
f 4145/4145/4145 4146/4146/4146 4324/4324/4324
f 4145/4145/4145 4324/4324/4324 4323/4323/4323
f 4146/4146/4146 4147/4147/4147 4325/4325/4325
f 4146/4146/4146 4325/4325/4325 4324/4324/4324
f 4147/4147/4147 4148/4148/4148 4326/4326/4326
f 4147/4147/4147 4326/4326/4326 4325/4325/4325
f 4148/4148/4148 4149/4149/4149 4327/4327/4327
f 4148/4148/4148 4327/4327/4327 4326/4326/4326
f 4149/4149/4149 4150/4150/4150 4328/4328/4328
f 4149/4149/4149 4328/4328/4328 4327/4327/4327
f 4150/4150/4150 4151/4151/4151 4329/4329/4329
f 4150/4150/4150 4329/4329/4329 4328/4328/4328
f 4151/4151/4151 4152/4152/4152 4330/4330/4330
f 4151/4151/4151 4330/4330/4330 4329/4329/4329
f 4152/4152/4152 4153/4153/4153 4331/4331/4331
f 4152/4152/4152 4331/4331/4331 4330/4330/4330
f 4153/4153/4153 4154/4154/4154 4332/4332/4332
f 4153/4153/4153 4332/4332/4332 4331/4331/4331
f 4154/4154/4154 4155/4155/4155 4333/4333/4333
f 4154/4154/4154 4333/4333/4333 4332/4332/4332
f 4155/4155/4155 4156/4156/4156 4334/4334/4334
f 4155/4155/4155 4334/4334/4334 4333/4333/4333
f 4156/4156/4156 4157/4157/4157 4335/4335/4335
f 4156/4156/4156 4335/4335/4335 4334/4334/4334
f 4157/4157/4157 4158/4158/4158 4336/4336/4336
f 4157/4157/4157 4336/4336/4336 4335/4335/4335
f 4158/4158/4158 4159/4159/4159 4337/4337/4337
f 4158/4158/4158 4337/4337/4337 4336/4336/4336
f 4159/4159/4159 4160/4160/4160 4338/4338/4338
f 4159/4159/4159 4338/4338/4338 4337/4337/4337
f 4160/4160/4160 4161/4161/4161 4339/4339/4339
f 4160/4160/4160 4339/4339/4339 4338/4338/4338
f 4161/4161/4161 4162/4162/4162 4340/4340/4340
f 4161/4161/4161 4340/4340/4340 4339/4339/4339
f 4162/4162/4162 4163/4163/4163 4341/4341/4341
f 4162/4162/4162 4341/4341/4341 4340/4340/4340
f 4163/4163/4163 4164/4164/4164 4342/4342/4342
f 4163/4163/4163 4342/4342/4342 4341/4341/4341
f 4164/4164/4164 4165/4165/4165 4343/4343/4343
f 4164/4164/4164 4343/4343/4343 4342/4342/4342
f 4165/4165/4165 4166/4166/4166 4344/4344/4344
f 4165/4165/4165 4344/4344/4344 4343/4343/4343
f 4166/4166/4166 4167/4167/4167 4345/4345/4345
f 4166/4166/4166 4345/4345/4345 4344/4344/4344
f 4167/4167/4167 4168/4168/4168 4346/4346/4346
f 4167/4167/4167 4346/4346/4346 4345/4345/4345
f 4168/4168/4168 4169/4169/4169 4347/4347/4347
f 4168/4168/4168 4347/4347/4347 4346/4346/4346
f 4169/4169/4169 4170/4170/4170 4348/4348/4348
f 4169/4169/4169 4348/4348/4348 4347/4347/4347
f 4170/4170/4170 4171/4171/4171 4349/4349/4349
f 4170/4170/4170 4349/4349/4349 4348/4348/4348
f 4171/4171/4171 4172/4172/4172 4350/4350/4350
f 4171/4171/4171 4350/4350/4350 4349/4349/4349
f 4172/4172/4172 4173/4173/4173 4351/4351/4351
f 4172/4172/4172 4351/4351/4351 4350/4350/4350
f 4173/4173/4173 4174/4174/4174 4352/4352/4352
f 4173/4173/4173 4352/4352/4352 4351/4351/4351
f 4174/4174/4174 4175/4175/4175 4353/4353/4353
f 4174/4174/4174 4353/4353/4353 4352/4352/4352
f 4175/4175/4175 4176/4176/4176 4354/4354/4354
f 4175/4175/4175 4354/4354/4354 4353/4353/4353
f 4176/4176/4176 4177/4177/4177 4355/4355/4355
f 4176/4176/4176 4355/4355/4355 4354/4354/4354
f 4177/4177/4177 4178/4178/4178 4356/4356/4356
f 4177/4177/4177 4356/4356/4356 4355/4355/4355
f 4178/4178/4178 4179/4179/4179 4357/4357/4357
f 4178/4178/4178 4357/4357/4357 4356/4356/4356
f 4179/4179/4179 4180/4180/4180 4358/4358/4358
f 4179/4179/4179 4358/4358/4358 4357/4357/4357
f 4180/4180/4180 4181/4181/4181 4359/4359/4359
f 4180/4180/4180 4359/4359/4359 4358/4358/4358
f 4181/4181/4181 4182/4182/4182 4360/4360/4360
f 4181/4181/4181 4360/4360/4360 4359/4359/4359
f 4182/4182/4182 4183/4183/4183 4361/4361/4361
f 4182/4182/4182 4361/4361/4361 4360/4360/4360
f 4183/4183/4183 4184/4184/4184 4362/4362/4362
f 4183/4183/4183 4362/4362/4362 4361/4361/4361
f 4184/4184/4184 4185/4185/4185 4363/4363/4363
f 4184/4184/4184 4363/4363/4363 4362/4362/4362
f 4185/4185/4185 4186/4186/4186 4364/4364/4364
f 4185/4185/4185 4364/4364/4364 4363/4363/4363
f 4186/4186/4186 4187/4187/4187 4365/4365/4365
f 4186/4186/4186 4365/4365/4365 4364/4364/4364
f 4187/4187/4187 4188/4188/4188 4366/4366/4366
f 4187/4187/4187 4366/4366/4366 4365/4365/4365
f 4188/4188/4188 4189/4189/4189 4367/4367/4367
f 4188/4188/4188 4367/4367/4367 4366/4366/4366
f 4189/4189/4189 4190/4190/4190 4368/4368/4368
f 4189/4189/4189 4368/4368/4368 4367/4367/4367
f 4190/4190/4190 4191/4191/4191 4369/4369/4369
f 4190/4190/4190 4369/4369/4369 4368/4368/4368
f 4191/4191/4191 4192/4192/4192 4370/4370/4370
f 4191/4191/4191 4370/4370/4370 4369/4369/4369
f 4192/4192/4192 4193/4193/4193 4371/4371/4371
f 4192/4192/4192 4371/4371/4371 4370/4370/4370
f 4193/4193/4193 4194/4194/4194 4372/4372/4372
f 4193/4193/4193 4372/4372/4372 4371/4371/4371
f 4194/4194/4194 4195/4195/4195 4373/4373/4373
f 4194/4194/4194 4373/4373/4373 4372/4372/4372
f 4195/4195/4195 4196/4196/4196 4374/4374/4374
f 4195/4195/4195 4374/4374/4374 4373/4373/4373
f 4196/4196/4196 4197/4197/4197 4375/4375/4375
f 4196/4196/4196 4375/4375/4375 4374/4374/4374
f 4197/4197/4197 4198/4198/4198 4376/4376/4376
f 4197/4197/4197 4376/4376/4376 4375/4375/4375
f 4198/4198/4198 4199/4199/4199 4377/4377/4377
f 4198/4198/4198 4377/4377/4377 4376/4376/4376
f 4199/4199/4199 4200/4200/4200 4378/4378/4378
f 4199/4199/4199 4378/4378/4378 4377/4377/4377
f 4200/4200/4200 4201/4201/4201 4379/4379/4379
f 4200/4200/4200 4379/4379/4379 4378/4378/4378
f 4201/4201/4201 4202/4202/4202 4380/4380/4380
f 4201/4201/4201 4380/4380/4380 4379/4379/4379
f 4202/4202/4202 4203/4203/4203 4381/4381/4381
f 4202/4202/4202 4381/4381/4381 4380/4380/4380
f 4203/4203/4203 4204/4204/4204 4382/4382/4382
f 4203/4203/4203 4382/4382/4382 4381/4381/4381
f 4204/4204/4204 4205/4205/4205 4383/4383/4383
f 4204/4204/4204 4383/4383/4383 4382/4382/4382
f 4205/4205/4205 4206/4206/4206 4384/4384/4384
f 4205/4205/4205 4384/4384/4384 4383/4383/4383
f 4206/4206/4206 4207/4207/4207 4385/4385/4385
f 4206/4206/4206 4385/4385/4385 4384/4384/4384
f 4207/4207/4207 4208/4208/4208 4386/4386/4386
f 4207/4207/4207 4386/4386/4386 4385/4385/4385
f 4208/4208/4208 4209/4209/4209 4387/4387/4387
f 4208/4208/4208 4387/4387/4387 4386/4386/4386
f 4209/4209/4209 4210/4210/4210 4388/4388/4388
f 4209/4209/4209 4388/4388/4388 4387/4387/4387
f 4210/4210/4210 4211/4211/4211 4389/4389/4389
f 4210/4210/4210 4389/4389/4389 4388/4388/4388
f 4211/4211/4211 4212/4212/4212 4390/4390/4390
f 4211/4211/4211 4390/4390/4390 4389/4389/4389
f 4212/4212/4212 4213/4213/4213 4391/4391/4391
f 4212/4212/4212 4391/4391/4391 4390/4390/4390
f 4213/4213/4213 4214/4214/4214 4392/4392/4392
f 4213/4213/4213 4392/4392/4392 4391/4391/4391
f 4214/4214/4214 4215/4215/4215 4393/4393/4393
f 4214/4214/4214 4393/4393/4393 4392/4392/4392
f 4215/4215/4215 4216/4216/4216 4394/4394/4394
f 4215/4215/4215 4394/4394/4394 4393/4393/4393
f 4216/4216/4216 4217/4217/4217 4395/4395/4395
f 4216/4216/4216 4395/4395/4395 4394/4394/4394
f 4217/4217/4217 4218/4218/4218 4396/4396/4396
f 4217/4217/4217 4396/4396/4396 4395/4395/4395
f 4218/4218/4218 4219/4219/4219 4397/4397/4397
f 4218/4218/4218 4397/4397/4397 4396/4396/4396
f 4219/4219/4219 4220/4220/4220 4398/4398/4398
f 4219/4219/4219 4398/4398/4398 4397/4397/4397
f 4220/4220/4220 4221/4221/4221 4399/4399/4399
f 4220/4220/4220 4399/4399/4399 4398/4398/4398
f 4221/4221/4221 4222/4222/4222 4400/4400/4400
f 4221/4221/4221 4400/4400/4400 4399/4399/4399
f 4222/4222/4222 4223/4223/4223 4401/4401/4401
f 4222/4222/4222 4401/4401/4401 4400/4400/4400
f 4223/4223/4223 4224/4224/4224 4402/4402/4402
f 4223/4223/4223 4402/4402/4402 4401/4401/4401
f 4224/4224/4224 4225/4225/4225 4403/4403/4403
f 4224/4224/4224 4403/4403/4403 4402/4402/4402
f 4225/4225/4225 4226/4226/4226 4404/4404/4404
f 4225/4225/4225 4404/4404/4404 4403/4403/4403
f 4226/4226/4226 4227/4227/4227 4405/4405/4405
f 4226/4226/4226 4405/4405/4405 4404/4404/4404
f 4227/4227/4227 4228/4228/4228 4406/4406/4406
f 4227/4227/4227 4406/4406/4406 4405/4405/4405
f 4228/4228/4228 4229/4229/4229 4407/4407/4407
f 4228/4228/4228 4407/4407/4407 4406/4406/4406
f 4229/4229/4229 4230/4230/4230 4408/4408/4408
f 4229/4229/4229 4408/4408/4408 4407/4407/4407
f 4230/4230/4230 4231/4231/4231 4409/4409/4409
f 4230/4230/4230 4409/4409/4409 4408/4408/4408
f 4231/4231/4231 4232/4232/4232 4410/4410/4410
f 4231/4231/4231 4410/4410/4410 4409/4409/4409
f 4232/4232/4232 4233/4233/4233 4411/4411/4411
f 4232/4232/4232 4411/4411/4411 4410/4410/4410
f 4233/4233/4233 4234/4234/4234 4412/4412/4412
f 4233/4233/4233 4412/4412/4412 4411/4411/4411
f 4234/4234/4234 4235/4235/4235 4413/4413/4413
f 4234/4234/4234 4413/4413/4413 4412/4412/4412
f 4235/4235/4235 4236/4236/4236 4414/4414/4414
f 4235/4235/4235 4414/4414/4414 4413/4413/4413
f 4236/4236/4236 4237/4237/4237 4415/4415/4415
f 4236/4236/4236 4415/4415/4415 4414/4414/4414
f 4237/4237/4237 4238/4238/4238 4416/4416/4416
f 4237/4237/4237 4416/4416/4416 4415/4415/4415
f 4238/4238/4238 4239/4239/4239 4417/4417/4417
f 4238/4238/4238 4417/4417/4417 4416/4416/4416
f 4239/4239/4239 4240/4240/4240 4418/4418/4418
f 4239/4239/4239 4418/4418/4418 4417/4417/4417
f 4240/4240/4240 4241/4241/4241 4419/4419/4419
f 4240/4240/4240 4419/4419/4419 4418/4418/4418
f 4241/4241/4241 4242/4242/4242 4420/4420/4420
f 4241/4241/4241 4420/4420/4420 4419/4419/4419
f 4242/4242/4242 4243/4243/4243 4421/4421/4421
f 4242/4242/4242 4421/4421/4421 4420/4420/4420
f 4243/4243/4243 4244/4244/4244 4422/4422/4422
f 4243/4243/4243 4422/4422/4422 4421/4421/4421
f 4244/4244/4244 4245/4245/4245 4423/4423/4423
f 4244/4244/4244 4423/4423/4423 4422/4422/4422
f 4245/4245/4245 4246/4246/4246 4424/4424/4424
f 4245/4245/4245 4424/4424/4424 4423/4423/4423
f 4246/4246/4246 4247/4247/4247 4425/4425/4425
f 4246/4246/4246 4425/4425/4425 4424/4424/4424
f 4247/4247/4247 4248/4248/4248 4426/4426/4426
f 4247/4247/4247 4426/4426/4426 4425/4425/4425
f 4248/4248/4248 4249/4249/4249 4427/4427/4427
f 4248/4248/4248 4427/4427/4427 4426/4426/4426
f 4249/4249/4249 4250/4250/4250 4428/4428/4428
f 4249/4249/4249 4428/4428/4428 4427/4427/4427
f 4250/4250/4250 4251/4251/4251 4429/4429/4429
f 4250/4250/4250 4429/4429/4429 4428/4428/4428
f 4251/4251/4251 4252/4252/4252 4430/4430/4430
f 4251/4251/4251 4430/4430/4430 4429/4429/4429
f 4252/4252/4252 4253/4253/4253 4431/4431/4431
f 4252/4252/4252 4431/4431/4431 4430/4430/4430
f 4253/4253/4253 4254/4254/4254 4432/4432/4432
f 4253/4253/4253 4432/4432/4432 4431/4431/4431
f 4254/4254/4254 4255/4255/4255 4433/4433/4433
f 4254/4254/4254 4433/4433/4433 4432/4432/4432
f 4255/4255/4255 4256/4256/4256 4434/4434/4434
f 4255/4255/4255 4434/4434/4434 4433/4433/4433
f 4256/4256/4256 4257/4257/4257 4435/4435/4435
f 4256/4256/4256 4435/4435/4435 4434/4434/4434
f 4257/4257/4257 4258/4258/4258 4436/4436/4436
f 4257/4257/4257 4436/4436/4436 4435/4435/4435
f 4258/4258/4258 4259/4259/4259 4437/4437/4437
f 4258/4258/4258 4437/4437/4437 4436/4436/4436
f 4259/4259/4259 4260/4260/4260 4438/4438/4438
f 4259/4259/4259 4438/4438/4438 4437/4437/4437
f 4260/4260/4260 4261/4261/4261 4439/4439/4439
f 4260/4260/4260 4439/4439/4439 4438/4438/4438
f 4261/4261/4261 4262/4262/4262 4440/4440/4440
f 4261/4261/4261 4440/4440/4440 4439/4439/4439
f 4262/4262/4262 4263/4263/4263 4441/4441/4441
f 4262/4262/4262 4441/4441/4441 4440/4440/4440
f 4263/4263/4263 4264/4264/4264 4442/4442/4442
f 4263/4263/4263 4442/4442/4442 4441/4441/4441
f 4264/4264/4264 4265/4265/4265 4443/4443/4443
f 4264/4264/4264 4443/4443/4443 4442/4442/4442
f 4265/4265/4265 4266/4266/4266 4444/4444/4444
f 4265/4265/4265 4444/4444/4444 4443/4443/4443
f 4266/4266/4266 4267/4267/4267 4445/4445/4445
f 4266/4266/4266 4445/4445/4445 4444/4444/4444
f 4267/4267/4267 4268/4268/4268 4446/4446/4446
f 4267/4267/4267 4446/4446/4446 4445/4445/4445
f 4268/4268/4268 4269/4269/4269 4447/4447/4447
f 4268/4268/4268 4447/4447/4447 4446/4446/4446
f 4269/4269/4269 4270/4270/4270 4448/4448/4448
f 4269/4269/4269 4448/4448/4448 4447/4447/4447
f 4270/4270/4270 4271/4271/4271 4449/4449/4449
f 4270/4270/4270 4449/4449/4449 4448/4448/4448
f 4271/4271/4271 4272/4272/4272 4450/4450/4450
f 4271/4271/4271 4450/4450/4450 4449/4449/4449
f 4272/4272/4272 4095/4095/4095 4273/4273/4273
f 4272/4272/4272 4273/4273/4273 4450/4450/4450
f 4273/4273/4273 4274/4274/4274 4452/4452/4452
f 4273/4273/4273 4452/4452/4452 4451/4451/4451
f 4274/4274/4274 4275/4275/4275 4453/4453/4453
f 4274/4274/4274 4453/4453/4453 4452/4452/4452
f 4275/4275/4275 4276/4276/4276 4454/4454/4454
f 4275/4275/4275 4454/4454/4454 4453/4453/4453
f 4276/4276/4276 4277/4277/4277 4455/4455/4455
f 4276/4276/4276 4455/4455/4455 4454/4454/4454
f 4277/4277/4277 4278/4278/4278 4456/4456/4456
f 4277/4277/4277 4456/4456/4456 4455/4455/4455
f 4278/4278/4278 4279/4279/4279 4457/4457/4457
f 4278/4278/4278 4457/4457/4457 4456/4456/4456
f 4279/4279/4279 4280/4280/4280 4458/4458/4458
f 4279/4279/4279 4458/4458/4458 4457/4457/4457
f 4280/4280/4280 4281/4281/4281 4459/4459/4459
f 4280/4280/4280 4459/4459/4459 4458/4458/4458
f 4281/4281/4281 4282/4282/4282 4460/4460/4460
f 4281/4281/4281 4460/4460/4460 4459/4459/4459
f 4282/4282/4282 4283/4283/4283 4461/4461/4461
f 4282/4282/4282 4461/4461/4461 4460/4460/4460
f 4283/4283/4283 4284/4284/4284 4462/4462/4462
f 4283/4283/4283 4462/4462/4462 4461/4461/4461
f 4284/4284/4284 4285/4285/4285 4463/4463/4463
f 4284/4284/4284 4463/4463/4463 4462/4462/4462
f 4285/4285/4285 4286/4286/4286 4464/4464/4464
f 4285/4285/4285 4464/4464/4464 4463/4463/4463
f 4286/4286/4286 4287/4287/4287 4465/4465/4465
f 4286/4286/4286 4465/4465/4465 4464/4464/4464
f 4287/4287/4287 4288/4288/4288 4466/4466/4466
f 4287/4287/4287 4466/4466/4466 4465/4465/4465
f 4288/4288/4288 4289/4289/4289 4467/4467/4467
f 4288/4288/4288 4467/4467/4467 4466/4466/4466
f 4289/4289/4289 4290/4290/4290 4468/4468/4468
f 4289/4289/4289 4468/4468/4468 4467/4467/4467
f 4290/4290/4290 4291/4291/4291 4469/4469/4469
f 4290/4290/4290 4469/4469/4469 4468/4468/4468
f 4291/4291/4291 4292/4292/4292 4470/4470/4470
f 4291/4291/4291 4470/4470/4470 4469/4469/4469
f 4292/4292/4292 4293/4293/4293 4471/4471/4471
f 4292/4292/4292 4471/4471/4471 4470/4470/4470
f 4293/4293/4293 4294/4294/4294 4472/4472/4472
f 4293/4293/4293 4472/4472/4472 4471/4471/4471
f 4294/4294/4294 4295/4295/4295 4473/4473/4473
f 4294/4294/4294 4473/4473/4473 4472/4472/4472
f 4295/4295/4295 4296/4296/4296 4474/4474/4474
f 4295/4295/4295 4474/4474/4474 4473/4473/4473
f 4296/4296/4296 4297/4297/4297 4475/4475/4475
f 4296/4296/4296 4475/4475/4475 4474/4474/4474
f 4297/4297/4297 4298/4298/4298 4476/4476/4476
f 4297/4297/4297 4476/4476/4476 4475/4475/4475
f 4298/4298/4298 4299/4299/4299 4477/4477/4477
f 4298/4298/4298 4477/4477/4477 4476/4476/4476
f 4299/4299/4299 4300/4300/4300 4478/4478/4478
f 4299/4299/4299 4478/4478/4478 4477/4477/4477
f 4300/4300/4300 4301/4301/4301 4479/4479/4479
f 4300/4300/4300 4479/4479/4479 4478/4478/4478
f 4301/4301/4301 4302/4302/4302 4480/4480/4480
f 4301/4301/4301 4480/4480/4480 4479/4479/4479
f 4302/4302/4302 4303/4303/4303 4481/4481/4481
f 4302/4302/4302 4481/4481/4481 4480/4480/4480
f 4303/4303/4303 4304/4304/4304 4482/4482/4482
f 4303/4303/4303 4482/4482/4482 4481/4481/4481
f 4304/4304/4304 4305/4305/4305 4483/4483/4483
f 4304/4304/4304 4483/4483/4483 4482/4482/4482
f 4305/4305/4305 4306/4306/4306 4484/4484/4484
f 4305/4305/4305 4484/4484/4484 4483/4483/4483
f 4306/4306/4306 4307/4307/4307 4485/4485/4485
f 4306/4306/4306 4485/4485/4485 4484/4484/4484
f 4307/4307/4307 4308/4308/4308 4486/4486/4486
f 4307/4307/4307 4486/4486/4486 4485/4485/4485
f 4308/4308/4308 4309/4309/4309 4487/4487/4487
f 4308/4308/4308 4487/4487/4487 4486/4486/4486
f 4309/4309/4309 4310/4310/4310 4488/4488/4488
f 4309/4309/4309 4488/4488/4488 4487/4487/4487
f 4310/4310/4310 4311/4311/4311 4489/4489/4489
f 4310/4310/4310 4489/4489/4489 4488/4488/4488
f 4311/4311/4311 4312/4312/4312 4490/4490/4490
f 4311/4311/4311 4490/4490/4490 4489/4489/4489
f 4312/4312/4312 4313/4313/4313 4491/4491/4491
f 4312/4312/4312 4491/4491/4491 4490/4490/4490
f 4313/4313/4313 4314/4314/4314 4492/4492/4492
f 4313/4313/4313 4492/4492/4492 4491/4491/4491
f 4314/4314/4314 4315/4315/4315 4493/4493/4493
f 4314/4314/4314 4493/4493/4493 4492/4492/4492
f 4315/4315/4315 4316/4316/4316 4494/4494/4494
f 4315/4315/4315 4494/4494/4494 4493/4493/4493
f 4316/4316/4316 4317/4317/4317 4495/4495/4495
f 4316/4316/4316 4495/4495/4495 4494/4494/4494
f 4317/4317/4317 4318/4318/4318 4496/4496/4496
f 4317/4317/4317 4496/4496/4496 4495/4495/4495
f 4318/4318/4318 4319/4319/4319 4497/4497/4497
f 4318/4318/4318 4497/4497/4497 4496/4496/4496
f 4319/4319/4319 4320/4320/4320 4498/4498/4498
f 4319/4319/4319 4498/4498/4498 4497/4497/4497
f 4320/4320/4320 4321/4321/4321 4499/4499/4499
f 4320/4320/4320 4499/4499/4499 4498/4498/4498
f 4321/4321/4321 4322/4322/4322 4500/4500/4500
f 4321/4321/4321 4500/4500/4500 4499/4499/4499
f 4322/4322/4322 4323/4323/4323 4501/4501/4501
f 4322/4322/4322 4501/4501/4501 4500/4500/4500
f 4323/4323/4323 4324/4324/4324 4502/4502/4502
f 4323/4323/4323 4502/4502/4502 4501/4501/4501
f 4324/4324/4324 4325/4325/4325 4503/4503/4503
f 4324/4324/4324 4503/4503/4503 4502/4502/4502
f 4325/4325/4325 4326/4326/4326 4504/4504/4504
f 4325/4325/4325 4504/4504/4504 4503/4503/4503
f 4326/4326/4326 4327/4327/4327 4505/4505/4505
f 4326/4326/4326 4505/4505/4505 4504/4504/4504
f 4327/4327/4327 4328/4328/4328 4506/4506/4506
f 4327/4327/4327 4506/4506/4506 4505/4505/4505
f 4328/4328/4328 4329/4329/4329 4507/4507/4507
f 4328/4328/4328 4507/4507/4507 4506/4506/4506
f 4329/4329/4329 4330/4330/4330 4508/4508/4508
f 4329/4329/4329 4508/4508/4508 4507/4507/4507
f 4330/4330/4330 4331/4331/4331 4509/4509/4509
f 4330/4330/4330 4509/4509/4509 4508/4508/4508
f 4331/4331/4331 4332/4332/4332 4510/4510/4510
f 4331/4331/4331 4510/4510/4510 4509/4509/4509
f 4332/4332/4332 4333/4333/4333 4511/4511/4511
f 4332/4332/4332 4511/4511/4511 4510/4510/4510
f 4333/4333/4333 4334/4334/4334 4512/4512/4512
f 4333/4333/4333 4512/4512/4512 4511/4511/4511
f 4334/4334/4334 4335/4335/4335 4513/4513/4513
f 4334/4334/4334 4513/4513/4513 4512/4512/4512
f 4335/4335/4335 4336/4336/4336 4514/4514/4514
f 4335/4335/4335 4514/4514/4514 4513/4513/4513
f 4336/4336/4336 4337/4337/4337 4515/4515/4515
f 4336/4336/4336 4515/4515/4515 4514/4514/4514
f 4337/4337/4337 4338/4338/4338 4516/4516/4516
f 4337/4337/4337 4516/4516/4516 4515/4515/4515
f 4338/4338/4338 4339/4339/4339 4517/4517/4517
f 4338/4338/4338 4517/4517/4517 4516/4516/4516
f 4339/4339/4339 4340/4340/4340 4518/4518/4518
f 4339/4339/4339 4518/4518/4518 4517/4517/4517
f 4340/4340/4340 4341/4341/4341 4519/4519/4519
f 4340/4340/4340 4519/4519/4519 4518/4518/4518
f 4341/4341/4341 4342/4342/4342 4520/4520/4520
f 4341/4341/4341 4520/4520/4520 4519/4519/4519
f 4342/4342/4342 4343/4343/4343 4521/4521/4521
f 4342/4342/4342 4521/4521/4521 4520/4520/4520
f 4343/4343/4343 4344/4344/4344 4522/4522/4522
f 4343/4343/4343 4522/4522/4522 4521/4521/4521
f 4344/4344/4344 4345/4345/4345 4523/4523/4523
f 4344/4344/4344 4523/4523/4523 4522/4522/4522
f 4345/4345/4345 4346/4346/4346 4524/4524/4524
f 4345/4345/4345 4524/4524/4524 4523/4523/4523
f 4346/4346/4346 4347/4347/4347 4525/4525/4525
f 4346/4346/4346 4525/4525/4525 4524/4524/4524
f 4347/4347/4347 4348/4348/4348 4526/4526/4526
f 4347/4347/4347 4526/4526/4526 4525/4525/4525
f 4348/4348/4348 4349/4349/4349 4527/4527/4527
f 4348/4348/4348 4527/4527/4527 4526/4526/4526
f 4349/4349/4349 4350/4350/4350 4528/4528/4528
f 4349/4349/4349 4528/4528/4528 4527/4527/4527
f 4350/4350/4350 4351/4351/4351 4529/4529/4529
f 4350/4350/4350 4529/4529/4529 4528/4528/4528
f 4351/4351/4351 4352/4352/4352 4530/4530/4530
f 4351/4351/4351 4530/4530/4530 4529/4529/4529
f 4352/4352/4352 4353/4353/4353 4531/4531/4531
f 4352/4352/4352 4531/4531/4531 4530/4530/4530
f 4353/4353/4353 4354/4354/4354 4532/4532/4532
f 4353/4353/4353 4532/4532/4532 4531/4531/4531
f 4354/4354/4354 4355/4355/4355 4533/4533/4533
f 4354/4354/4354 4533/4533/4533 4532/4532/4532
f 4355/4355/4355 4356/4356/4356 4534/4534/4534
f 4355/4355/4355 4534/4534/4534 4533/4533/4533
f 4356/4356/4356 4357/4357/4357 4535/4535/4535
f 4356/4356/4356 4535/4535/4535 4534/4534/4534
f 4357/4357/4357 4358/4358/4358 4536/4536/4536
f 4357/4357/4357 4536/4536/4536 4535/4535/4535
f 4358/4358/4358 4359/4359/4359 4537/4537/4537
f 4358/4358/4358 4537/4537/4537 4536/4536/4536
f 4359/4359/4359 4360/4360/4360 4538/4538/4538
f 4359/4359/4359 4538/4538/4538 4537/4537/4537
f 4360/4360/4360 4361/4361/4361 4539/4539/4539
f 4360/4360/4360 4539/4539/4539 4538/4538/4538
f 4361/4361/4361 4362/4362/4362 4540/4540/4540
f 4361/4361/4361 4540/4540/4540 4539/4539/4539
f 4362/4362/4362 4363/4363/4363 4541/4541/4541
f 4362/4362/4362 4541/4541/4541 4540/4540/4540
f 4363/4363/4363 4364/4364/4364 4542/4542/4542
f 4363/4363/4363 4542/4542/4542 4541/4541/4541
f 4364/4364/4364 4365/4365/4365 4543/4543/4543
f 4364/4364/4364 4543/4543/4543 4542/4542/4542
f 4365/4365/4365 4366/4366/4366 4544/4544/4544
f 4365/4365/4365 4544/4544/4544 4543/4543/4543
f 4366/4366/4366 4367/4367/4367 4545/4545/4545
f 4366/4366/4366 4545/4545/4545 4544/4544/4544
f 4367/4367/4367 4368/4368/4368 4546/4546/4546
f 4367/4367/4367 4546/4546/4546 4545/4545/4545
f 4368/4368/4368 4369/4369/4369 4547/4547/4547
f 4368/4368/4368 4547/4547/4547 4546/4546/4546
f 4369/4369/4369 4370/4370/4370 4548/4548/4548
f 4369/4369/4369 4548/4548/4548 4547/4547/4547
f 4370/4370/4370 4371/4371/4371 4549/4549/4549
f 4370/4370/4370 4549/4549/4549 4548/4548/4548
f 4371/4371/4371 4372/4372/4372 4550/4550/4550
f 4371/4371/4371 4550/4550/4550 4549/4549/4549
f 4372/4372/4372 4373/4373/4373 4551/4551/4551
f 4372/4372/4372 4551/4551/4551 4550/4550/4550
f 4373/4373/4373 4374/4374/4374 4552/4552/4552
f 4373/4373/4373 4552/4552/4552 4551/4551/4551
f 4374/4374/4374 4375/4375/4375 4553/4553/4553
f 4374/4374/4374 4553/4553/4553 4552/4552/4552
f 4375/4375/4375 4376/4376/4376 4554/4554/4554
f 4375/4375/4375 4554/4554/4554 4553/4553/4553
f 4376/4376/4376 4377/4377/4377 4555/4555/4555
f 4376/4376/4376 4555/4555/4555 4554/4554/4554
f 4377/4377/4377 4378/4378/4378 4556/4556/4556
f 4377/4377/4377 4556/4556/4556 4555/4555/4555
f 4378/4378/4378 4379/4379/4379 4557/4557/4557
f 4378/4378/4378 4557/4557/4557 4556/4556/4556
f 4379/4379/4379 4380/4380/4380 4558/4558/4558
f 4379/4379/4379 4558/4558/4558 4557/4557/4557
f 4380/4380/4380 4381/4381/4381 4559/4559/4559
f 4380/4380/4380 4559/4559/4559 4558/4558/4558
f 4381/4381/4381 4382/4382/4382 4560/4560/4560
f 4381/4381/4381 4560/4560/4560 4559/4559/4559
f 4382/4382/4382 4383/4383/4383 4561/4561/4561
f 4382/4382/4382 4561/4561/4561 4560/4560/4560
f 4383/4383/4383 4384/4384/4384 4562/4562/4562
f 4383/4383/4383 4562/4562/4562 4561/4561/4561
f 4384/4384/4384 4385/4385/4385 4563/4563/4563
f 4384/4384/4384 4563/4563/4563 4562/4562/4562
f 4385/4385/4385 4386/4386/4386 4564/4564/4564
f 4385/4385/4385 4564/4564/4564 4563/4563/4563
f 4386/4386/4386 4387/4387/4387 4565/4565/4565
f 4386/4386/4386 4565/4565/4565 4564/4564/4564
f 4387/4387/4387 4388/4388/4388 4566/4566/4566
f 4387/4387/4387 4566/4566/4566 4565/4565/4565
f 4388/4388/4388 4389/4389/4389 4567/4567/4567
f 4388/4388/4388 4567/4567/4567 4566/4566/4566
f 4389/4389/4389 4390/4390/4390 4568/4568/4568
f 4389/4389/4389 4568/4568/4568 4567/4567/4567
f 4390/4390/4390 4391/4391/4391 4569/4569/4569
f 4390/4390/4390 4569/4569/4569 4568/4568/4568
f 4391/4391/4391 4392/4392/4392 4570/4570/4570
f 4391/4391/4391 4570/4570/4570 4569/4569/4569
f 4392/4392/4392 4393/4393/4393 4571/4571/4571
f 4392/4392/4392 4571/4571/4571 4570/4570/4570
f 4393/4393/4393 4394/4394/4394 4572/4572/4572
f 4393/4393/4393 4572/4572/4572 4571/4571/4571
f 4394/4394/4394 4395/4395/4395 4573/4573/4573
f 4394/4394/4394 4573/4573/4573 4572/4572/4572
f 4395/4395/4395 4396/4396/4396 4574/4574/4574
f 4395/4395/4395 4574/4574/4574 4573/4573/4573
f 4396/4396/4396 4397/4397/4397 4575/4575/4575
f 4396/4396/4396 4575/4575/4575 4574/4574/4574
f 4397/4397/4397 4398/4398/4398 4576/4576/4576
f 4397/4397/4397 4576/4576/4576 4575/4575/4575
f 4398/4398/4398 4399/4399/4399 4577/4577/4577
f 4398/4398/4398 4577/4577/4577 4576/4576/4576
f 4399/4399/4399 4400/4400/4400 4578/4578/4578
f 4399/4399/4399 4578/4578/4578 4577/4577/4577
f 4400/4400/4400 4401/4401/4401 4579/4579/4579
f 4400/4400/4400 4579/4579/4579 4578/4578/4578
f 4401/4401/4401 4402/4402/4402 4580/4580/4580
f 4401/4401/4401 4580/4580/4580 4579/4579/4579
f 4402/4402/4402 4403/4403/4403 4581/4581/4581
f 4402/4402/4402 4581/4581/4581 4580/4580/4580
f 4403/4403/4403 4404/4404/4404 4582/4582/4582
f 4403/4403/4403 4582/4582/4582 4581/4581/4581
f 4404/4404/4404 4405/4405/4405 4583/4583/4583
f 4404/4404/4404 4583/4583/4583 4582/4582/4582
f 4405/4405/4405 4406/4406/4406 4584/4584/4584
f 4405/4405/4405 4584/4584/4584 4583/4583/4583
f 4406/4406/4406 4407/4407/4407 4585/4585/4585
f 4406/4406/4406 4585/4585/4585 4584/4584/4584
f 4407/4407/4407 4408/4408/4408 4586/4586/4586
f 4407/4407/4407 4586/4586/4586 4585/4585/4585
f 4408/4408/4408 4409/4409/4409 4587/4587/4587
f 4408/4408/4408 4587/4587/4587 4586/4586/4586
f 4409/4409/4409 4410/4410/4410 4588/4588/4588
f 4409/4409/4409 4588/4588/4588 4587/4587/4587
f 4410/4410/4410 4411/4411/4411 4589/4589/4589
f 4410/4410/4410 4589/4589/4589 4588/4588/4588
f 4411/4411/4411 4412/4412/4412 4590/4590/4590
f 4411/4411/4411 4590/4590/4590 4589/4589/4589
f 4412/4412/4412 4413/4413/4413 4591/4591/4591
f 4412/4412/4412 4591/4591/4591 4590/4590/4590
f 4413/4413/4413 4414/4414/4414 4592/4592/4592
f 4413/4413/4413 4592/4592/4592 4591/4591/4591
f 4414/4414/4414 4415/4415/4415 4593/4593/4593
f 4414/4414/4414 4593/4593/4593 4592/4592/4592
f 4415/4415/4415 4416/4416/4416 4594/4594/4594
f 4415/4415/4415 4594/4594/4594 4593/4593/4593
f 4416/4416/4416 4417/4417/4417 4595/4595/4595
f 4416/4416/4416 4595/4595/4595 4594/4594/4594
f 4417/4417/4417 4418/4418/4418 4596/4596/4596
f 4417/4417/4417 4596/4596/4596 4595/4595/4595
f 4418/4418/4418 4419/4419/4419 4597/4597/4597
f 4418/4418/4418 4597/4597/4597 4596/4596/4596
f 4419/4419/4419 4420/4420/4420 4598/4598/4598
f 4419/4419/4419 4598/4598/4598 4597/4597/4597
f 4420/4420/4420 4421/4421/4421 4599/4599/4599
f 4420/4420/4420 4599/4599/4599 4598/4598/4598
f 4421/4421/4421 4422/4422/4422 4600/4600/4600
f 4421/4421/4421 4600/4600/4600 4599/4599/4599
f 4422/4422/4422 4423/4423/4423 4601/4601/4601
f 4422/4422/4422 4601/4601/4601 4600/4600/4600
f 4423/4423/4423 4424/4424/4424 4602/4602/4602
f 4423/4423/4423 4602/4602/4602 4601/4601/4601
f 4424/4424/4424 4425/4425/4425 4603/4603/4603
f 4424/4424/4424 4603/4603/4603 4602/4602/4602
f 4425/4425/4425 4426/4426/4426 4604/4604/4604
f 4425/4425/4425 4604/4604/4604 4603/4603/4603
f 4426/4426/4426 4427/4427/4427 4605/4605/4605
f 4426/4426/4426 4605/4605/4605 4604/4604/4604
f 4427/4427/4427 4428/4428/4428 4606/4606/4606
f 4427/4427/4427 4606/4606/4606 4605/4605/4605
f 4428/4428/4428 4429/4429/4429 4607/4607/4607
f 4428/4428/4428 4607/4607/4607 4606/4606/4606
f 4429/4429/4429 4430/4430/4430 4608/4608/4608
f 4429/4429/4429 4608/4608/4608 4607/4607/4607
f 4430/4430/4430 4431/4431/4431 4609/4609/4609
f 4430/4430/4430 4609/4609/4609 4608/4608/4608
f 4431/4431/4431 4432/4432/4432 4610/4610/4610
f 4431/4431/4431 4610/4610/4610 4609/4609/4609
f 4432/4432/4432 4433/4433/4433 4611/4611/4611
f 4432/4432/4432 4611/4611/4611 4610/4610/4610
f 4433/4433/4433 4434/4434/4434 4612/4612/4612
f 4433/4433/4433 4612/4612/4612 4611/4611/4611
f 4434/4434/4434 4435/4435/4435 4613/4613/4613
f 4434/4434/4434 4613/4613/4613 4612/4612/4612
f 4435/4435/4435 4436/4436/4436 4614/4614/4614
f 4435/4435/4435 4614/4614/4614 4613/4613/4613
f 4436/4436/4436 4437/4437/4437 4615/4615/4615
f 4436/4436/4436 4615/4615/4615 4614/4614/4614
f 4437/4437/4437 4438/4438/4438 4616/4616/4616
f 4437/4437/4437 4616/4616/4616 4615/4615/4615
f 4438/4438/4438 4439/4439/4439 4617/4617/4617
f 4438/4438/4438 4617/4617/4617 4616/4616/4616
f 4439/4439/4439 4440/4440/4440 4618/4618/4618
f 4439/4439/4439 4618/4618/4618 4617/4617/4617
f 4440/4440/4440 4441/4441/4441 4619/4619/4619
f 4440/4440/4440 4619/4619/4619 4618/4618/4618
f 4441/4441/4441 4442/4442/4442 4620/4620/4620
f 4441/4441/4441 4620/4620/4620 4619/4619/4619
f 4442/4442/4442 4443/4443/4443 4621/4621/4621
f 4442/4442/4442 4621/4621/4621 4620/4620/4620
f 4443/4443/4443 4444/4444/4444 4622/4622/4622
f 4443/4443/4443 4622/4622/4622 4621/4621/4621
f 4444/4444/4444 4445/4445/4445 4623/4623/4623
f 4444/4444/4444 4623/4623/4623 4622/4622/4622
f 4445/4445/4445 4446/4446/4446 4624/4624/4624
f 4445/4445/4445 4624/4624/4624 4623/4623/4623
f 4446/4446/4446 4447/4447/4447 4625/4625/4625
f 4446/4446/4446 4625/4625/4625 4624/4624/4624
f 4447/4447/4447 4448/4448/4448 4626/4626/4626
f 4447/4447/4447 4626/4626/4626 4625/4625/4625
f 4448/4448/4448 4449/4449/4449 4627/4627/4627
f 4448/4448/4448 4627/4627/4627 4626/4626/4626
f 4449/4449/4449 4450/4450/4450 4628/4628/4628
f 4449/4449/4449 4628/4628/4628 4627/4627/4627
f 4450/4450/4450 4273/4273/4273 4451/4451/4451
f 4450/4450/4450 4451/4451/4451 4628/4628/4628
f 4451/4451/4451 4452/4452/4452 4630/4630/4630
f 4451/4451/4451 4630/4630/4630 4629/4629/4629
f 4452/4452/4452 4453/4453/4453 4631/4631/4631
f 4452/4452/4452 4631/4631/4631 4630/4630/4630
f 4453/4453/4453 4454/4454/4454 4632/4632/4632
f 4453/4453/4453 4632/4632/4632 4631/4631/4631
f 4454/4454/4454 4455/4455/4455 4633/4633/4633
f 4454/4454/4454 4633/4633/4633 4632/4632/4632
f 4455/4455/4455 4456/4456/4456 4634/4634/4634
f 4455/4455/4455 4634/4634/4634 4633/4633/4633
f 4456/4456/4456 4457/4457/4457 4635/4635/4635
f 4456/4456/4456 4635/4635/4635 4634/4634/4634
f 4457/4457/4457 4458/4458/4458 4636/4636/4636
f 4457/4457/4457 4636/4636/4636 4635/4635/4635
f 4458/4458/4458 4459/4459/4459 4637/4637/4637
f 4458/4458/4458 4637/4637/4637 4636/4636/4636
f 4459/4459/4459 4460/4460/4460 4638/4638/4638
f 4459/4459/4459 4638/4638/4638 4637/4637/4637
f 4460/4460/4460 4461/4461/4461 4639/4639/4639
f 4460/4460/4460 4639/4639/4639 4638/4638/4638
f 4461/4461/4461 4462/4462/4462 4640/4640/4640
f 4461/4461/4461 4640/4640/4640 4639/4639/4639
f 4462/4462/4462 4463/4463/4463 4641/4641/4641
f 4462/4462/4462 4641/4641/4641 4640/4640/4640
f 4463/4463/4463 4464/4464/4464 4642/4642/4642
f 4463/4463/4463 4642/4642/4642 4641/4641/4641
f 4464/4464/4464 4465/4465/4465 4643/4643/4643
f 4464/4464/4464 4643/4643/4643 4642/4642/4642
f 4465/4465/4465 4466/4466/4466 4644/4644/4644
f 4465/4465/4465 4644/4644/4644 4643/4643/4643
f 4466/4466/4466 4467/4467/4467 4645/4645/4645
f 4466/4466/4466 4645/4645/4645 4644/4644/4644
f 4467/4467/4467 4468/4468/4468 4646/4646/4646
f 4467/4467/4467 4646/4646/4646 4645/4645/4645
f 4468/4468/4468 4469/4469/4469 4647/4647/4647
f 4468/4468/4468 4647/4647/4647 4646/4646/4646
f 4469/4469/4469 4470/4470/4470 4648/4648/4648
f 4469/4469/4469 4648/4648/4648 4647/4647/4647
f 4470/4470/4470 4471/4471/4471 4649/4649/4649
f 4470/4470/4470 4649/4649/4649 4648/4648/4648
f 4471/4471/4471 4472/4472/4472 4650/4650/4650
f 4471/4471/4471 4650/4650/4650 4649/4649/4649
f 4472/4472/4472 4473/4473/4473 4651/4651/4651
f 4472/4472/4472 4651/4651/4651 4650/4650/4650
f 4473/4473/4473 4474/4474/4474 4652/4652/4652
f 4473/4473/4473 4652/4652/4652 4651/4651/4651
f 4474/4474/4474 4475/4475/4475 4653/4653/4653
f 4474/4474/4474 4653/4653/4653 4652/4652/4652
f 4475/4475/4475 4476/4476/4476 4654/4654/4654
f 4475/4475/4475 4654/4654/4654 4653/4653/4653
f 4476/4476/4476 4477/4477/4477 4655/4655/4655
f 4476/4476/4476 4655/4655/4655 4654/4654/4654
f 4477/4477/4477 4478/4478/4478 4656/4656/4656
f 4477/4477/4477 4656/4656/4656 4655/4655/4655
f 4478/4478/4478 4479/4479/4479 4657/4657/4657
f 4478/4478/4478 4657/4657/4657 4656/4656/4656
f 4479/4479/4479 4480/4480/4480 4658/4658/4658
f 4479/4479/4479 4658/4658/4658 4657/4657/4657
f 4480/4480/4480 4481/4481/4481 4659/4659/4659
f 4480/4480/4480 4659/4659/4659 4658/4658/4658
f 4481/4481/4481 4482/4482/4482 4660/4660/4660
f 4481/4481/4481 4660/4660/4660 4659/4659/4659
f 4482/4482/4482 4483/4483/4483 4661/4661/4661
f 4482/4482/4482 4661/4661/4661 4660/4660/4660
f 4483/4483/4483 4484/4484/4484 4662/4662/4662
f 4483/4483/4483 4662/4662/4662 4661/4661/4661
f 4484/4484/4484 4485/4485/4485 4663/4663/4663
f 4484/4484/4484 4663/4663/4663 4662/4662/4662
f 4485/4485/4485 4486/4486/4486 4664/4664/4664
f 4485/4485/4485 4664/4664/4664 4663/4663/4663
f 4486/4486/4486 4487/4487/4487 4665/4665/4665
f 4486/4486/4486 4665/4665/4665 4664/4664/4664
f 4487/4487/4487 4488/4488/4488 4666/4666/4666
f 4487/4487/4487 4666/4666/4666 4665/4665/4665
f 4488/4488/4488 4489/4489/4489 4667/4667/4667
f 4488/4488/4488 4667/4667/4667 4666/4666/4666
f 4489/4489/4489 4490/4490/4490 4668/4668/4668
f 4489/4489/4489 4668/4668/4668 4667/4667/4667
f 4490/4490/4490 4491/4491/4491 4669/4669/4669
f 4490/4490/4490 4669/4669/4669 4668/4668/4668
f 4491/4491/4491 4492/4492/4492 4670/4670/4670
f 4491/4491/4491 4670/4670/4670 4669/4669/4669
f 4492/4492/4492 4493/4493/4493 4671/4671/4671
f 4492/4492/4492 4671/4671/4671 4670/4670/4670
f 4493/4493/4493 4494/4494/4494 4672/4672/4672
f 4493/4493/4493 4672/4672/4672 4671/4671/4671
f 4494/4494/4494 4495/4495/4495 4673/4673/4673
f 4494/4494/4494 4673/4673/4673 4672/4672/4672
f 4495/4495/4495 4496/4496/4496 4674/4674/4674
f 4495/4495/4495 4674/4674/4674 4673/4673/4673
f 4496/4496/4496 4497/4497/4497 4675/4675/4675
f 4496/4496/4496 4675/4675/4675 4674/4674/4674
f 4497/4497/4497 4498/4498/4498 4676/4676/4676
f 4497/4497/4497 4676/4676/4676 4675/4675/4675
f 4498/4498/4498 4499/4499/4499 4677/4677/4677
f 4498/4498/4498 4677/4677/4677 4676/4676/4676
f 4499/4499/4499 4500/4500/4500 4678/4678/4678
f 4499/4499/4499 4678/4678/4678 4677/4677/4677
f 4500/4500/4500 4501/4501/4501 4679/4679/4679
f 4500/4500/4500 4679/4679/4679 4678/4678/4678
f 4501/4501/4501 4502/4502/4502 4680/4680/4680
f 4501/4501/4501 4680/4680/4680 4679/4679/4679
f 4502/4502/4502 4503/4503/4503 4681/4681/4681
f 4502/4502/4502 4681/4681/4681 4680/4680/4680
f 4503/4503/4503 4504/4504/4504 4682/4682/4682
f 4503/4503/4503 4682/4682/4682 4681/4681/4681
f 4504/4504/4504 4505/4505/4505 4683/4683/4683
f 4504/4504/4504 4683/4683/4683 4682/4682/4682
f 4505/4505/4505 4506/4506/4506 4684/4684/4684
f 4505/4505/4505 4684/4684/4684 4683/4683/4683
f 4506/4506/4506 4507/4507/4507 4685/4685/4685
f 4506/4506/4506 4685/4685/4685 4684/4684/4684
f 4507/4507/4507 4508/4508/4508 4686/4686/4686
f 4507/4507/4507 4686/4686/4686 4685/4685/4685
f 4508/4508/4508 4509/4509/4509 4687/4687/4687
f 4508/4508/4508 4687/4687/4687 4686/4686/4686
f 4509/4509/4509 4510/4510/4510 4688/4688/4688
f 4509/4509/4509 4688/4688/4688 4687/4687/4687
f 4510/4510/4510 4511/4511/4511 4689/4689/4689
f 4510/4510/4510 4689/4689/4689 4688/4688/4688
f 4511/4511/4511 4512/4512/4512 4690/4690/4690
f 4511/4511/4511 4690/4690/4690 4689/4689/4689
f 4512/4512/4512 4513/4513/4513 4691/4691/4691
f 4512/4512/4512 4691/4691/4691 4690/4690/4690
f 4513/4513/4513 4514/4514/4514 4692/4692/4692
f 4513/4513/4513 4692/4692/4692 4691/4691/4691
f 4514/4514/4514 4515/4515/4515 4693/4693/4693
f 4514/4514/4514 4693/4693/4693 4692/4692/4692
f 4515/4515/4515 4516/4516/4516 4694/4694/4694
f 4515/4515/4515 4694/4694/4694 4693/4693/4693
f 4516/4516/4516 4517/4517/4517 4695/4695/4695
f 4516/4516/4516 4695/4695/4695 4694/4694/4694
f 4517/4517/4517 4518/4518/4518 4696/4696/4696
f 4517/4517/4517 4696/4696/4696 4695/4695/4695
f 4518/4518/4518 4519/4519/4519 4697/4697/4697
f 4518/4518/4518 4697/4697/4697 4696/4696/4696
f 4519/4519/4519 4520/4520/4520 4698/4698/4698
f 4519/4519/4519 4698/4698/4698 4697/4697/4697
f 4520/4520/4520 4521/4521/4521 4699/4699/4699
f 4520/4520/4520 4699/4699/4699 4698/4698/4698
f 4521/4521/4521 4522/4522/4522 4700/4700/4700
f 4521/4521/4521 4700/4700/4700 4699/4699/4699
f 4522/4522/4522 4523/4523/4523 4701/4701/4701
f 4522/4522/4522 4701/4701/4701 4700/4700/4700
f 4523/4523/4523 4524/4524/4524 4702/4702/4702
f 4523/4523/4523 4702/4702/4702 4701/4701/4701
f 4524/4524/4524 4525/4525/4525 4703/4703/4703
f 4524/4524/4524 4703/4703/4703 4702/4702/4702
f 4525/4525/4525 4526/4526/4526 4704/4704/4704
f 4525/4525/4525 4704/4704/4704 4703/4703/4703
f 4526/4526/4526 4527/4527/4527 4705/4705/4705
f 4526/4526/4526 4705/4705/4705 4704/4704/4704
f 4527/4527/4527 4528/4528/4528 4706/4706/4706
f 4527/4527/4527 4706/4706/4706 4705/4705/4705
f 4528/4528/4528 4529/4529/4529 4707/4707/4707
f 4528/4528/4528 4707/4707/4707 4706/4706/4706
f 4529/4529/4529 4530/4530/4530 4708/4708/4708
f 4529/4529/4529 4708/4708/4708 4707/4707/4707
f 4530/4530/4530 4531/4531/4531 4709/4709/4709
f 4530/4530/4530 4709/4709/4709 4708/4708/4708
f 4531/4531/4531 4532/4532/4532 4710/4710/4710
f 4531/4531/4531 4710/4710/4710 4709/4709/4709
f 4532/4532/4532 4533/4533/4533 4711/4711/4711
f 4532/4532/4532 4711/4711/4711 4710/4710/4710
f 4533/4533/4533 4534/4534/4534 4712/4712/4712
f 4533/4533/4533 4712/4712/4712 4711/4711/4711
f 4534/4534/4534 4535/4535/4535 4713/4713/4713
f 4534/4534/4534 4713/4713/4713 4712/4712/4712
f 4535/4535/4535 4536/4536/4536 4714/4714/4714
f 4535/4535/4535 4714/4714/4714 4713/4713/4713
f 4536/4536/4536 4537/4537/4537 4715/4715/4715
f 4536/4536/4536 4715/4715/4715 4714/4714/4714
f 4537/4537/4537 4538/4538/4538 4716/4716/4716
f 4537/4537/4537 4716/4716/4716 4715/4715/4715
f 4538/4538/4538 4539/4539/4539 4717/4717/4717
f 4538/4538/4538 4717/4717/4717 4716/4716/4716
f 4539/4539/4539 4540/4540/4540 4718/4718/4718
f 4539/4539/4539 4718/4718/4718 4717/4717/4717
f 4540/4540/4540 4541/4541/4541 4719/4719/4719
f 4540/4540/4540 4719/4719/4719 4718/4718/4718
f 4541/4541/4541 4542/4542/4542 4720/4720/4720
f 4541/4541/4541 4720/4720/4720 4719/4719/4719
f 4542/4542/4542 4543/4543/4543 4721/4721/4721
f 4542/4542/4542 4721/4721/4721 4720/4720/4720
f 4543/4543/4543 4544/4544/4544 4722/4722/4722
f 4543/4543/4543 4722/4722/4722 4721/4721/4721
f 4544/4544/4544 4545/4545/4545 4723/4723/4723
f 4544/4544/4544 4723/4723/4723 4722/4722/4722
f 4545/4545/4545 4546/4546/4546 4724/4724/4724
f 4545/4545/4545 4724/4724/4724 4723/4723/4723
f 4546/4546/4546 4547/4547/4547 4725/4725/4725
f 4546/4546/4546 4725/4725/4725 4724/4724/4724
f 4547/4547/4547 4548/4548/4548 4726/4726/4726
f 4547/4547/4547 4726/4726/4726 4725/4725/4725
f 4548/4548/4548 4549/4549/4549 4727/4727/4727
f 4548/4548/4548 4727/4727/4727 4726/4726/4726
f 4549/4549/4549 4550/4550/4550 4728/4728/4728
f 4549/4549/4549 4728/4728/4728 4727/4727/4727
f 4550/4550/4550 4551/4551/4551 4729/4729/4729
f 4550/4550/4550 4729/4729/4729 4728/4728/4728
f 4551/4551/4551 4552/4552/4552 4730/4730/4730
f 4551/4551/4551 4730/4730/4730 4729/4729/4729
f 4552/4552/4552 4553/4553/4553 4731/4731/4731
f 4552/4552/4552 4731/4731/4731 4730/4730/4730
f 4553/4553/4553 4554/4554/4554 4732/4732/4732
f 4553/4553/4553 4732/4732/4732 4731/4731/4731
f 4554/4554/4554 4555/4555/4555 4733/4733/4733
f 4554/4554/4554 4733/4733/4733 4732/4732/4732
f 4555/4555/4555 4556/4556/4556 4734/4734/4734
f 4555/4555/4555 4734/4734/4734 4733/4733/4733
f 4556/4556/4556 4557/4557/4557 4735/4735/4735
f 4556/4556/4556 4735/4735/4735 4734/4734/4734
f 4557/4557/4557 4558/4558/4558 4736/4736/4736
f 4557/4557/4557 4736/4736/4736 4735/4735/4735
f 4558/4558/4558 4559/4559/4559 4737/4737/4737
f 4558/4558/4558 4737/4737/4737 4736/4736/4736
f 4559/4559/4559 4560/4560/4560 4738/4738/4738
f 4559/4559/4559 4738/4738/4738 4737/4737/4737
f 4560/4560/4560 4561/4561/4561 4739/4739/4739
f 4560/4560/4560 4739/4739/4739 4738/4738/4738
f 4561/4561/4561 4562/4562/4562 4740/4740/4740
f 4561/4561/4561 4740/4740/4740 4739/4739/4739
f 4562/4562/4562 4563/4563/4563 4741/4741/4741
f 4562/4562/4562 4741/4741/4741 4740/4740/4740
f 4563/4563/4563 4564/4564/4564 4742/4742/4742
f 4563/4563/4563 4742/4742/4742 4741/4741/4741
f 4564/4564/4564 4565/4565/4565 4743/4743/4743
f 4564/4564/4564 4743/4743/4743 4742/4742/4742
f 4565/4565/4565 4566/4566/4566 4744/4744/4744
f 4565/4565/4565 4744/4744/4744 4743/4743/4743
f 4566/4566/4566 4567/4567/4567 4745/4745/4745
f 4566/4566/4566 4745/4745/4745 4744/4744/4744
f 4567/4567/4567 4568/4568/4568 4746/4746/4746
f 4567/4567/4567 4746/4746/4746 4745/4745/4745
f 4568/4568/4568 4569/4569/4569 4747/4747/4747
f 4568/4568/4568 4747/4747/4747 4746/4746/4746
f 4569/4569/4569 4570/4570/4570 4748/4748/4748
f 4569/4569/4569 4748/4748/4748 4747/4747/4747
f 4570/4570/4570 4571/4571/4571 4749/4749/4749
f 4570/4570/4570 4749/4749/4749 4748/4748/4748
f 4571/4571/4571 4572/4572/4572 4750/4750/4750
f 4571/4571/4571 4750/4750/4750 4749/4749/4749
f 4572/4572/4572 4573/4573/4573 4751/4751/4751
f 4572/4572/4572 4751/4751/4751 4750/4750/4750
f 4573/4573/4573 4574/4574/4574 4752/4752/4752
f 4573/4573/4573 4752/4752/4752 4751/4751/4751
f 4574/4574/4574 4575/4575/4575 4753/4753/4753
f 4574/4574/4574 4753/4753/4753 4752/4752/4752
f 4575/4575/4575 4576/4576/4576 4754/4754/4754
f 4575/4575/4575 4754/4754/4754 4753/4753/4753
f 4576/4576/4576 4577/4577/4577 4755/4755/4755
f 4576/4576/4576 4755/4755/4755 4754/4754/4754
f 4577/4577/4577 4578/4578/4578 4756/4756/4756
f 4577/4577/4577 4756/4756/4756 4755/4755/4755
f 4578/4578/4578 4579/4579/4579 4757/4757/4757
f 4578/4578/4578 4757/4757/4757 4756/4756/4756
f 4579/4579/4579 4580/4580/4580 4758/4758/4758
f 4579/4579/4579 4758/4758/4758 4757/4757/4757
f 4580/4580/4580 4581/4581/4581 4759/4759/4759
f 4580/4580/4580 4759/4759/4759 4758/4758/4758
f 4581/4581/4581 4582/4582/4582 4760/4760/4760
f 4581/4581/4581 4760/4760/4760 4759/4759/4759
f 4582/4582/4582 4583/4583/4583 4761/4761/4761
f 4582/4582/4582 4761/4761/4761 4760/4760/4760
f 4583/4583/4583 4584/4584/4584 4762/4762/4762
f 4583/4583/4583 4762/4762/4762 4761/4761/4761
f 4584/4584/4584 4585/4585/4585 4763/4763/4763
f 4584/4584/4584 4763/4763/4763 4762/4762/4762
f 4585/4585/4585 4586/4586/4586 4764/4764/4764
f 4585/4585/4585 4764/4764/4764 4763/4763/4763
f 4586/4586/4586 4587/4587/4587 4765/4765/4765
f 4586/4586/4586 4765/4765/4765 4764/4764/4764
f 4587/4587/4587 4588/4588/4588 4766/4766/4766
f 4587/4587/4587 4766/4766/4766 4765/4765/4765
f 4588/4588/4588 4589/4589/4589 4767/4767/4767
f 4588/4588/4588 4767/4767/4767 4766/4766/4766
f 4589/4589/4589 4590/4590/4590 4768/4768/4768
f 4589/4589/4589 4768/4768/4768 4767/4767/4767
f 4590/4590/4590 4591/4591/4591 4769/4769/4769
f 4590/4590/4590 4769/4769/4769 4768/4768/4768
f 4591/4591/4591 4592/4592/4592 4770/4770/4770
f 4591/4591/4591 4770/4770/4770 4769/4769/4769
f 4592/4592/4592 4593/4593/4593 4771/4771/4771
f 4592/4592/4592 4771/4771/4771 4770/4770/4770
f 4593/4593/4593 4594/4594/4594 4772/4772/4772
f 4593/4593/4593 4772/4772/4772 4771/4771/4771
f 4594/4594/4594 4595/4595/4595 4773/4773/4773
f 4594/4594/4594 4773/4773/4773 4772/4772/4772
f 4595/4595/4595 4596/4596/4596 4774/4774/4774
f 4595/4595/4595 4774/4774/4774 4773/4773/4773
f 4596/4596/4596 4597/4597/4597 4775/4775/4775
f 4596/4596/4596 4775/4775/4775 4774/4774/4774
f 4597/4597/4597 4598/4598/4598 4776/4776/4776
f 4597/4597/4597 4776/4776/4776 4775/4775/4775
f 4598/4598/4598 4599/4599/4599 4777/4777/4777
f 4598/4598/4598 4777/4777/4777 4776/4776/4776
f 4599/4599/4599 4600/4600/4600 4778/4778/4778
f 4599/4599/4599 4778/4778/4778 4777/4777/4777
f 4600/4600/4600 4601/4601/4601 4779/4779/4779
f 4600/4600/4600 4779/4779/4779 4778/4778/4778
f 4601/4601/4601 4602/4602/4602 4780/4780/4780
f 4601/4601/4601 4780/4780/4780 4779/4779/4779
f 4602/4602/4602 4603/4603/4603 4781/4781/4781
f 4602/4602/4602 4781/4781/4781 4780/4780/4780
f 4603/4603/4603 4604/4604/4604 4782/4782/4782
f 4603/4603/4603 4782/4782/4782 4781/4781/4781
f 4604/4604/4604 4605/4605/4605 4783/4783/4783
f 4604/4604/4604 4783/4783/4783 4782/4782/4782
f 4605/4605/4605 4606/4606/4606 4784/4784/4784
f 4605/4605/4605 4784/4784/4784 4783/4783/4783
f 4606/4606/4606 4607/4607/4607 4785/4785/4785
f 4606/4606/4606 4785/4785/4785 4784/4784/4784
f 4607/4607/4607 4608/4608/4608 4786/4786/4786
f 4607/4607/4607 4786/4786/4786 4785/4785/4785
f 4608/4608/4608 4609/4609/4609 4787/4787/4787
f 4608/4608/4608 4787/4787/4787 4786/4786/4786
f 4609/4609/4609 4610/4610/4610 4788/4788/4788
f 4609/4609/4609 4788/4788/4788 4787/4787/4787
f 4610/4610/4610 4611/4611/4611 4789/4789/4789
f 4610/4610/4610 4789/4789/4789 4788/4788/4788
f 4611/4611/4611 4612/4612/4612 4790/4790/4790
f 4611/4611/4611 4790/4790/4790 4789/4789/4789
f 4612/4612/4612 4613/4613/4613 4791/4791/4791
f 4612/4612/4612 4791/4791/4791 4790/4790/4790
f 4613/4613/4613 4614/4614/4614 4792/4792/4792
f 4613/4613/4613 4792/4792/4792 4791/4791/4791
f 4614/4614/4614 4615/4615/4615 4793/4793/4793
f 4614/4614/4614 4793/4793/4793 4792/4792/4792
f 4615/4615/4615 4616/4616/4616 4794/4794/4794
f 4615/4615/4615 4794/4794/4794 4793/4793/4793
f 4616/4616/4616 4617/4617/4617 4795/4795/4795
f 4616/4616/4616 4795/4795/4795 4794/4794/4794
f 4617/4617/4617 4618/4618/4618 4796/4796/4796
f 4617/4617/4617 4796/4796/4796 4795/4795/4795
f 4618/4618/4618 4619/4619/4619 4797/4797/4797
f 4618/4618/4618 4797/4797/4797 4796/4796/4796
f 4619/4619/4619 4620/4620/4620 4798/4798/4798
f 4619/4619/4619 4798/4798/4798 4797/4797/4797
f 4620/4620/4620 4621/4621/4621 4799/4799/4799
f 4620/4620/4620 4799/4799/4799 4798/4798/4798
f 4621/4621/4621 4622/4622/4622 4800/4800/4800
f 4621/4621/4621 4800/4800/4800 4799/4799/4799
f 4622/4622/4622 4623/4623/4623 4801/4801/4801
f 4622/4622/4622 4801/4801/4801 4800/4800/4800
f 4623/4623/4623 4624/4624/4624 4802/4802/4802
f 4623/4623/4623 4802/4802/4802 4801/4801/4801
f 4624/4624/4624 4625/4625/4625 4803/4803/4803
f 4624/4624/4624 4803/4803/4803 4802/4802/4802
f 4625/4625/4625 4626/4626/4626 4804/4804/4804
f 4625/4625/4625 4804/4804/4804 4803/4803/4803
f 4626/4626/4626 4627/4627/4627 4805/4805/4805
f 4626/4626/4626 4805/4805/4805 4804/4804/4804
f 4627/4627/4627 4628/4628/4628 4806/4806/4806
f 4627/4627/4627 4806/4806/4806 4805/4805/4805
f 4628/4628/4628 4451/4451/4451 4629/4629/4629
f 4628/4628/4628 4629/4629/4629 4806/4806/4806
f 4629/4629/4629 4630/4630/4630 4808/4808/4808
f 4629/4629/4629 4808/4808/4808 4807/4807/4807
f 4630/4630/4630 4631/4631/4631 4809/4809/4809
f 4630/4630/4630 4809/4809/4809 4808/4808/4808
f 4631/4631/4631 4632/4632/4632 4810/4810/4810
f 4631/4631/4631 4810/4810/4810 4809/4809/4809
f 4632/4632/4632 4633/4633/4633 4811/4811/4811
f 4632/4632/4632 4811/4811/4811 4810/4810/4810
f 4633/4633/4633 4634/4634/4634 4812/4812/4812
f 4633/4633/4633 4812/4812/4812 4811/4811/4811
f 4634/4634/4634 4635/4635/4635 4813/4813/4813
f 4634/4634/4634 4813/4813/4813 4812/4812/4812
f 4635/4635/4635 4636/4636/4636 4814/4814/4814
f 4635/4635/4635 4814/4814/4814 4813/4813/4813
f 4636/4636/4636 4637/4637/4637 4815/4815/4815
f 4636/4636/4636 4815/4815/4815 4814/4814/4814
f 4637/4637/4637 4638/4638/4638 4816/4816/4816
f 4637/4637/4637 4816/4816/4816 4815/4815/4815
f 4638/4638/4638 4639/4639/4639 4817/4817/4817
f 4638/4638/4638 4817/4817/4817 4816/4816/4816
f 4639/4639/4639 4640/4640/4640 4818/4818/4818
f 4639/4639/4639 4818/4818/4818 4817/4817/4817
f 4640/4640/4640 4641/4641/4641 4819/4819/4819
f 4640/4640/4640 4819/4819/4819 4818/4818/4818
f 4641/4641/4641 4642/4642/4642 4820/4820/4820
f 4641/4641/4641 4820/4820/4820 4819/4819/4819
f 4642/4642/4642 4643/4643/4643 4821/4821/4821
f 4642/4642/4642 4821/4821/4821 4820/4820/4820
f 4643/4643/4643 4644/4644/4644 4822/4822/4822
f 4643/4643/4643 4822/4822/4822 4821/4821/4821
f 4644/4644/4644 4645/4645/4645 4823/4823/4823
f 4644/4644/4644 4823/4823/4823 4822/4822/4822
f 4645/4645/4645 4646/4646/4646 4824/4824/4824
f 4645/4645/4645 4824/4824/4824 4823/4823/4823
f 4646/4646/4646 4647/4647/4647 4825/4825/4825
f 4646/4646/4646 4825/4825/4825 4824/4824/4824
f 4647/4647/4647 4648/4648/4648 4826/4826/4826
f 4647/4647/4647 4826/4826/4826 4825/4825/4825
f 4648/4648/4648 4649/4649/4649 4827/4827/4827
f 4648/4648/4648 4827/4827/4827 4826/4826/4826
f 4649/4649/4649 4650/4650/4650 4828/4828/4828
f 4649/4649/4649 4828/4828/4828 4827/4827/4827
f 4650/4650/4650 4651/4651/4651 4829/4829/4829
f 4650/4650/4650 4829/4829/4829 4828/4828/4828
f 4651/4651/4651 4652/4652/4652 4830/4830/4830
f 4651/4651/4651 4830/4830/4830 4829/4829/4829
f 4652/4652/4652 4653/4653/4653 4831/4831/4831
f 4652/4652/4652 4831/4831/4831 4830/4830/4830
f 4653/4653/4653 4654/4654/4654 4832/4832/4832
f 4653/4653/4653 4832/4832/4832 4831/4831/4831
f 4654/4654/4654 4655/4655/4655 4833/4833/4833
f 4654/4654/4654 4833/4833/4833 4832/4832/4832
f 4655/4655/4655 4656/4656/4656 4834/4834/4834
f 4655/4655/4655 4834/4834/4834 4833/4833/4833
f 4656/4656/4656 4657/4657/4657 4835/4835/4835
f 4656/4656/4656 4835/4835/4835 4834/4834/4834
f 4657/4657/4657 4658/4658/4658 4836/4836/4836
f 4657/4657/4657 4836/4836/4836 4835/4835/4835
f 4658/4658/4658 4659/4659/4659 4837/4837/4837
f 4658/4658/4658 4837/4837/4837 4836/4836/4836
f 4659/4659/4659 4660/4660/4660 4838/4838/4838
f 4659/4659/4659 4838/4838/4838 4837/4837/4837
f 4660/4660/4660 4661/4661/4661 4839/4839/4839
f 4660/4660/4660 4839/4839/4839 4838/4838/4838
f 4661/4661/4661 4662/4662/4662 4840/4840/4840
f 4661/4661/4661 4840/4840/4840 4839/4839/4839
f 4662/4662/4662 4663/4663/4663 4841/4841/4841
f 4662/4662/4662 4841/4841/4841 4840/4840/4840
f 4663/4663/4663 4664/4664/4664 4842/4842/4842
f 4663/4663/4663 4842/4842/4842 4841/4841/4841
f 4664/4664/4664 4665/4665/4665 4843/4843/4843
f 4664/4664/4664 4843/4843/4843 4842/4842/4842
f 4665/4665/4665 4666/4666/4666 4844/4844/4844
f 4665/4665/4665 4844/4844/4844 4843/4843/4843
f 4666/4666/4666 4667/4667/4667 4845/4845/4845
f 4666/4666/4666 4845/4845/4845 4844/4844/4844
f 4667/4667/4667 4668/4668/4668 4846/4846/4846
f 4667/4667/4667 4846/4846/4846 4845/4845/4845
f 4668/4668/4668 4669/4669/4669 4847/4847/4847
f 4668/4668/4668 4847/4847/4847 4846/4846/4846
f 4669/4669/4669 4670/4670/4670 4848/4848/4848
f 4669/4669/4669 4848/4848/4848 4847/4847/4847
f 4670/4670/4670 4671/4671/4671 4849/4849/4849
f 4670/4670/4670 4849/4849/4849 4848/4848/4848
f 4671/4671/4671 4672/4672/4672 4850/4850/4850
f 4671/4671/4671 4850/4850/4850 4849/4849/4849
f 4672/4672/4672 4673/4673/4673 4851/4851/4851
f 4672/4672/4672 4851/4851/4851 4850/4850/4850
f 4673/4673/4673 4674/4674/4674 4852/4852/4852
f 4673/4673/4673 4852/4852/4852 4851/4851/4851
f 4674/4674/4674 4675/4675/4675 4853/4853/4853
f 4674/4674/4674 4853/4853/4853 4852/4852/4852
f 4675/4675/4675 4676/4676/4676 4854/4854/4854
f 4675/4675/4675 4854/4854/4854 4853/4853/4853
f 4676/4676/4676 4677/4677/4677 4855/4855/4855
f 4676/4676/4676 4855/4855/4855 4854/4854/4854
f 4677/4677/4677 4678/4678/4678 4856/4856/4856
f 4677/4677/4677 4856/4856/4856 4855/4855/4855
f 4678/4678/4678 4679/4679/4679 4857/4857/4857
f 4678/4678/4678 4857/4857/4857 4856/4856/4856
f 4679/4679/4679 4680/4680/4680 4858/4858/4858
f 4679/4679/4679 4858/4858/4858 4857/4857/4857
f 4680/4680/4680 4681/4681/4681 4859/4859/4859
f 4680/4680/4680 4859/4859/4859 4858/4858/4858
f 4681/4681/4681 4682/4682/4682 4860/4860/4860
f 4681/4681/4681 4860/4860/4860 4859/4859/4859
f 4682/4682/4682 4683/4683/4683 4861/4861/4861
f 4682/4682/4682 4861/4861/4861 4860/4860/4860
f 4683/4683/4683 4684/4684/4684 4862/4862/4862
f 4683/4683/4683 4862/4862/4862 4861/4861/4861
f 4684/4684/4684 4685/4685/4685 4863/4863/4863
f 4684/4684/4684 4863/4863/4863 4862/4862/4862
f 4685/4685/4685 4686/4686/4686 4864/4864/4864
f 4685/4685/4685 4864/4864/4864 4863/4863/4863
f 4686/4686/4686 4687/4687/4687 4865/4865/4865
f 4686/4686/4686 4865/4865/4865 4864/4864/4864
f 4687/4687/4687 4688/4688/4688 4866/4866/4866
f 4687/4687/4687 4866/4866/4866 4865/4865/4865
f 4688/4688/4688 4689/4689/4689 4867/4867/4867
f 4688/4688/4688 4867/4867/4867 4866/4866/4866
f 4689/4689/4689 4690/4690/4690 4868/4868/4868
f 4689/4689/4689 4868/4868/4868 4867/4867/4867
f 4690/4690/4690 4691/4691/4691 4869/4869/4869
f 4690/4690/4690 4869/4869/4869 4868/4868/4868
f 4691/4691/4691 4692/4692/4692 4870/4870/4870
f 4691/4691/4691 4870/4870/4870 4869/4869/4869
f 4692/4692/4692 4693/4693/4693 4871/4871/4871
f 4692/4692/4692 4871/4871/4871 4870/4870/4870
f 4693/4693/4693 4694/4694/4694 4872/4872/4872
f 4693/4693/4693 4872/4872/4872 4871/4871/4871
f 4694/4694/4694 4695/4695/4695 4873/4873/4873
f 4694/4694/4694 4873/4873/4873 4872/4872/4872
f 4695/4695/4695 4696/4696/4696 4874/4874/4874
f 4695/4695/4695 4874/4874/4874 4873/4873/4873
f 4696/4696/4696 4697/4697/4697 4875/4875/4875
f 4696/4696/4696 4875/4875/4875 4874/4874/4874
f 4697/4697/4697 4698/4698/4698 4876/4876/4876
f 4697/4697/4697 4876/4876/4876 4875/4875/4875
f 4698/4698/4698 4699/4699/4699 4877/4877/4877
f 4698/4698/4698 4877/4877/4877 4876/4876/4876
f 4699/4699/4699 4700/4700/4700 4878/4878/4878
f 4699/4699/4699 4878/4878/4878 4877/4877/4877
f 4700/4700/4700 4701/4701/4701 4879/4879/4879
f 4700/4700/4700 4879/4879/4879 4878/4878/4878
f 4701/4701/4701 4702/4702/4702 4880/4880/4880
f 4701/4701/4701 4880/4880/4880 4879/4879/4879
f 4702/4702/4702 4703/4703/4703 4881/4881/4881
f 4702/4702/4702 4881/4881/4881 4880/4880/4880
f 4703/4703/4703 4704/4704/4704 4882/4882/4882
f 4703/4703/4703 4882/4882/4882 4881/4881/4881
f 4704/4704/4704 4705/4705/4705 4883/4883/4883
f 4704/4704/4704 4883/4883/4883 4882/4882/4882
f 4705/4705/4705 4706/4706/4706 4884/4884/4884
f 4705/4705/4705 4884/4884/4884 4883/4883/4883
f 4706/4706/4706 4707/4707/4707 4885/4885/4885
f 4706/4706/4706 4885/4885/4885 4884/4884/4884
f 4707/4707/4707 4708/4708/4708 4886/4886/4886
f 4707/4707/4707 4886/4886/4886 4885/4885/4885
f 4708/4708/4708 4709/4709/4709 4887/4887/4887
f 4708/4708/4708 4887/4887/4887 4886/4886/4886
f 4709/4709/4709 4710/4710/4710 4888/4888/4888
f 4709/4709/4709 4888/4888/4888 4887/4887/4887
f 4710/4710/4710 4711/4711/4711 4889/4889/4889
f 4710/4710/4710 4889/4889/4889 4888/4888/4888
f 4711/4711/4711 4712/4712/4712 4890/4890/4890
f 4711/4711/4711 4890/4890/4890 4889/4889/4889
f 4712/4712/4712 4713/4713/4713 4891/4891/4891
f 4712/4712/4712 4891/4891/4891 4890/4890/4890
f 4713/4713/4713 4714/4714/4714 4892/4892/4892
f 4713/4713/4713 4892/4892/4892 4891/4891/4891
f 4714/4714/4714 4715/4715/4715 4893/4893/4893
f 4714/4714/4714 4893/4893/4893 4892/4892/4892
f 4715/4715/4715 4716/4716/4716 4894/4894/4894
f 4715/4715/4715 4894/4894/4894 4893/4893/4893
f 4716/4716/4716 4717/4717/4717 4895/4895/4895
f 4716/4716/4716 4895/4895/4895 4894/4894/4894
f 4717/4717/4717 4718/4718/4718 4896/4896/4896
f 4717/4717/4717 4896/4896/4896 4895/4895/4895
f 4718/4718/4718 4719/4719/4719 4897/4897/4897
f 4718/4718/4718 4897/4897/4897 4896/4896/4896
f 4719/4719/4719 4720/4720/4720 4898/4898/4898
f 4719/4719/4719 4898/4898/4898 4897/4897/4897
f 4720/4720/4720 4721/4721/4721 4899/4899/4899
f 4720/4720/4720 4899/4899/4899 4898/4898/4898
f 4721/4721/4721 4722/4722/4722 4900/4900/4900
f 4721/4721/4721 4900/4900/4900 4899/4899/4899
f 4722/4722/4722 4723/4723/4723 4901/4901/4901
f 4722/4722/4722 4901/4901/4901 4900/4900/4900
f 4723/4723/4723 4724/4724/4724 4902/4902/4902
f 4723/4723/4723 4902/4902/4902 4901/4901/4901
f 4724/4724/4724 4725/4725/4725 4903/4903/4903
f 4724/4724/4724 4903/4903/4903 4902/4902/4902
f 4725/4725/4725 4726/4726/4726 4904/4904/4904
f 4725/4725/4725 4904/4904/4904 4903/4903/4903
f 4726/4726/4726 4727/4727/4727 4905/4905/4905
f 4726/4726/4726 4905/4905/4905 4904/4904/4904
f 4727/4727/4727 4728/4728/4728 4906/4906/4906
f 4727/4727/4727 4906/4906/4906 4905/4905/4905
f 4728/4728/4728 4729/4729/4729 4907/4907/4907
f 4728/4728/4728 4907/4907/4907 4906/4906/4906
f 4729/4729/4729 4730/4730/4730 4908/4908/4908
f 4729/4729/4729 4908/4908/4908 4907/4907/4907
f 4730/4730/4730 4731/4731/4731 4909/4909/4909
f 4730/4730/4730 4909/4909/4909 4908/4908/4908
f 4731/4731/4731 4732/4732/4732 4910/4910/4910
f 4731/4731/4731 4910/4910/4910 4909/4909/4909
f 4732/4732/4732 4733/4733/4733 4911/4911/4911
f 4732/4732/4732 4911/4911/4911 4910/4910/4910
f 4733/4733/4733 4734/4734/4734 4912/4912/4912
f 4733/4733/4733 4912/4912/4912 4911/4911/4911
f 4734/4734/4734 4735/4735/4735 4913/4913/4913
f 4734/4734/4734 4913/4913/4913 4912/4912/4912
f 4735/4735/4735 4736/4736/4736 4914/4914/4914
f 4735/4735/4735 4914/4914/4914 4913/4913/4913
f 4736/4736/4736 4737/4737/4737 4915/4915/4915
f 4736/4736/4736 4915/4915/4915 4914/4914/4914
f 4737/4737/4737 4738/4738/4738 4916/4916/4916
f 4737/4737/4737 4916/4916/4916 4915/4915/4915
f 4738/4738/4738 4739/4739/4739 4917/4917/4917
f 4738/4738/4738 4917/4917/4917 4916/4916/4916
f 4739/4739/4739 4740/4740/4740 4918/4918/4918
f 4739/4739/4739 4918/4918/4918 4917/4917/4917
f 4740/4740/4740 4741/4741/4741 4919/4919/4919
f 4740/4740/4740 4919/4919/4919 4918/4918/4918
f 4741/4741/4741 4742/4742/4742 4920/4920/4920
f 4741/4741/4741 4920/4920/4920 4919/4919/4919
f 4742/4742/4742 4743/4743/4743 4921/4921/4921
f 4742/4742/4742 4921/4921/4921 4920/4920/4920
f 4743/4743/4743 4744/4744/4744 4922/4922/4922
f 4743/4743/4743 4922/4922/4922 4921/4921/4921
f 4744/4744/4744 4745/4745/4745 4923/4923/4923
f 4744/4744/4744 4923/4923/4923 4922/4922/4922
f 4745/4745/4745 4746/4746/4746 4924/4924/4924
f 4745/4745/4745 4924/4924/4924 4923/4923/4923
f 4746/4746/4746 4747/4747/4747 4925/4925/4925
f 4746/4746/4746 4925/4925/4925 4924/4924/4924
f 4747/4747/4747 4748/4748/4748 4926/4926/4926
f 4747/4747/4747 4926/4926/4926 4925/4925/4925
f 4748/4748/4748 4749/4749/4749 4927/4927/4927
f 4748/4748/4748 4927/4927/4927 4926/4926/4926
f 4749/4749/4749 4750/4750/4750 4928/4928/4928
f 4749/4749/4749 4928/4928/4928 4927/4927/4927
f 4750/4750/4750 4751/4751/4751 4929/4929/4929
f 4750/4750/4750 4929/4929/4929 4928/4928/4928
f 4751/4751/4751 4752/4752/4752 4930/4930/4930
f 4751/4751/4751 4930/4930/4930 4929/4929/4929
f 4752/4752/4752 4753/4753/4753 4931/4931/4931
f 4752/4752/4752 4931/4931/4931 4930/4930/4930
f 4753/4753/4753 4754/4754/4754 4932/4932/4932
f 4753/4753/4753 4932/4932/4932 4931/4931/4931
f 4754/4754/4754 4755/4755/4755 4933/4933/4933
f 4754/4754/4754 4933/4933/4933 4932/4932/4932
f 4755/4755/4755 4756/4756/4756 4934/4934/4934
f 4755/4755/4755 4934/4934/4934 4933/4933/4933
f 4756/4756/4756 4757/4757/4757 4935/4935/4935
f 4756/4756/4756 4935/4935/4935 4934/4934/4934
f 4757/4757/4757 4758/4758/4758 4936/4936/4936
f 4757/4757/4757 4936/4936/4936 4935/4935/4935
f 4758/4758/4758 4759/4759/4759 4937/4937/4937
f 4758/4758/4758 4937/4937/4937 4936/4936/4936
f 4759/4759/4759 4760/4760/4760 4938/4938/4938
f 4759/4759/4759 4938/4938/4938 4937/4937/4937
f 4760/4760/4760 4761/4761/4761 4939/4939/4939
f 4760/4760/4760 4939/4939/4939 4938/4938/4938
f 4761/4761/4761 4762/4762/4762 4940/4940/4940
f 4761/4761/4761 4940/4940/4940 4939/4939/4939
f 4762/4762/4762 4763/4763/4763 4941/4941/4941
f 4762/4762/4762 4941/4941/4941 4940/4940/4940
f 4763/4763/4763 4764/4764/4764 4942/4942/4942
f 4763/4763/4763 4942/4942/4942 4941/4941/4941
f 4764/4764/4764 4765/4765/4765 4943/4943/4943
f 4764/4764/4764 4943/4943/4943 4942/4942/4942
f 4765/4765/4765 4766/4766/4766 4944/4944/4944
f 4765/4765/4765 4944/4944/4944 4943/4943/4943
f 4766/4766/4766 4767/4767/4767 4945/4945/4945
f 4766/4766/4766 4945/4945/4945 4944/4944/4944
f 4767/4767/4767 4768/4768/4768 4946/4946/4946
f 4767/4767/4767 4946/4946/4946 4945/4945/4945
f 4768/4768/4768 4769/4769/4769 4947/4947/4947
f 4768/4768/4768 4947/4947/4947 4946/4946/4946
f 4769/4769/4769 4770/4770/4770 4948/4948/4948
f 4769/4769/4769 4948/4948/4948 4947/4947/4947
f 4770/4770/4770 4771/4771/4771 4949/4949/4949
f 4770/4770/4770 4949/4949/4949 4948/4948/4948
f 4771/4771/4771 4772/4772/4772 4950/4950/4950
f 4771/4771/4771 4950/4950/4950 4949/4949/4949
f 4772/4772/4772 4773/4773/4773 4951/4951/4951
f 4772/4772/4772 4951/4951/4951 4950/4950/4950
f 4773/4773/4773 4774/4774/4774 4952/4952/4952
f 4773/4773/4773 4952/4952/4952 4951/4951/4951
f 4774/4774/4774 4775/4775/4775 4953/4953/4953
f 4774/4774/4774 4953/4953/4953 4952/4952/4952
f 4775/4775/4775 4776/4776/4776 4954/4954/4954
f 4775/4775/4775 4954/4954/4954 4953/4953/4953
f 4776/4776/4776 4777/4777/4777 4955/4955/4955
f 4776/4776/4776 4955/4955/4955 4954/4954/4954
f 4777/4777/4777 4778/4778/4778 4956/4956/4956
f 4777/4777/4777 4956/4956/4956 4955/4955/4955
f 4778/4778/4778 4779/4779/4779 4957/4957/4957
f 4778/4778/4778 4957/4957/4957 4956/4956/4956
f 4779/4779/4779 4780/4780/4780 4958/4958/4958
f 4779/4779/4779 4958/4958/4958 4957/4957/4957
f 4780/4780/4780 4781/4781/4781 4959/4959/4959
f 4780/4780/4780 4959/4959/4959 4958/4958/4958
f 4781/4781/4781 4782/4782/4782 4960/4960/4960
f 4781/4781/4781 4960/4960/4960 4959/4959/4959
f 4782/4782/4782 4783/4783/4783 4961/4961/4961
f 4782/4782/4782 4961/4961/4961 4960/4960/4960
f 4783/4783/4783 4784/4784/4784 4962/4962/4962
f 4783/4783/4783 4962/4962/4962 4961/4961/4961
f 4784/4784/4784 4785/4785/4785 4963/4963/4963
f 4784/4784/4784 4963/4963/4963 4962/4962/4962
f 4785/4785/4785 4786/4786/4786 4964/4964/4964
f 4785/4785/4785 4964/4964/4964 4963/4963/4963
f 4786/4786/4786 4787/4787/4787 4965/4965/4965
f 4786/4786/4786 4965/4965/4965 4964/4964/4964
f 4787/4787/4787 4788/4788/4788 4966/4966/4966
f 4787/4787/4787 4966/4966/4966 4965/4965/4965
f 4788/4788/4788 4789/4789/4789 4967/4967/4967
f 4788/4788/4788 4967/4967/4967 4966/4966/4966
f 4789/4789/4789 4790/4790/4790 4968/4968/4968
f 4789/4789/4789 4968/4968/4968 4967/4967/4967
f 4790/4790/4790 4791/4791/4791 4969/4969/4969
f 4790/4790/4790 4969/4969/4969 4968/4968/4968
f 4791/4791/4791 4792/4792/4792 4970/4970/4970
f 4791/4791/4791 4970/4970/4970 4969/4969/4969
f 4792/4792/4792 4793/4793/4793 4971/4971/4971
f 4792/4792/4792 4971/4971/4971 4970/4970/4970
f 4793/4793/4793 4794/4794/4794 4972/4972/4972
f 4793/4793/4793 4972/4972/4972 4971/4971/4971
f 4794/4794/4794 4795/4795/4795 4973/4973/4973
f 4794/4794/4794 4973/4973/4973 4972/4972/4972
f 4795/4795/4795 4796/4796/4796 4974/4974/4974
f 4795/4795/4795 4974/4974/4974 4973/4973/4973
f 4796/4796/4796 4797/4797/4797 4975/4975/4975
f 4796/4796/4796 4975/4975/4975 4974/4974/4974
f 4797/4797/4797 4798/4798/4798 4976/4976/4976
f 4797/4797/4797 4976/4976/4976 4975/4975/4975
f 4798/4798/4798 4799/4799/4799 4977/4977/4977
f 4798/4798/4798 4977/4977/4977 4976/4976/4976
f 4799/4799/4799 4800/4800/4800 4978/4978/4978
f 4799/4799/4799 4978/4978/4978 4977/4977/4977
f 4800/4800/4800 4801/4801/4801 4979/4979/4979
f 4800/4800/4800 4979/4979/4979 4978/4978/4978
f 4801/4801/4801 4802/4802/4802 4980/4980/4980
f 4801/4801/4801 4980/4980/4980 4979/4979/4979
f 4802/4802/4802 4803/4803/4803 4981/4981/4981
f 4802/4802/4802 4981/4981/4981 4980/4980/4980
f 4803/4803/4803 4804/4804/4804 4982/4982/4982
f 4803/4803/4803 4982/4982/4982 4981/4981/4981
f 4804/4804/4804 4805/4805/4805 4983/4983/4983
f 4804/4804/4804 4983/4983/4983 4982/4982/4982
f 4805/4805/4805 4806/4806/4806 4984/4984/4984
f 4805/4805/4805 4984/4984/4984 4983/4983/4983
f 4806/4806/4806 4629/4629/4629 4807/4807/4807
f 4806/4806/4806 4807/4807/4807 4984/4984/4984
f 4985/4985/4985 2/2/2 1/1/1
f 4986/4986/4986 4807/4807/4807 4808/4808/4808
f 4985/4985/4985 3/3/3 2/2/2
f 4986/4986/4986 4808/4808/4808 4809/4809/4809
f 4985/4985/4985 4/4/4 3/3/3
f 4986/4986/4986 4809/4809/4809 4810/4810/4810
f 4985/4985/4985 5/5/5 4/4/4
f 4986/4986/4986 4810/4810/4810 4811/4811/4811
f 4985/4985/4985 6/6/6 5/5/5
f 4986/4986/4986 4811/4811/4811 4812/4812/4812
f 4985/4985/4985 7/7/7 6/6/6
f 4986/4986/4986 4812/4812/4812 4813/4813/4813
f 4985/4985/4985 8/8/8 7/7/7
f 4986/4986/4986 4813/4813/4813 4814/4814/4814
f 4985/4985/4985 9/9/9 8/8/8
f 4986/4986/4986 4814/4814/4814 4815/4815/4815
f 4985/4985/4985 10/10/10 9/9/9
f 4986/4986/4986 4815/4815/4815 4816/4816/4816
f 4985/4985/4985 11/11/11 10/10/10
f 4986/4986/4986 4816/4816/4816 4817/4817/4817
f 4985/4985/4985 12/12/12 11/11/11
f 4986/4986/4986 4817/4817/4817 4818/4818/4818
f 4985/4985/4985 13/13/13 12/12/12
f 4986/4986/4986 4818/4818/4818 4819/4819/4819
f 4985/4985/4985 14/14/14 13/13/13
f 4986/4986/4986 4819/4819/4819 4820/4820/4820
f 4985/4985/4985 15/15/15 14/14/14
f 4986/4986/4986 4820/4820/4820 4821/4821/4821
f 4985/4985/4985 16/16/16 15/15/15
f 4986/4986/4986 4821/4821/4821 4822/4822/4822
f 4985/4985/4985 17/17/17 16/16/16
f 4986/4986/4986 4822/4822/4822 4823/4823/4823
f 4985/4985/4985 18/18/18 17/17/17
f 4986/4986/4986 4823/4823/4823 4824/4824/4824
f 4985/4985/4985 19/19/19 18/18/18
f 4986/4986/4986 4824/4824/4824 4825/4825/4825
f 4985/4985/4985 20/20/20 19/19/19
f 4986/4986/4986 4825/4825/4825 4826/4826/4826
f 4985/4985/4985 21/21/21 20/20/20
f 4986/4986/4986 4826/4826/4826 4827/4827/4827
f 4985/4985/4985 22/22/22 21/21/21
f 4986/4986/4986 4827/4827/4827 4828/4828/4828
f 4985/4985/4985 23/23/23 22/22/22
f 4986/4986/4986 4828/4828/4828 4829/4829/4829
f 4985/4985/4985 24/24/24 23/23/23
f 4986/4986/4986 4829/4829/4829 4830/4830/4830
f 4985/4985/4985 25/25/25 24/24/24
f 4986/4986/4986 4830/4830/4830 4831/4831/4831
f 4985/4985/4985 26/26/26 25/25/25
f 4986/4986/4986 4831/4831/4831 4832/4832/4832
f 4985/4985/4985 27/27/27 26/26/26
f 4986/4986/4986 4832/4832/4832 4833/4833/4833
f 4985/4985/4985 28/28/28 27/27/27
f 4986/4986/4986 4833/4833/4833 4834/4834/4834
f 4985/4985/4985 29/29/29 28/28/28
f 4986/4986/4986 4834/4834/4834 4835/4835/4835
f 4985/4985/4985 30/30/30 29/29/29
f 4986/4986/4986 4835/4835/4835 4836/4836/4836
f 4985/4985/4985 31/31/31 30/30/30
f 4986/4986/4986 4836/4836/4836 4837/4837/4837
f 4985/4985/4985 32/32/32 31/31/31
f 4986/4986/4986 4837/4837/4837 4838/4838/4838
f 4985/4985/4985 33/33/33 32/32/32
f 4986/4986/4986 4838/4838/4838 4839/4839/4839
f 4985/4985/4985 34/34/34 33/33/33
f 4986/4986/4986 4839/4839/4839 4840/4840/4840
f 4985/4985/4985 35/35/35 34/34/34
f 4986/4986/4986 4840/4840/4840 4841/4841/4841
f 4985/4985/4985 36/36/36 35/35/35
f 4986/4986/4986 4841/4841/4841 4842/4842/4842
f 4985/4985/4985 37/37/37 36/36/36
f 4986/4986/4986 4842/4842/4842 4843/4843/4843
f 4985/4985/4985 38/38/38 37/37/37
f 4986/4986/4986 4843/4843/4843 4844/4844/4844
f 4985/4985/4985 39/39/39 38/38/38
f 4986/4986/4986 4844/4844/4844 4845/4845/4845
f 4985/4985/4985 40/40/40 39/39/39
f 4986/4986/4986 4845/4845/4845 4846/4846/4846
f 4985/4985/4985 41/41/41 40/40/40
f 4986/4986/4986 4846/4846/4846 4847/4847/4847
f 4985/4985/4985 42/42/42 41/41/41
f 4986/4986/4986 4847/4847/4847 4848/4848/4848
f 4985/4985/4985 43/43/43 42/42/42
f 4986/4986/4986 4848/4848/4848 4849/4849/4849
f 4985/4985/4985 44/44/44 43/43/43
f 4986/4986/4986 4849/4849/4849 4850/4850/4850
f 4985/4985/4985 45/45/45 44/44/44
f 4986/4986/4986 4850/4850/4850 4851/4851/4851
f 4985/4985/4985 46/46/46 45/45/45
f 4986/4986/4986 4851/4851/4851 4852/4852/4852
f 4985/4985/4985 47/47/47 46/46/46
f 4986/4986/4986 4852/4852/4852 4853/4853/4853
f 4985/4985/4985 48/48/48 47/47/47
f 4986/4986/4986 4853/4853/4853 4854/4854/4854
f 4985/4985/4985 49/49/49 48/48/48
f 4986/4986/4986 4854/4854/4854 4855/4855/4855
f 4985/4985/4985 50/50/50 49/49/49
f 4986/4986/4986 4855/4855/4855 4856/4856/4856
f 4985/4985/4985 51/51/51 50/50/50
f 4986/4986/4986 4856/4856/4856 4857/4857/4857
f 4985/4985/4985 52/52/52 51/51/51
f 4986/4986/4986 4857/4857/4857 4858/4858/4858
f 4985/4985/4985 53/53/53 52/52/52
f 4986/4986/4986 4858/4858/4858 4859/4859/4859
f 4985/4985/4985 54/54/54 53/53/53
f 4986/4986/4986 4859/4859/4859 4860/4860/4860
f 4985/4985/4985 55/55/55 54/54/54
f 4986/4986/4986 4860/4860/4860 4861/4861/4861
f 4985/4985/4985 56/56/56 55/55/55
f 4986/4986/4986 4861/4861/4861 4862/4862/4862
f 4985/4985/4985 57/57/57 56/56/56
f 4986/4986/4986 4862/4862/4862 4863/4863/4863
f 4985/4985/4985 58/58/58 57/57/57
f 4986/4986/4986 4863/4863/4863 4864/4864/4864
f 4985/4985/4985 59/59/59 58/58/58
f 4986/4986/4986 4864/4864/4864 4865/4865/4865
f 4985/4985/4985 60/60/60 59/59/59
f 4986/4986/4986 4865/4865/4865 4866/4866/4866
f 4985/4985/4985 61/61/61 60/60/60
f 4986/4986/4986 4866/4866/4866 4867/4867/4867
f 4985/4985/4985 62/62/62 61/61/61
f 4986/4986/4986 4867/4867/4867 4868/4868/4868
f 4985/4985/4985 63/63/63 62/62/62
f 4986/4986/4986 4868/4868/4868 4869/4869/4869
f 4985/4985/4985 64/64/64 63/63/63
f 4986/4986/4986 4869/4869/4869 4870/4870/4870
f 4985/4985/4985 65/65/65 64/64/64
f 4986/4986/4986 4870/4870/4870 4871/4871/4871
f 4985/4985/4985 66/66/66 65/65/65
f 4986/4986/4986 4871/4871/4871 4872/4872/4872
f 4985/4985/4985 67/67/67 66/66/66
f 4986/4986/4986 4872/4872/4872 4873/4873/4873
f 4985/4985/4985 68/68/68 67/67/67
f 4986/4986/4986 4873/4873/4873 4874/4874/4874
f 4985/4985/4985 69/69/69 68/68/68
f 4986/4986/4986 4874/4874/4874 4875/4875/4875
f 4985/4985/4985 70/70/70 69/69/69
f 4986/4986/4986 4875/4875/4875 4876/4876/4876
f 4985/4985/4985 71/71/71 70/70/70
f 4986/4986/4986 4876/4876/4876 4877/4877/4877
f 4985/4985/4985 72/72/72 71/71/71
f 4986/4986/4986 4877/4877/4877 4878/4878/4878
f 4985/4985/4985 73/73/73 72/72/72
f 4986/4986/4986 4878/4878/4878 4879/4879/4879
f 4985/4985/4985 74/74/74 73/73/73
f 4986/4986/4986 4879/4879/4879 4880/4880/4880
f 4985/4985/4985 75/75/75 74/74/74
f 4986/4986/4986 4880/4880/4880 4881/4881/4881
f 4985/4985/4985 76/76/76 75/75/75
f 4986/4986/4986 4881/4881/4881 4882/4882/4882
f 4985/4985/4985 77/77/77 76/76/76
f 4986/4986/4986 4882/4882/4882 4883/4883/4883
f 4985/4985/4985 78/78/78 77/77/77
f 4986/4986/4986 4883/4883/4883 4884/4884/4884
f 4985/4985/4985 79/79/79 78/78/78
f 4986/4986/4986 4884/4884/4884 4885/4885/4885
f 4985/4985/4985 80/80/80 79/79/79
f 4986/4986/4986 4885/4885/4885 4886/4886/4886
f 4985/4985/4985 81/81/81 80/80/80
f 4986/4986/4986 4886/4886/4886 4887/4887/4887
f 4985/4985/4985 82/82/82 81/81/81
f 4986/4986/4986 4887/4887/4887 4888/4888/4888
f 4985/4985/4985 83/83/83 82/82/82
f 4986/4986/4986 4888/4888/4888 4889/4889/4889
f 4985/4985/4985 84/84/84 83/83/83
f 4986/4986/4986 4889/4889/4889 4890/4890/4890
f 4985/4985/4985 85/85/85 84/84/84
f 4986/4986/4986 4890/4890/4890 4891/4891/4891
f 4985/4985/4985 86/86/86 85/85/85
f 4986/4986/4986 4891/4891/4891 4892/4892/4892
f 4985/4985/4985 87/87/87 86/86/86
f 4986/4986/4986 4892/4892/4892 4893/4893/4893
f 4985/4985/4985 88/88/88 87/87/87
f 4986/4986/4986 4893/4893/4893 4894/4894/4894
f 4985/4985/4985 89/89/89 88/88/88
f 4986/4986/4986 4894/4894/4894 4895/4895/4895
f 4985/4985/4985 90/90/90 89/89/89
f 4986/4986/4986 4895/4895/4895 4896/4896/4896
f 4985/4985/4985 91/91/91 90/90/90
f 4986/4986/4986 4896/4896/4896 4897/4897/4897
f 4985/4985/4985 92/92/92 91/91/91
f 4986/4986/4986 4897/4897/4897 4898/4898/4898
f 4985/4985/4985 93/93/93 92/92/92
f 4986/4986/4986 4898/4898/4898 4899/4899/4899
f 4985/4985/4985 94/94/94 93/93/93
f 4986/4986/4986 4899/4899/4899 4900/4900/4900
f 4985/4985/4985 95/95/95 94/94/94
f 4986/4986/4986 4900/4900/4900 4901/4901/4901
f 4985/4985/4985 96/96/96 95/95/95
f 4986/4986/4986 4901/4901/4901 4902/4902/4902
f 4985/4985/4985 97/97/97 96/96/96
f 4986/4986/4986 4902/4902/4902 4903/4903/4903
f 4985/4985/4985 98/98/98 97/97/97
f 4986/4986/4986 4903/4903/4903 4904/4904/4904
f 4985/4985/4985 99/99/99 98/98/98
f 4986/4986/4986 4904/4904/4904 4905/4905/4905
f 4985/4985/4985 100/100/100 99/99/99
f 4986/4986/4986 4905/4905/4905 4906/4906/4906
f 4985/4985/4985 101/101/101 100/100/100
f 4986/4986/4986 4906/4906/4906 4907/4907/4907
f 4985/4985/4985 102/102/102 101/101/101
f 4986/4986/4986 4907/4907/4907 4908/4908/4908
f 4985/4985/4985 103/103/103 102/102/102
f 4986/4986/4986 4908/4908/4908 4909/4909/4909
f 4985/4985/4985 104/104/104 103/103/103
f 4986/4986/4986 4909/4909/4909 4910/4910/4910
f 4985/4985/4985 105/105/105 104/104/104
f 4986/4986/4986 4910/4910/4910 4911/4911/4911
f 4985/4985/4985 106/106/106 105/105/105
f 4986/4986/4986 4911/4911/4911 4912/4912/4912
f 4985/4985/4985 107/107/107 106/106/106
f 4986/4986/4986 4912/4912/4912 4913/4913/4913
f 4985/4985/4985 108/108/108 107/107/107
f 4986/4986/4986 4913/4913/4913 4914/4914/4914
f 4985/4985/4985 109/109/109 108/108/108
f 4986/4986/4986 4914/4914/4914 4915/4915/4915
f 4985/4985/4985 110/110/110 109/109/109
f 4986/4986/4986 4915/4915/4915 4916/4916/4916
f 4985/4985/4985 111/111/111 110/110/110
f 4986/4986/4986 4916/4916/4916 4917/4917/4917
f 4985/4985/4985 112/112/112 111/111/111
f 4986/4986/4986 4917/4917/4917 4918/4918/4918
f 4985/4985/4985 113/113/113 112/112/112
f 4986/4986/4986 4918/4918/4918 4919/4919/4919
f 4985/4985/4985 114/114/114 113/113/113
f 4986/4986/4986 4919/4919/4919 4920/4920/4920
f 4985/4985/4985 115/115/115 114/114/114
f 4986/4986/4986 4920/4920/4920 4921/4921/4921
f 4985/4985/4985 116/116/116 115/115/115
f 4986/4986/4986 4921/4921/4921 4922/4922/4922
f 4985/4985/4985 117/117/117 116/116/116
f 4986/4986/4986 4922/4922/4922 4923/4923/4923
f 4985/4985/4985 118/118/118 117/117/117
f 4986/4986/4986 4923/4923/4923 4924/4924/4924
f 4985/4985/4985 119/119/119 118/118/118
f 4986/4986/4986 4924/4924/4924 4925/4925/4925
f 4985/4985/4985 120/120/120 119/119/119
f 4986/4986/4986 4925/4925/4925 4926/4926/4926
f 4985/4985/4985 121/121/121 120/120/120
f 4986/4986/4986 4926/4926/4926 4927/4927/4927
f 4985/4985/4985 122/122/122 121/121/121
f 4986/4986/4986 4927/4927/4927 4928/4928/4928
f 4985/4985/4985 123/123/123 122/122/122
f 4986/4986/4986 4928/4928/4928 4929/4929/4929
f 4985/4985/4985 124/124/124 123/123/123
f 4986/4986/4986 4929/4929/4929 4930/4930/4930
f 4985/4985/4985 125/125/125 124/124/124
f 4986/4986/4986 4930/4930/4930 4931/4931/4931
f 4985/4985/4985 126/126/126 125/125/125
f 4986/4986/4986 4931/4931/4931 4932/4932/4932
f 4985/4985/4985 127/127/127 126/126/126
f 4986/4986/4986 4932/4932/4932 4933/4933/4933
f 4985/4985/4985 128/128/128 127/127/127
f 4986/4986/4986 4933/4933/4933 4934/4934/4934
f 4985/4985/4985 129/129/129 128/128/128
f 4986/4986/4986 4934/4934/4934 4935/4935/4935
f 4985/4985/4985 130/130/130 129/129/129
f 4986/4986/4986 4935/4935/4935 4936/4936/4936
f 4985/4985/4985 131/131/131 130/130/130
f 4986/4986/4986 4936/4936/4936 4937/4937/4937
f 4985/4985/4985 132/132/132 131/131/131
f 4986/4986/4986 4937/4937/4937 4938/4938/4938
f 4985/4985/4985 133/133/133 132/132/132
f 4986/4986/4986 4938/4938/4938 4939/4939/4939
f 4985/4985/4985 134/134/134 133/133/133
f 4986/4986/4986 4939/4939/4939 4940/4940/4940
f 4985/4985/4985 135/135/135 134/134/134
f 4986/4986/4986 4940/4940/4940 4941/4941/4941
f 4985/4985/4985 136/136/136 135/135/135
f 4986/4986/4986 4941/4941/4941 4942/4942/4942
f 4985/4985/4985 137/137/137 136/136/136
f 4986/4986/4986 4942/4942/4942 4943/4943/4943
f 4985/4985/4985 138/138/138 137/137/137
f 4986/4986/4986 4943/4943/4943 4944/4944/4944
f 4985/4985/4985 139/139/139 138/138/138
f 4986/4986/4986 4944/4944/4944 4945/4945/4945
f 4985/4985/4985 140/140/140 139/139/139
f 4986/4986/4986 4945/4945/4945 4946/4946/4946
f 4985/4985/4985 141/141/141 140/140/140
f 4986/4986/4986 4946/4946/4946 4947/4947/4947
f 4985/4985/4985 142/142/142 141/141/141
f 4986/4986/4986 4947/4947/4947 4948/4948/4948
f 4985/4985/4985 143/143/143 142/142/142
f 4986/4986/4986 4948/4948/4948 4949/4949/4949
f 4985/4985/4985 144/144/144 143/143/143
f 4986/4986/4986 4949/4949/4949 4950/4950/4950
f 4985/4985/4985 145/145/145 144/144/144
f 4986/4986/4986 4950/4950/4950 4951/4951/4951
f 4985/4985/4985 146/146/146 145/145/145
f 4986/4986/4986 4951/4951/4951 4952/4952/4952
f 4985/4985/4985 147/147/147 146/146/146
f 4986/4986/4986 4952/4952/4952 4953/4953/4953
f 4985/4985/4985 148/148/148 147/147/147
f 4986/4986/4986 4953/4953/4953 4954/4954/4954
f 4985/4985/4985 149/149/149 148/148/148
f 4986/4986/4986 4954/4954/4954 4955/4955/4955
f 4985/4985/4985 150/150/150 149/149/149
f 4986/4986/4986 4955/4955/4955 4956/4956/4956
f 4985/4985/4985 151/151/151 150/150/150
f 4986/4986/4986 4956/4956/4956 4957/4957/4957
f 4985/4985/4985 152/152/152 151/151/151
f 4986/4986/4986 4957/4957/4957 4958/4958/4958
f 4985/4985/4985 153/153/153 152/152/152
f 4986/4986/4986 4958/4958/4958 4959/4959/4959
f 4985/4985/4985 154/154/154 153/153/153
f 4986/4986/4986 4959/4959/4959 4960/4960/4960
f 4985/4985/4985 155/155/155 154/154/154
f 4986/4986/4986 4960/4960/4960 4961/4961/4961
f 4985/4985/4985 156/156/156 155/155/155
f 4986/4986/4986 4961/4961/4961 4962/4962/4962
f 4985/4985/4985 157/157/157 156/156/156
f 4986/4986/4986 4962/4962/4962 4963/4963/4963
f 4985/4985/4985 158/158/158 157/157/157
f 4986/4986/4986 4963/4963/4963 4964/4964/4964
f 4985/4985/4985 159/159/159 158/158/158
f 4986/4986/4986 4964/4964/4964 4965/4965/4965
f 4985/4985/4985 160/160/160 159/159/159
f 4986/4986/4986 4965/4965/4965 4966/4966/4966
f 4985/4985/4985 161/161/161 160/160/160
f 4986/4986/4986 4966/4966/4966 4967/4967/4967
f 4985/4985/4985 162/162/162 161/161/161
f 4986/4986/4986 4967/4967/4967 4968/4968/4968
f 4985/4985/4985 163/163/163 162/162/162
f 4986/4986/4986 4968/4968/4968 4969/4969/4969
f 4985/4985/4985 164/164/164 163/163/163
f 4986/4986/4986 4969/4969/4969 4970/4970/4970
f 4985/4985/4985 165/165/165 164/164/164
f 4986/4986/4986 4970/4970/4970 4971/4971/4971
f 4985/4985/4985 166/166/166 165/165/165
f 4986/4986/4986 4971/4971/4971 4972/4972/4972
f 4985/4985/4985 167/167/167 166/166/166
f 4986/4986/4986 4972/4972/4972 4973/4973/4973
f 4985/4985/4985 168/168/168 167/167/167
f 4986/4986/4986 4973/4973/4973 4974/4974/4974
f 4985/4985/4985 169/169/169 168/168/168
f 4986/4986/4986 4974/4974/4974 4975/4975/4975
f 4985/4985/4985 170/170/170 169/169/169
f 4986/4986/4986 4975/4975/4975 4976/4976/4976
f 4985/4985/4985 171/171/171 170/170/170
f 4986/4986/4986 4976/4976/4976 4977/4977/4977
f 4985/4985/4985 172/172/172 171/171/171
f 4986/4986/4986 4977/4977/4977 4978/4978/4978
f 4985/4985/4985 173/173/173 172/172/172
f 4986/4986/4986 4978/4978/4978 4979/4979/4979
f 4985/4985/4985 174/174/174 173/173/173
f 4986/4986/4986 4979/4979/4979 4980/4980/4980
f 4985/4985/4985 175/175/175 174/174/174
f 4986/4986/4986 4980/4980/4980 4981/4981/4981
f 4985/4985/4985 176/176/176 175/175/175
f 4986/4986/4986 4981/4981/4981 4982/4982/4982
f 4985/4985/4985 177/177/177 176/176/176
f 4986/4986/4986 4982/4982/4982 4983/4983/4983
f 4985/4985/4985 178/178/178 177/177/177
f 4986/4986/4986 4983/4983/4983 4984/4984/4984
f 4985/4985/4985 1/1/1 178/178/178
f 4986/4986/4986 4984/4984/4984 4807/4807/4807

o HoboBag_Hardware_Buckle
usemtl Hardware_Gold
s 2
f 4987/4987/4987 5001/5001/5001 5002/5002/5002
f 4987/4987/4987 5002/5002/5002 4988/4988/4988
f 4988/4988/4988 5002/5002/5002 5003/5003/5003
f 4988/4988/4988 5003/5003/5003 4989/4989/4989
f 4989/4989/4989 5003/5003/5003 5004/5004/5004
f 4989/4989/4989 5004/5004/5004 4990/4990/4990
f 4990/4990/4990 5004/5004/5004 5005/5005/5005
f 4990/4990/4990 5005/5005/5005 4991/4991/4991
f 4991/4991/4991 5005/5005/5005 5006/5006/5006
f 4991/4991/4991 5006/5006/5006 4992/4992/4992
f 4992/4992/4992 5006/5006/5006 5007/5007/5007
f 4992/4992/4992 5007/5007/5007 4993/4993/4993
f 4993/4993/4993 5007/5007/5007 5008/5008/5008
f 4993/4993/4993 5008/5008/5008 4994/4994/4994
f 4994/4994/4994 5008/5008/5008 5009/5009/5009
f 4994/4994/4994 5009/5009/5009 4995/4995/4995
f 4995/4995/4995 5009/5009/5009 5010/5010/5010
f 4995/4995/4995 5010/5010/5010 4996/4996/4996
f 4996/4996/4996 5010/5010/5010 5011/5011/5011
f 4996/4996/4996 5011/5011/5011 4997/4997/4997
f 4997/4997/4997 5011/5011/5011 5012/5012/5012
f 4997/4997/4997 5012/5012/5012 4998/4998/4998
f 4998/4998/4998 5012/5012/5012 5013/5013/5013
f 4998/4998/4998 5013/5013/5013 4999/4999/4999
f 4999/4999/4999 5013/5013/5013 5014/5014/5014
f 4999/4999/4999 5014/5014/5014 5000/5000/5000
f 5000/5000/5000 5014/5014/5014 5001/5001/5001
f 5000/5000/5000 5001/5001/5001 4987/4987/4987
f 5001/5001/5001 5015/5015/5015 5016/5016/5016
f 5001/5001/5001 5016/5016/5016 5002/5002/5002
f 5002/5002/5002 5016/5016/5016 5017/5017/5017
f 5002/5002/5002 5017/5017/5017 5003/5003/5003
f 5003/5003/5003 5017/5017/5017 5018/5018/5018
f 5003/5003/5003 5018/5018/5018 5004/5004/5004
f 5004/5004/5004 5018/5018/5018 5019/5019/5019
f 5004/5004/5004 5019/5019/5019 5005/5005/5005
f 5005/5005/5005 5019/5019/5019 5020/5020/5020
f 5005/5005/5005 5020/5020/5020 5006/5006/5006
f 5006/5006/5006 5020/5020/5020 5021/5021/5021
f 5006/5006/5006 5021/5021/5021 5007/5007/5007
f 5007/5007/5007 5021/5021/5021 5022/5022/5022
f 5007/5007/5007 5022/5022/5022 5008/5008/5008
f 5008/5008/5008 5022/5022/5022 5023/5023/5023
f 5008/5008/5008 5023/5023/5023 5009/5009/5009
f 5009/5009/5009 5023/5023/5023 5024/5024/5024
f 5009/5009/5009 5024/5024/5024 5010/5010/5010
f 5010/5010/5010 5024/5024/5024 5025/5025/5025
f 5010/5010/5010 5025/5025/5025 5011/5011/5011
f 5011/5011/5011 5025/5025/5025 5026/5026/5026
f 5011/5011/5011 5026/5026/5026 5012/5012/5012
f 5012/5012/5012 5026/5026/5026 5027/5027/5027
f 5012/5012/5012 5027/5027/5027 5013/5013/5013
f 5013/5013/5013 5027/5027/5027 5028/5028/5028
f 5013/5013/5013 5028/5028/5028 5014/5014/5014
f 5014/5014/5014 5028/5028/5028 5015/5015/5015
f 5014/5014/5014 5015/5015/5015 5001/5001/5001
f 5015/5015/5015 5029/5029/5029 5030/5030/5030
f 5015/5015/5015 5030/5030/5030 5016/5016/5016
f 5016/5016/5016 5030/5030/5030 5031/5031/5031
f 5016/5016/5016 5031/5031/5031 5017/5017/5017
f 5017/5017/5017 5031/5031/5031 5032/5032/5032
f 5017/5017/5017 5032/5032/5032 5018/5018/5018
f 5018/5018/5018 5032/5032/5032 5033/5033/5033
f 5018/5018/5018 5033/5033/5033 5019/5019/5019
f 5019/5019/5019 5033/5033/5033 5034/5034/5034
f 5019/5019/5019 5034/5034/5034 5020/5020/5020
f 5020/5020/5020 5034/5034/5034 5035/5035/5035
f 5020/5020/5020 5035/5035/5035 5021/5021/5021
f 5021/5021/5021 5035/5035/5035 5036/5036/5036
f 5021/5021/5021 5036/5036/5036 5022/5022/5022
f 5022/5022/5022 5036/5036/5036 5037/5037/5037
f 5022/5022/5022 5037/5037/5037 5023/5023/5023
f 5023/5023/5023 5037/5037/5037 5038/5038/5038
f 5023/5023/5023 5038/5038/5038 5024/5024/5024
f 5024/5024/5024 5038/5038/5038 5039/5039/5039
f 5024/5024/5024 5039/5039/5039 5025/5025/5025
f 5025/5025/5025 5039/5039/5039 5040/5040/5040
f 5025/5025/5025 5040/5040/5040 5026/5026/5026
f 5026/5026/5026 5040/5040/5040 5041/5041/5041
f 5026/5026/5026 5041/5041/5041 5027/5027/5027
f 5027/5027/5027 5041/5041/5041 5042/5042/5042
f 5027/5027/5027 5042/5042/5042 5028/5028/5028
f 5028/5028/5028 5042/5042/5042 5029/5029/5029
f 5028/5028/5028 5029/5029/5029 5015/5015/5015
f 5029/5029/5029 5043/5043/5043 5044/5044/5044
f 5029/5029/5029 5044/5044/5044 5030/5030/5030
f 5030/5030/5030 5044/5044/5044 5045/5045/5045
f 5030/5030/5030 5045/5045/5045 5031/5031/5031
f 5031/5031/5031 5045/5045/5045 5046/5046/5046
f 5031/5031/5031 5046/5046/5046 5032/5032/5032
f 5032/5032/5032 5046/5046/5046 5047/5047/5047
f 5032/5032/5032 5047/5047/5047 5033/5033/5033
f 5033/5033/5033 5047/5047/5047 5048/5048/5048
f 5033/5033/5033 5048/5048/5048 5034/5034/5034
f 5034/5034/5034 5048/5048/5048 5049/5049/5049
f 5034/5034/5034 5049/5049/5049 5035/5035/5035
f 5035/5035/5035 5049/5049/5049 5050/5050/5050
f 5035/5035/5035 5050/5050/5050 5036/5036/5036
f 5036/5036/5036 5050/5050/5050 5051/5051/5051
f 5036/5036/5036 5051/5051/5051 5037/5037/5037
f 5037/5037/5037 5051/5051/5051 5052/5052/5052
f 5037/5037/5037 5052/5052/5052 5038/5038/5038
f 5038/5038/5038 5052/5052/5052 5053/5053/5053
f 5038/5038/5038 5053/5053/5053 5039/5039/5039
f 5039/5039/5039 5053/5053/5053 5054/5054/5054
f 5039/5039/5039 5054/5054/5054 5040/5040/5040
f 5040/5040/5040 5054/5054/5054 5055/5055/5055
f 5040/5040/5040 5055/5055/5055 5041/5041/5041
f 5041/5041/5041 5055/5055/5055 5056/5056/5056
f 5041/5041/5041 5056/5056/5056 5042/5042/5042
f 5042/5042/5042 5056/5056/5056 5043/5043/5043
f 5042/5042/5042 5043/5043/5043 5029/5029/5029
f 5043/5043/5043 5057/5057/5057 5058/5058/5058
f 5043/5043/5043 5058/5058/5058 5044/5044/5044
f 5044/5044/5044 5058/5058/5058 5059/5059/5059
f 5044/5044/5044 5059/5059/5059 5045/5045/5045
f 5045/5045/5045 5059/5059/5059 5060/5060/5060
f 5045/5045/5045 5060/5060/5060 5046/5046/5046
f 5046/5046/5046 5060/5060/5060 5061/5061/5061
f 5046/5046/5046 5061/5061/5061 5047/5047/5047
f 5047/5047/5047 5061/5061/5061 5062/5062/5062
f 5047/5047/5047 5062/5062/5062 5048/5048/5048
f 5048/5048/5048 5062/5062/5062 5063/5063/5063
f 5048/5048/5048 5063/5063/5063 5049/5049/5049
f 5049/5049/5049 5063/5063/5063 5064/5064/5064
f 5049/5049/5049 5064/5064/5064 5050/5050/5050
f 5050/5050/5050 5064/5064/5064 5065/5065/5065
f 5050/5050/5050 5065/5065/5065 5051/5051/5051
f 5051/5051/5051 5065/5065/5065 5066/5066/5066
f 5051/5051/5051 5066/5066/5066 5052/5052/5052
f 5052/5052/5052 5066/5066/5066 5067/5067/5067
f 5052/5052/5052 5067/5067/5067 5053/5053/5053
f 5053/5053/5053 5067/5067/5067 5068/5068/5068
f 5053/5053/5053 5068/5068/5068 5054/5054/5054
f 5054/5054/5054 5068/5068/5068 5069/5069/5069
f 5054/5054/5054 5069/5069/5069 5055/5055/5055
f 5055/5055/5055 5069/5069/5069 5070/5070/5070
f 5055/5055/5055 5070/5070/5070 5056/5056/5056
f 5056/5056/5056 5070/5070/5070 5057/5057/5057
f 5056/5056/5056 5057/5057/5057 5043/5043/5043
f 5057/5057/5057 5071/5071/5071 5072/5072/5072
f 5057/5057/5057 5072/5072/5072 5058/5058/5058
f 5058/5058/5058 5072/5072/5072 5073/5073/5073
f 5058/5058/5058 5073/5073/5073 5059/5059/5059
f 5059/5059/5059 5073/5073/5073 5074/5074/5074
f 5059/5059/5059 5074/5074/5074 5060/5060/5060
f 5060/5060/5060 5074/5074/5074 5075/5075/5075
f 5060/5060/5060 5075/5075/5075 5061/5061/5061
f 5061/5061/5061 5075/5075/5075 5076/5076/5076
f 5061/5061/5061 5076/5076/5076 5062/5062/5062
f 5062/5062/5062 5076/5076/5076 5077/5077/5077
f 5062/5062/5062 5077/5077/5077 5063/5063/5063
f 5063/5063/5063 5077/5077/5077 5078/5078/5078
f 5063/5063/5063 5078/5078/5078 5064/5064/5064
f 5064/5064/5064 5078/5078/5078 5079/5079/5079
f 5064/5064/5064 5079/5079/5079 5065/5065/5065
f 5065/5065/5065 5079/5079/5079 5080/5080/5080
f 5065/5065/5065 5080/5080/5080 5066/5066/5066
f 5066/5066/5066 5080/5080/5080 5081/5081/5081
f 5066/5066/5066 5081/5081/5081 5067/5067/5067
f 5067/5067/5067 5081/5081/5081 5082/5082/5082
f 5067/5067/5067 5082/5082/5082 5068/5068/5068
f 5068/5068/5068 5082/5082/5082 5083/5083/5083
f 5068/5068/5068 5083/5083/5083 5069/5069/5069
f 5069/5069/5069 5083/5083/5083 5084/5084/5084
f 5069/5069/5069 5084/5084/5084 5070/5070/5070
f 5070/5070/5070 5084/5084/5084 5071/5071/5071
f 5070/5070/5070 5071/5071/5071 5057/5057/5057
f 5071/5071/5071 5085/5085/5085 5086/5086/5086
f 5071/5071/5071 5086/5086/5086 5072/5072/5072
f 5072/5072/5072 5086/5086/5086 5087/5087/5087
f 5072/5072/5072 5087/5087/5087 5073/5073/5073
f 5073/5073/5073 5087/5087/5087 5088/5088/5088
f 5073/5073/5073 5088/5088/5088 5074/5074/5074
f 5074/5074/5074 5088/5088/5088 5089/5089/5089
f 5074/5074/5074 5089/5089/5089 5075/5075/5075
f 5075/5075/5075 5089/5089/5089 5090/5090/5090
f 5075/5075/5075 5090/5090/5090 5076/5076/5076
f 5076/5076/5076 5090/5090/5090 5091/5091/5091
f 5076/5076/5076 5091/5091/5091 5077/5077/5077
f 5077/5077/5077 5091/5091/5091 5092/5092/5092
f 5077/5077/5077 5092/5092/5092 5078/5078/5078
f 5078/5078/5078 5092/5092/5092 5093/5093/5093
f 5078/5078/5078 5093/5093/5093 5079/5079/5079
f 5079/5079/5079 5093/5093/5093 5094/5094/5094
f 5079/5079/5079 5094/5094/5094 5080/5080/5080
f 5080/5080/5080 5094/5094/5094 5095/5095/5095
f 5080/5080/5080 5095/5095/5095 5081/5081/5081
f 5081/5081/5081 5095/5095/5095 5096/5096/5096
f 5081/5081/5081 5096/5096/5096 5082/5082/5082
f 5082/5082/5082 5096/5096/5096 5097/5097/5097
f 5082/5082/5082 5097/5097/5097 5083/5083/5083
f 5083/5083/5083 5097/5097/5097 5098/5098/5098
f 5083/5083/5083 5098/5098/5098 5084/5084/5084
f 5084/5084/5084 5098/5098/5098 5085/5085/5085
f 5084/5084/5084 5085/5085/5085 5071/5071/5071
f 5085/5085/5085 5099/5099/5099 5100/5100/5100
f 5085/5085/5085 5100/5100/5100 5086/5086/5086
f 5086/5086/5086 5100/5100/5100 5101/5101/5101
f 5086/5086/5086 5101/5101/5101 5087/5087/5087
f 5087/5087/5087 5101/5101/5101 5102/5102/5102
f 5087/5087/5087 5102/5102/5102 5088/5088/5088
f 5088/5088/5088 5102/5102/5102 5103/5103/5103
f 5088/5088/5088 5103/5103/5103 5089/5089/5089
f 5089/5089/5089 5103/5103/5103 5104/5104/5104
f 5089/5089/5089 5104/5104/5104 5090/5090/5090
f 5090/5090/5090 5104/5104/5104 5105/5105/5105
f 5090/5090/5090 5105/5105/5105 5091/5091/5091
f 5091/5091/5091 5105/5105/5105 5106/5106/5106
f 5091/5091/5091 5106/5106/5106 5092/5092/5092
f 5092/5092/5092 5106/5106/5106 5107/5107/5107
f 5092/5092/5092 5107/5107/5107 5093/5093/5093
f 5093/5093/5093 5107/5107/5107 5108/5108/5108
f 5093/5093/5093 5108/5108/5108 5094/5094/5094
f 5094/5094/5094 5108/5108/5108 5109/5109/5109
f 5094/5094/5094 5109/5109/5109 5095/5095/5095
f 5095/5095/5095 5109/5109/5109 5110/5110/5110
f 5095/5095/5095 5110/5110/5110 5096/5096/5096
f 5096/5096/5096 5110/5110/5110 5111/5111/5111
f 5096/5096/5096 5111/5111/5111 5097/5097/5097
f 5097/5097/5097 5111/5111/5111 5112/5112/5112
f 5097/5097/5097 5112/5112/5112 5098/5098/5098
f 5098/5098/5098 5112/5112/5112 5099/5099/5099
f 5098/5098/5098 5099/5099/5099 5085/5085/5085
f 5099/5099/5099 5113/5113/5113 5114/5114/5114
f 5099/5099/5099 5114/5114/5114 5100/5100/5100
f 5100/5100/5100 5114/5114/5114 5115/5115/5115
f 5100/5100/5100 5115/5115/5115 5101/5101/5101
f 5101/5101/5101 5115/5115/5115 5116/5116/5116
f 5101/5101/5101 5116/5116/5116 5102/5102/5102
f 5102/5102/5102 5116/5116/5116 5117/5117/5117
f 5102/5102/5102 5117/5117/5117 5103/5103/5103
f 5103/5103/5103 5117/5117/5117 5118/5118/5118
f 5103/5103/5103 5118/5118/5118 5104/5104/5104
f 5104/5104/5104 5118/5118/5118 5119/5119/5119
f 5104/5104/5104 5119/5119/5119 5105/5105/5105
f 5105/5105/5105 5119/5119/5119 5120/5120/5120
f 5105/5105/5105 5120/5120/5120 5106/5106/5106
f 5106/5106/5106 5120/5120/5120 5121/5121/5121
f 5106/5106/5106 5121/5121/5121 5107/5107/5107
f 5107/5107/5107 5121/5121/5121 5122/5122/5122
f 5107/5107/5107 5122/5122/5122 5108/5108/5108
f 5108/5108/5108 5122/5122/5122 5123/5123/5123
f 5108/5108/5108 5123/5123/5123 5109/5109/5109
f 5109/5109/5109 5123/5123/5123 5124/5124/5124
f 5109/5109/5109 5124/5124/5124 5110/5110/5110
f 5110/5110/5110 5124/5124/5124 5125/5125/5125
f 5110/5110/5110 5125/5125/5125 5111/5111/5111
f 5111/5111/5111 5125/5125/5125 5126/5126/5126
f 5111/5111/5111 5126/5126/5126 5112/5112/5112
f 5112/5112/5112 5126/5126/5126 5113/5113/5113
f 5112/5112/5112 5113/5113/5113 5099/5099/5099
f 5113/5113/5113 5127/5127/5127 5128/5128/5128
f 5113/5113/5113 5128/5128/5128 5114/5114/5114
f 5114/5114/5114 5128/5128/5128 5129/5129/5129
f 5114/5114/5114 5129/5129/5129 5115/5115/5115
f 5115/5115/5115 5129/5129/5129 5130/5130/5130
f 5115/5115/5115 5130/5130/5130 5116/5116/5116
f 5116/5116/5116 5130/5130/5130 5131/5131/5131
f 5116/5116/5116 5131/5131/5131 5117/5117/5117
f 5117/5117/5117 5131/5131/5131 5132/5132/5132
f 5117/5117/5117 5132/5132/5132 5118/5118/5118
f 5118/5118/5118 5132/5132/5132 5133/5133/5133
f 5118/5118/5118 5133/5133/5133 5119/5119/5119
f 5119/5119/5119 5133/5133/5133 5134/5134/5134
f 5119/5119/5119 5134/5134/5134 5120/5120/5120
f 5120/5120/5120 5134/5134/5134 5135/5135/5135
f 5120/5120/5120 5135/5135/5135 5121/5121/5121
f 5121/5121/5121 5135/5135/5135 5136/5136/5136
f 5121/5121/5121 5136/5136/5136 5122/5122/5122
f 5122/5122/5122 5136/5136/5136 5137/5137/5137
f 5122/5122/5122 5137/5137/5137 5123/5123/5123
f 5123/5123/5123 5137/5137/5137 5138/5138/5138
f 5123/5123/5123 5138/5138/5138 5124/5124/5124
f 5124/5124/5124 5138/5138/5138 5139/5139/5139
f 5124/5124/5124 5139/5139/5139 5125/5125/5125
f 5125/5125/5125 5139/5139/5139 5140/5140/5140
f 5125/5125/5125 5140/5140/5140 5126/5126/5126
f 5126/5126/5126 5140/5140/5140 5127/5127/5127
f 5126/5126/5126 5127/5127/5127 5113/5113/5113
f 5127/5127/5127 5141/5141/5141 5142/5142/5142
f 5127/5127/5127 5142/5142/5142 5128/5128/5128
f 5128/5128/5128 5142/5142/5142 5143/5143/5143
f 5128/5128/5128 5143/5143/5143 5129/5129/5129
f 5129/5129/5129 5143/5143/5143 5144/5144/5144
f 5129/5129/5129 5144/5144/5144 5130/5130/5130
f 5130/5130/5130 5144/5144/5144 5145/5145/5145
f 5130/5130/5130 5145/5145/5145 5131/5131/5131
f 5131/5131/5131 5145/5145/5145 5146/5146/5146
f 5131/5131/5131 5146/5146/5146 5132/5132/5132
f 5132/5132/5132 5146/5146/5146 5147/5147/5147
f 5132/5132/5132 5147/5147/5147 5133/5133/5133
f 5133/5133/5133 5147/5147/5147 5148/5148/5148
f 5133/5133/5133 5148/5148/5148 5134/5134/5134
f 5134/5134/5134 5148/5148/5148 5149/5149/5149
f 5134/5134/5134 5149/5149/5149 5135/5135/5135
f 5135/5135/5135 5149/5149/5149 5150/5150/5150
f 5135/5135/5135 5150/5150/5150 5136/5136/5136
f 5136/5136/5136 5150/5150/5150 5151/5151/5151
f 5136/5136/5136 5151/5151/5151 5137/5137/5137
f 5137/5137/5137 5151/5151/5151 5152/5152/5152
f 5137/5137/5137 5152/5152/5152 5138/5138/5138
f 5138/5138/5138 5152/5152/5152 5153/5153/5153
f 5138/5138/5138 5153/5153/5153 5139/5139/5139
f 5139/5139/5139 5153/5153/5153 5154/5154/5154
f 5139/5139/5139 5154/5154/5154 5140/5140/5140
f 5140/5140/5140 5154/5154/5154 5141/5141/5141
f 5140/5140/5140 5141/5141/5141 5127/5127/5127
f 5141/5141/5141 5155/5155/5155 5156/5156/5156
f 5141/5141/5141 5156/5156/5156 5142/5142/5142
f 5142/5142/5142 5156/5156/5156 5157/5157/5157
f 5142/5142/5142 5157/5157/5157 5143/5143/5143
f 5143/5143/5143 5157/5157/5157 5158/5158/5158
f 5143/5143/5143 5158/5158/5158 5144/5144/5144
f 5144/5144/5144 5158/5158/5158 5159/5159/5159
f 5144/5144/5144 5159/5159/5159 5145/5145/5145
f 5145/5145/5145 5159/5159/5159 5160/5160/5160
f 5145/5145/5145 5160/5160/5160 5146/5146/5146
f 5146/5146/5146 5160/5160/5160 5161/5161/5161
f 5146/5146/5146 5161/5161/5161 5147/5147/5147
f 5147/5147/5147 5161/5161/5161 5162/5162/5162
f 5147/5147/5147 5162/5162/5162 5148/5148/5148
f 5148/5148/5148 5162/5162/5162 5163/5163/5163
f 5148/5148/5148 5163/5163/5163 5149/5149/5149
f 5149/5149/5149 5163/5163/5163 5164/5164/5164
f 5149/5149/5149 5164/5164/5164 5150/5150/5150
f 5150/5150/5150 5164/5164/5164 5165/5165/5165
f 5150/5150/5150 5165/5165/5165 5151/5151/5151
f 5151/5151/5151 5165/5165/5165 5166/5166/5166
f 5151/5151/5151 5166/5166/5166 5152/5152/5152
f 5152/5152/5152 5166/5166/5166 5167/5167/5167
f 5152/5152/5152 5167/5167/5167 5153/5153/5153
f 5153/5153/5153 5167/5167/5167 5168/5168/5168
f 5153/5153/5153 5168/5168/5168 5154/5154/5154
f 5154/5154/5154 5168/5168/5168 5155/5155/5155
f 5154/5154/5154 5155/5155/5155 5141/5141/5141
f 5155/5155/5155 5169/5169/5169 5170/5170/5170
f 5155/5155/5155 5170/5170/5170 5156/5156/5156
f 5156/5156/5156 5170/5170/5170 5171/5171/5171
f 5156/5156/5156 5171/5171/5171 5157/5157/5157
f 5157/5157/5157 5171/5171/5171 5172/5172/5172
f 5157/5157/5157 5172/5172/5172 5158/5158/5158
f 5158/5158/5158 5172/5172/5172 5173/5173/5173
f 5158/5158/5158 5173/5173/5173 5159/5159/5159
f 5159/5159/5159 5173/5173/5173 5174/5174/5174
f 5159/5159/5159 5174/5174/5174 5160/5160/5160
f 5160/5160/5160 5174/5174/5174 5175/5175/5175
f 5160/5160/5160 5175/5175/5175 5161/5161/5161
f 5161/5161/5161 5175/5175/5175 5176/5176/5176
f 5161/5161/5161 5176/5176/5176 5162/5162/5162
f 5162/5162/5162 5176/5176/5176 5177/5177/5177
f 5162/5162/5162 5177/5177/5177 5163/5163/5163
f 5163/5163/5163 5177/5177/5177 5178/5178/5178
f 5163/5163/5163 5178/5178/5178 5164/5164/5164
f 5164/5164/5164 5178/5178/5178 5179/5179/5179
f 5164/5164/5164 5179/5179/5179 5165/5165/5165
f 5165/5165/5165 5179/5179/5179 5180/5180/5180
f 5165/5165/5165 5180/5180/5180 5166/5166/5166
f 5166/5166/5166 5180/5180/5180 5181/5181/5181
f 5166/5166/5166 5181/5181/5181 5167/5167/5167
f 5167/5167/5167 5181/5181/5181 5182/5182/5182
f 5167/5167/5167 5182/5182/5182 5168/5168/5168
f 5168/5168/5168 5182/5182/5182 5169/5169/5169
f 5168/5168/5168 5169/5169/5169 5155/5155/5155
f 5169/5169/5169 5183/5183/5183 5184/5184/5184
f 5169/5169/5169 5184/5184/5184 5170/5170/5170
f 5170/5170/5170 5184/5184/5184 5185/5185/5185
f 5170/5170/5170 5185/5185/5185 5171/5171/5171
f 5171/5171/5171 5185/5185/5185 5186/5186/5186
f 5171/5171/5171 5186/5186/5186 5172/5172/5172
f 5172/5172/5172 5186/5186/5186 5187/5187/5187
f 5172/5172/5172 5187/5187/5187 5173/5173/5173
f 5173/5173/5173 5187/5187/5187 5188/5188/5188
f 5173/5173/5173 5188/5188/5188 5174/5174/5174
f 5174/5174/5174 5188/5188/5188 5189/5189/5189
f 5174/5174/5174 5189/5189/5189 5175/5175/5175
f 5175/5175/5175 5189/5189/5189 5190/5190/5190
f 5175/5175/5175 5190/5190/5190 5176/5176/5176
f 5176/5176/5176 5190/5190/5190 5191/5191/5191
f 5176/5176/5176 5191/5191/5191 5177/5177/5177
f 5177/5177/5177 5191/5191/5191 5192/5192/5192
f 5177/5177/5177 5192/5192/5192 5178/5178/5178
f 5178/5178/5178 5192/5192/5192 5193/5193/5193
f 5178/5178/5178 5193/5193/5193 5179/5179/5179
f 5179/5179/5179 5193/5193/5193 5194/5194/5194
f 5179/5179/5179 5194/5194/5194 5180/5180/5180
f 5180/5180/5180 5194/5194/5194 5195/5195/5195
f 5180/5180/5180 5195/5195/5195 5181/5181/5181
f 5181/5181/5181 5195/5195/5195 5196/5196/5196
f 5181/5181/5181 5196/5196/5196 5182/5182/5182
f 5182/5182/5182 5196/5196/5196 5183/5183/5183
f 5182/5182/5182 5183/5183/5183 5169/5169/5169
f 5183/5183/5183 5197/5197/5197 5198/5198/5198
f 5183/5183/5183 5198/5198/5198 5184/5184/5184
f 5184/5184/5184 5198/5198/5198 5199/5199/5199
f 5184/5184/5184 5199/5199/5199 5185/5185/5185
f 5185/5185/5185 5199/5199/5199 5200/5200/5200
f 5185/5185/5185 5200/5200/5200 5186/5186/5186
f 5186/5186/5186 5200/5200/5200 5201/5201/5201
f 5186/5186/5186 5201/5201/5201 5187/5187/5187
f 5187/5187/5187 5201/5201/5201 5202/5202/5202
f 5187/5187/5187 5202/5202/5202 5188/5188/5188
f 5188/5188/5188 5202/5202/5202 5203/5203/5203
f 5188/5188/5188 5203/5203/5203 5189/5189/5189
f 5189/5189/5189 5203/5203/5203 5204/5204/5204
f 5189/5189/5189 5204/5204/5204 5190/5190/5190
f 5190/5190/5190 5204/5204/5204 5205/5205/5205
f 5190/5190/5190 5205/5205/5205 5191/5191/5191
f 5191/5191/5191 5205/5205/5205 5206/5206/5206
f 5191/5191/5191 5206/5206/5206 5192/5192/5192
f 5192/5192/5192 5206/5206/5206 5207/5207/5207
f 5192/5192/5192 5207/5207/5207 5193/5193/5193
f 5193/5193/5193 5207/5207/5207 5208/5208/5208
f 5193/5193/5193 5208/5208/5208 5194/5194/5194
f 5194/5194/5194 5208/5208/5208 5209/5209/5209
f 5194/5194/5194 5209/5209/5209 5195/5195/5195
f 5195/5195/5195 5209/5209/5209 5210/5210/5210
f 5195/5195/5195 5210/5210/5210 5196/5196/5196
f 5196/5196/5196 5210/5210/5210 5197/5197/5197
f 5196/5196/5196 5197/5197/5197 5183/5183/5183
f 5197/5197/5197 5211/5211/5211 5212/5212/5212
f 5197/5197/5197 5212/5212/5212 5198/5198/5198
f 5198/5198/5198 5212/5212/5212 5213/5213/5213
f 5198/5198/5198 5213/5213/5213 5199/5199/5199
f 5199/5199/5199 5213/5213/5213 5214/5214/5214
f 5199/5199/5199 5214/5214/5214 5200/5200/5200
f 5200/5200/5200 5214/5214/5214 5215/5215/5215
f 5200/5200/5200 5215/5215/5215 5201/5201/5201
f 5201/5201/5201 5215/5215/5215 5216/5216/5216
f 5201/5201/5201 5216/5216/5216 5202/5202/5202
f 5202/5202/5202 5216/5216/5216 5217/5217/5217
f 5202/5202/5202 5217/5217/5217 5203/5203/5203
f 5203/5203/5203 5217/5217/5217 5218/5218/5218
f 5203/5203/5203 5218/5218/5218 5204/5204/5204
f 5204/5204/5204 5218/5218/5218 5219/5219/5219
f 5204/5204/5204 5219/5219/5219 5205/5205/5205
f 5205/5205/5205 5219/5219/5219 5220/5220/5220
f 5205/5205/5205 5220/5220/5220 5206/5206/5206
f 5206/5206/5206 5220/5220/5220 5221/5221/5221
f 5206/5206/5206 5221/5221/5221 5207/5207/5207
f 5207/5207/5207 5221/5221/5221 5222/5222/5222
f 5207/5207/5207 5222/5222/5222 5208/5208/5208
f 5208/5208/5208 5222/5222/5222 5223/5223/5223
f 5208/5208/5208 5223/5223/5223 5209/5209/5209
f 5209/5209/5209 5223/5223/5223 5224/5224/5224
f 5209/5209/5209 5224/5224/5224 5210/5210/5210
f 5210/5210/5210 5224/5224/5224 5211/5211/5211
f 5210/5210/5210 5211/5211/5211 5197/5197/5197
f 5211/5211/5211 5225/5225/5225 5226/5226/5226
f 5211/5211/5211 5226/5226/5226 5212/5212/5212
f 5212/5212/5212 5226/5226/5226 5227/5227/5227
f 5212/5212/5212 5227/5227/5227 5213/5213/5213
f 5213/5213/5213 5227/5227/5227 5228/5228/5228
f 5213/5213/5213 5228/5228/5228 5214/5214/5214
f 5214/5214/5214 5228/5228/5228 5229/5229/5229
f 5214/5214/5214 5229/5229/5229 5215/5215/5215
f 5215/5215/5215 5229/5229/5229 5230/5230/5230
f 5215/5215/5215 5230/5230/5230 5216/5216/5216
f 5216/5216/5216 5230/5230/5230 5231/5231/5231
f 5216/5216/5216 5231/5231/5231 5217/5217/5217
f 5217/5217/5217 5231/5231/5231 5232/5232/5232
f 5217/5217/5217 5232/5232/5232 5218/5218/5218
f 5218/5218/5218 5232/5232/5232 5233/5233/5233
f 5218/5218/5218 5233/5233/5233 5219/5219/5219
f 5219/5219/5219 5233/5233/5233 5234/5234/5234
f 5219/5219/5219 5234/5234/5234 5220/5220/5220
f 5220/5220/5220 5234/5234/5234 5235/5235/5235
f 5220/5220/5220 5235/5235/5235 5221/5221/5221
f 5221/5221/5221 5235/5235/5235 5236/5236/5236
f 5221/5221/5221 5236/5236/5236 5222/5222/5222
f 5222/5222/5222 5236/5236/5236 5237/5237/5237
f 5222/5222/5222 5237/5237/5237 5223/5223/5223
f 5223/5223/5223 5237/5237/5237 5238/5238/5238
f 5223/5223/5223 5238/5238/5238 5224/5224/5224
f 5224/5224/5224 5238/5238/5238 5225/5225/5225
f 5224/5224/5224 5225/5225/5225 5211/5211/5211
f 5225/5225/5225 5239/5239/5239 5240/5240/5240
f 5225/5225/5225 5240/5240/5240 5226/5226/5226
f 5226/5226/5226 5240/5240/5240 5241/5241/5241
f 5226/5226/5226 5241/5241/5241 5227/5227/5227
f 5227/5227/5227 5241/5241/5241 5242/5242/5242
f 5227/5227/5227 5242/5242/5242 5228/5228/5228
f 5228/5228/5228 5242/5242/5242 5243/5243/5243
f 5228/5228/5228 5243/5243/5243 5229/5229/5229
f 5229/5229/5229 5243/5243/5243 5244/5244/5244
f 5229/5229/5229 5244/5244/5244 5230/5230/5230
f 5230/5230/5230 5244/5244/5244 5245/5245/5245
f 5230/5230/5230 5245/5245/5245 5231/5231/5231
f 5231/5231/5231 5245/5245/5245 5246/5246/5246
f 5231/5231/5231 5246/5246/5246 5232/5232/5232
f 5232/5232/5232 5246/5246/5246 5247/5247/5247
f 5232/5232/5232 5247/5247/5247 5233/5233/5233
f 5233/5233/5233 5247/5247/5247 5248/5248/5248
f 5233/5233/5233 5248/5248/5248 5234/5234/5234
f 5234/5234/5234 5248/5248/5248 5249/5249/5249
f 5234/5234/5234 5249/5249/5249 5235/5235/5235
f 5235/5235/5235 5249/5249/5249 5250/5250/5250
f 5235/5235/5235 5250/5250/5250 5236/5236/5236
f 5236/5236/5236 5250/5250/5250 5251/5251/5251
f 5236/5236/5236 5251/5251/5251 5237/5237/5237
f 5237/5237/5237 5251/5251/5251 5252/5252/5252
f 5237/5237/5237 5252/5252/5252 5238/5238/5238
f 5238/5238/5238 5252/5252/5252 5239/5239/5239
f 5238/5238/5238 5239/5239/5239 5225/5225/5225
f 5239/5239/5239 5253/5253/5253 5254/5254/5254
f 5239/5239/5239 5254/5254/5254 5240/5240/5240
f 5240/5240/5240 5254/5254/5254 5255/5255/5255
f 5240/5240/5240 5255/5255/5255 5241/5241/5241
f 5241/5241/5241 5255/5255/5255 5256/5256/5256
f 5241/5241/5241 5256/5256/5256 5242/5242/5242
f 5242/5242/5242 5256/5256/5256 5257/5257/5257
f 5242/5242/5242 5257/5257/5257 5243/5243/5243
f 5243/5243/5243 5257/5257/5257 5258/5258/5258
f 5243/5243/5243 5258/5258/5258 5244/5244/5244
f 5244/5244/5244 5258/5258/5258 5259/5259/5259
f 5244/5244/5244 5259/5259/5259 5245/5245/5245
f 5245/5245/5245 5259/5259/5259 5260/5260/5260
f 5245/5245/5245 5260/5260/5260 5246/5246/5246
f 5246/5246/5246 5260/5260/5260 5261/5261/5261
f 5246/5246/5246 5261/5261/5261 5247/5247/5247
f 5247/5247/5247 5261/5261/5261 5262/5262/5262
f 5247/5247/5247 5262/5262/5262 5248/5248/5248
f 5248/5248/5248 5262/5262/5262 5263/5263/5263
f 5248/5248/5248 5263/5263/5263 5249/5249/5249
f 5249/5249/5249 5263/5263/5263 5264/5264/5264
f 5249/5249/5249 5264/5264/5264 5250/5250/5250
f 5250/5250/5250 5264/5264/5264 5265/5265/5265
f 5250/5250/5250 5265/5265/5265 5251/5251/5251
f 5251/5251/5251 5265/5265/5265 5266/5266/5266
f 5251/5251/5251 5266/5266/5266 5252/5252/5252
f 5252/5252/5252 5266/5266/5266 5253/5253/5253
f 5252/5252/5252 5253/5253/5253 5239/5239/5239
f 5253/5253/5253 5267/5267/5267 5268/5268/5268
f 5253/5253/5253 5268/5268/5268 5254/5254/5254
f 5254/5254/5254 5268/5268/5268 5269/5269/5269
f 5254/5254/5254 5269/5269/5269 5255/5255/5255
f 5255/5255/5255 5269/5269/5269 5270/5270/5270
f 5255/5255/5255 5270/5270/5270 5256/5256/5256
f 5256/5256/5256 5270/5270/5270 5271/5271/5271
f 5256/5256/5256 5271/5271/5271 5257/5257/5257
f 5257/5257/5257 5271/5271/5271 5272/5272/5272
f 5257/5257/5257 5272/5272/5272 5258/5258/5258
f 5258/5258/5258 5272/5272/5272 5273/5273/5273
f 5258/5258/5258 5273/5273/5273 5259/5259/5259
f 5259/5259/5259 5273/5273/5273 5274/5274/5274
f 5259/5259/5259 5274/5274/5274 5260/5260/5260
f 5260/5260/5260 5274/5274/5274 5275/5275/5275
f 5260/5260/5260 5275/5275/5275 5261/5261/5261
f 5261/5261/5261 5275/5275/5275 5276/5276/5276
f 5261/5261/5261 5276/5276/5276 5262/5262/5262
f 5262/5262/5262 5276/5276/5276 5277/5277/5277
f 5262/5262/5262 5277/5277/5277 5263/5263/5263
f 5263/5263/5263 5277/5277/5277 5278/5278/5278
f 5263/5263/5263 5278/5278/5278 5264/5264/5264
f 5264/5264/5264 5278/5278/5278 5279/5279/5279
f 5264/5264/5264 5279/5279/5279 5265/5265/5265
f 5265/5265/5265 5279/5279/5279 5280/5280/5280
f 5265/5265/5265 5280/5280/5280 5266/5266/5266
f 5266/5266/5266 5280/5280/5280 5267/5267/5267
f 5266/5266/5266 5267/5267/5267 5253/5253/5253
f 5267/5267/5267 5281/5281/5281 5282/5282/5282
f 5267/5267/5267 5282/5282/5282 5268/5268/5268
f 5268/5268/5268 5282/5282/5282 5283/5283/5283
f 5268/5268/5268 5283/5283/5283 5269/5269/5269
f 5269/5269/5269 5283/5283/5283 5284/5284/5284
f 5269/5269/5269 5284/5284/5284 5270/5270/5270
f 5270/5270/5270 5284/5284/5284 5285/5285/5285
f 5270/5270/5270 5285/5285/5285 5271/5271/5271
f 5271/5271/5271 5285/5285/5285 5286/5286/5286
f 5271/5271/5271 5286/5286/5286 5272/5272/5272
f 5272/5272/5272 5286/5286/5286 5287/5287/5287
f 5272/5272/5272 5287/5287/5287 5273/5273/5273
f 5273/5273/5273 5287/5287/5287 5288/5288/5288
f 5273/5273/5273 5288/5288/5288 5274/5274/5274
f 5274/5274/5274 5288/5288/5288 5289/5289/5289
f 5274/5274/5274 5289/5289/5289 5275/5275/5275
f 5275/5275/5275 5289/5289/5289 5290/5290/5290
f 5275/5275/5275 5290/5290/5290 5276/5276/5276
f 5276/5276/5276 5290/5290/5290 5291/5291/5291
f 5276/5276/5276 5291/5291/5291 5277/5277/5277
f 5277/5277/5277 5291/5291/5291 5292/5292/5292
f 5277/5277/5277 5292/5292/5292 5278/5278/5278
f 5278/5278/5278 5292/5292/5292 5293/5293/5293
f 5278/5278/5278 5293/5293/5293 5279/5279/5279
f 5279/5279/5279 5293/5293/5293 5294/5294/5294
f 5279/5279/5279 5294/5294/5294 5280/5280/5280
f 5280/5280/5280 5294/5294/5294 5281/5281/5281
f 5280/5280/5280 5281/5281/5281 5267/5267/5267
f 5281/5281/5281 5295/5295/5295 5296/5296/5296
f 5281/5281/5281 5296/5296/5296 5282/5282/5282
f 5282/5282/5282 5296/5296/5296 5297/5297/5297
f 5282/5282/5282 5297/5297/5297 5283/5283/5283
f 5283/5283/5283 5297/5297/5297 5298/5298/5298
f 5283/5283/5283 5298/5298/5298 5284/5284/5284
f 5284/5284/5284 5298/5298/5298 5299/5299/5299
f 5284/5284/5284 5299/5299/5299 5285/5285/5285
f 5285/5285/5285 5299/5299/5299 5300/5300/5300
f 5285/5285/5285 5300/5300/5300 5286/5286/5286
f 5286/5286/5286 5300/5300/5300 5301/5301/5301
f 5286/5286/5286 5301/5301/5301 5287/5287/5287
f 5287/5287/5287 5301/5301/5301 5302/5302/5302
f 5287/5287/5287 5302/5302/5302 5288/5288/5288
f 5288/5288/5288 5302/5302/5302 5303/5303/5303
f 5288/5288/5288 5303/5303/5303 5289/5289/5289
f 5289/5289/5289 5303/5303/5303 5304/5304/5304
f 5289/5289/5289 5304/5304/5304 5290/5290/5290
f 5290/5290/5290 5304/5304/5304 5305/5305/5305
f 5290/5290/5290 5305/5305/5305 5291/5291/5291
f 5291/5291/5291 5305/5305/5305 5306/5306/5306
f 5291/5291/5291 5306/5306/5306 5292/5292/5292
f 5292/5292/5292 5306/5306/5306 5307/5307/5307
f 5292/5292/5292 5307/5307/5307 5293/5293/5293
f 5293/5293/5293 5307/5307/5307 5308/5308/5308
f 5293/5293/5293 5308/5308/5308 5294/5294/5294
f 5294/5294/5294 5308/5308/5308 5295/5295/5295
f 5294/5294/5294 5295/5295/5295 5281/5281/5281
f 5295/5295/5295 5309/5309/5309 5310/5310/5310
f 5295/5295/5295 5310/5310/5310 5296/5296/5296
f 5296/5296/5296 5310/5310/5310 5311/5311/5311
f 5296/5296/5296 5311/5311/5311 5297/5297/5297
f 5297/5297/5297 5311/5311/5311 5312/5312/5312
f 5297/5297/5297 5312/5312/5312 5298/5298/5298
f 5298/5298/5298 5312/5312/5312 5313/5313/5313
f 5298/5298/5298 5313/5313/5313 5299/5299/5299
f 5299/5299/5299 5313/5313/5313 5314/5314/5314
f 5299/5299/5299 5314/5314/5314 5300/5300/5300
f 5300/5300/5300 5314/5314/5314 5315/5315/5315
f 5300/5300/5300 5315/5315/5315 5301/5301/5301
f 5301/5301/5301 5315/5315/5315 5316/5316/5316
f 5301/5301/5301 5316/5316/5316 5302/5302/5302
f 5302/5302/5302 5316/5316/5316 5317/5317/5317
f 5302/5302/5302 5317/5317/5317 5303/5303/5303
f 5303/5303/5303 5317/5317/5317 5318/5318/5318
f 5303/5303/5303 5318/5318/5318 5304/5304/5304
f 5304/5304/5304 5318/5318/5318 5319/5319/5319
f 5304/5304/5304 5319/5319/5319 5305/5305/5305
f 5305/5305/5305 5319/5319/5319 5320/5320/5320
f 5305/5305/5305 5320/5320/5320 5306/5306/5306
f 5306/5306/5306 5320/5320/5320 5321/5321/5321
f 5306/5306/5306 5321/5321/5321 5307/5307/5307
f 5307/5307/5307 5321/5321/5321 5322/5322/5322
f 5307/5307/5307 5322/5322/5322 5308/5308/5308
f 5308/5308/5308 5322/5322/5322 5309/5309/5309
f 5308/5308/5308 5309/5309/5309 5295/5295/5295
f 5309/5309/5309 5323/5323/5323 5324/5324/5324
f 5309/5309/5309 5324/5324/5324 5310/5310/5310
f 5310/5310/5310 5324/5324/5324 5325/5325/5325
f 5310/5310/5310 5325/5325/5325 5311/5311/5311
f 5311/5311/5311 5325/5325/5325 5326/5326/5326
f 5311/5311/5311 5326/5326/5326 5312/5312/5312
f 5312/5312/5312 5326/5326/5326 5327/5327/5327
f 5312/5312/5312 5327/5327/5327 5313/5313/5313
f 5313/5313/5313 5327/5327/5327 5328/5328/5328
f 5313/5313/5313 5328/5328/5328 5314/5314/5314
f 5314/5314/5314 5328/5328/5328 5329/5329/5329
f 5314/5314/5314 5329/5329/5329 5315/5315/5315
f 5315/5315/5315 5329/5329/5329 5330/5330/5330
f 5315/5315/5315 5330/5330/5330 5316/5316/5316
f 5316/5316/5316 5330/5330/5330 5331/5331/5331
f 5316/5316/5316 5331/5331/5331 5317/5317/5317
f 5317/5317/5317 5331/5331/5331 5332/5332/5332
f 5317/5317/5317 5332/5332/5332 5318/5318/5318
f 5318/5318/5318 5332/5332/5332 5333/5333/5333
f 5318/5318/5318 5333/5333/5333 5319/5319/5319
f 5319/5319/5319 5333/5333/5333 5334/5334/5334
f 5319/5319/5319 5334/5334/5334 5320/5320/5320
f 5320/5320/5320 5334/5334/5334 5335/5335/5335
f 5320/5320/5320 5335/5335/5335 5321/5321/5321
f 5321/5321/5321 5335/5335/5335 5336/5336/5336
f 5321/5321/5321 5336/5336/5336 5322/5322/5322
f 5322/5322/5322 5336/5336/5336 5323/5323/5323
f 5322/5322/5322 5323/5323/5323 5309/5309/5309
f 5323/5323/5323 5337/5337/5337 5338/5338/5338
f 5323/5323/5323 5338/5338/5338 5324/5324/5324
f 5324/5324/5324 5338/5338/5338 5339/5339/5339
f 5324/5324/5324 5339/5339/5339 5325/5325/5325
f 5325/5325/5325 5339/5339/5339 5340/5340/5340
f 5325/5325/5325 5340/5340/5340 5326/5326/5326
f 5326/5326/5326 5340/5340/5340 5341/5341/5341
f 5326/5326/5326 5341/5341/5341 5327/5327/5327
f 5327/5327/5327 5341/5341/5341 5342/5342/5342
f 5327/5327/5327 5342/5342/5342 5328/5328/5328
f 5328/5328/5328 5342/5342/5342 5343/5343/5343
f 5328/5328/5328 5343/5343/5343 5329/5329/5329
f 5329/5329/5329 5343/5343/5343 5344/5344/5344
f 5329/5329/5329 5344/5344/5344 5330/5330/5330
f 5330/5330/5330 5344/5344/5344 5345/5345/5345
f 5330/5330/5330 5345/5345/5345 5331/5331/5331
f 5331/5331/5331 5345/5345/5345 5346/5346/5346
f 5331/5331/5331 5346/5346/5346 5332/5332/5332
f 5332/5332/5332 5346/5346/5346 5347/5347/5347
f 5332/5332/5332 5347/5347/5347 5333/5333/5333
f 5333/5333/5333 5347/5347/5347 5348/5348/5348
f 5333/5333/5333 5348/5348/5348 5334/5334/5334
f 5334/5334/5334 5348/5348/5348 5349/5349/5349
f 5334/5334/5334 5349/5349/5349 5335/5335/5335
f 5335/5335/5335 5349/5349/5349 5350/5350/5350
f 5335/5335/5335 5350/5350/5350 5336/5336/5336
f 5336/5336/5336 5350/5350/5350 5337/5337/5337
f 5336/5336/5336 5337/5337/5337 5323/5323/5323
f 5337/5337/5337 5351/5351/5351 5352/5352/5352
f 5337/5337/5337 5352/5352/5352 5338/5338/5338
f 5338/5338/5338 5352/5352/5352 5353/5353/5353
f 5338/5338/5338 5353/5353/5353 5339/5339/5339
f 5339/5339/5339 5353/5353/5353 5354/5354/5354
f 5339/5339/5339 5354/5354/5354 5340/5340/5340
f 5340/5340/5340 5354/5354/5354 5355/5355/5355
f 5340/5340/5340 5355/5355/5355 5341/5341/5341
f 5341/5341/5341 5355/5355/5355 5356/5356/5356
f 5341/5341/5341 5356/5356/5356 5342/5342/5342
f 5342/5342/5342 5356/5356/5356 5357/5357/5357
f 5342/5342/5342 5357/5357/5357 5343/5343/5343
f 5343/5343/5343 5357/5357/5357 5358/5358/5358
f 5343/5343/5343 5358/5358/5358 5344/5344/5344
f 5344/5344/5344 5358/5358/5358 5359/5359/5359
f 5344/5344/5344 5359/5359/5359 5345/5345/5345
f 5345/5345/5345 5359/5359/5359 5360/5360/5360
f 5345/5345/5345 5360/5360/5360 5346/5346/5346
f 5346/5346/5346 5360/5360/5360 5361/5361/5361
f 5346/5346/5346 5361/5361/5361 5347/5347/5347
f 5347/5347/5347 5361/5361/5361 5362/5362/5362
f 5347/5347/5347 5362/5362/5362 5348/5348/5348
f 5348/5348/5348 5362/5362/5362 5363/5363/5363
f 5348/5348/5348 5363/5363/5363 5349/5349/5349
f 5349/5349/5349 5363/5363/5363 5364/5364/5364
f 5349/5349/5349 5364/5364/5364 5350/5350/5350
f 5350/5350/5350 5364/5364/5364 5351/5351/5351
f 5350/5350/5350 5351/5351/5351 5337/5337/5337
f 5351/5351/5351 5365/5365/5365 5366/5366/5366
f 5351/5351/5351 5366/5366/5366 5352/5352/5352
f 5352/5352/5352 5366/5366/5366 5367/5367/5367
f 5352/5352/5352 5367/5367/5367 5353/5353/5353
f 5353/5353/5353 5367/5367/5367 5368/5368/5368
f 5353/5353/5353 5368/5368/5368 5354/5354/5354
f 5354/5354/5354 5368/5368/5368 5369/5369/5369
f 5354/5354/5354 5369/5369/5369 5355/5355/5355
f 5355/5355/5355 5369/5369/5369 5370/5370/5370
f 5355/5355/5355 5370/5370/5370 5356/5356/5356
f 5356/5356/5356 5370/5370/5370 5371/5371/5371
f 5356/5356/5356 5371/5371/5371 5357/5357/5357
f 5357/5357/5357 5371/5371/5371 5372/5372/5372
f 5357/5357/5357 5372/5372/5372 5358/5358/5358
f 5358/5358/5358 5372/5372/5372 5373/5373/5373
f 5358/5358/5358 5373/5373/5373 5359/5359/5359
f 5359/5359/5359 5373/5373/5373 5374/5374/5374
f 5359/5359/5359 5374/5374/5374 5360/5360/5360
f 5360/5360/5360 5374/5374/5374 5375/5375/5375
f 5360/5360/5360 5375/5375/5375 5361/5361/5361
f 5361/5361/5361 5375/5375/5375 5376/5376/5376
f 5361/5361/5361 5376/5376/5376 5362/5362/5362
f 5362/5362/5362 5376/5376/5376 5377/5377/5377
f 5362/5362/5362 5377/5377/5377 5363/5363/5363
f 5363/5363/5363 5377/5377/5377 5378/5378/5378
f 5363/5363/5363 5378/5378/5378 5364/5364/5364
f 5364/5364/5364 5378/5378/5378 5365/5365/5365
f 5364/5364/5364 5365/5365/5365 5351/5351/5351
f 5365/5365/5365 4987/4987/4987 4988/4988/4988
f 5365/5365/5365 4988/4988/4988 5366/5366/5366
f 5366/5366/5366 4988/4988/4988 4989/4989/4989
f 5366/5366/5366 4989/4989/4989 5367/5367/5367
f 5367/5367/5367 4989/4989/4989 4990/4990/4990
f 5367/5367/5367 4990/4990/4990 5368/5368/5368
f 5368/5368/5368 4990/4990/4990 4991/4991/4991
f 5368/5368/5368 4991/4991/4991 5369/5369/5369
f 5369/5369/5369 4991/4991/4991 4992/4992/4992
f 5369/5369/5369 4992/4992/4992 5370/5370/5370
f 5370/5370/5370 4992/4992/4992 4993/4993/4993
f 5370/5370/5370 4993/4993/4993 5371/5371/5371
f 5371/5371/5371 4993/4993/4993 4994/4994/4994
f 5371/5371/5371 4994/4994/4994 5372/5372/5372
f 5372/5372/5372 4994/4994/4994 4995/4995/4995
f 5372/5372/5372 4995/4995/4995 5373/5373/5373
f 5373/5373/5373 4995/4995/4995 4996/4996/4996
f 5373/5373/5373 4996/4996/4996 5374/5374/5374
f 5374/5374/5374 4996/4996/4996 4997/4997/4997
f 5374/5374/5374 4997/4997/4997 5375/5375/5375
f 5375/5375/5375 4997/4997/4997 4998/4998/4998
f 5375/5375/5375 4998/4998/4998 5376/5376/5376
f 5376/5376/5376 4998/4998/4998 4999/4999/4999
f 5376/5376/5376 4999/4999/4999 5377/5377/5377
f 5377/5377/5377 4999/4999/4999 5000/5000/5000
f 5377/5377/5377 5000/5000/5000 5378/5378/5378
f 5378/5378/5378 5000/5000/5000 4987/4987/4987
f 5378/5378/5378 4987/4987/4987 5365/5365/5365
